-- MySQL dump 10.13  Distrib 8.0.19, for macos10.15 (x86_64)
--
-- Host: localhost    Database: parque-banque
-- ------------------------------------------------------
-- Server version	8.0.19

/*!40101 SET @OLD_CHARACTER_SET_CLIENT=@@CHARACTER_SET_CLIENT */;
/*!40101 SET @OLD_CHARACTER_SET_RESULTS=@@CHARACTER_SET_RESULTS */;
/*!40101 SET @OLD_COLLATION_CONNECTION=@@COLLATION_CONNECTION */;
/*!50503 SET NAMES utf8 */;
/*!40103 SET @OLD_TIME_ZONE=@@TIME_ZONE */;
/*!40103 SET TIME_ZONE='+00:00' */;
/*!40014 SET @OLD_UNIQUE_CHECKS=@@UNIQUE_CHECKS, UNIQUE_CHECKS=0 */;
/*!40014 SET @OLD_FOREIGN_KEY_CHECKS=@@FOREIGN_KEY_CHECKS, FOREIGN_KEY_CHECKS=0 */;
/*!40101 SET @OLD_SQL_MODE=@@SQL_MODE, SQL_MODE='NO_AUTO_VALUE_ON_ZERO' */;
/*!40111 SET @OLD_SQL_NOTES=@@SQL_NOTES, SQL_NOTES=0 */;

--
-- Table structure for table `address`
--

DROP TABLE IF EXISTS `address`;
/*!40101 SET @saved_cs_client     = @@character_set_client */;
/*!50503 SET character_set_client = utf8mb4 */;
CREATE TABLE `address` (
  `id` int NOT NULL AUTO_INCREMENT,
  `addition` varchar(255) DEFAULT NULL,
  `city` varchar(255) DEFAULT NULL,
  `number` varchar(255) DEFAULT NULL,
  `street` varchar(255) DEFAULT NULL,
  `zip_code` varchar(255) DEFAULT NULL,
  PRIMARY KEY (`id`)
) ENGINE=InnoDB AUTO_INCREMENT=1001 DEFAULT CHARSET=utf8mb4 COLLATE=utf8mb4_0900_ai_ci;
/*!40101 SET character_set_client = @saved_cs_client */;

--
-- Dumping data for table `address`
--

LOCK TABLES `address` WRITE;
/*!40000 ALTER TABLE `address` DISABLE KEYS */;
INSERT INTO `address` VALUES (1,NULL,'Itami','56','Lighthouse Bay','0203\nCH'),(2,NULL,'Tariji','3','Dennis','8181\nTD'),(3,NULL,'El Porvenir','7492','Scott','0478\nWH'),(4,NULL,'Nové Strašecí','49','Wayridge','3644\nTZ'),(5,NULL,'Sukadana','788','Manufacturers','5829\nEW'),(6,NULL,'Yirshi','380','Division','9841\nHI'),(7,NULL,'Marinići','617','Stuart','3856PQ'),(8,NULL,'Grubišno Polje','81','Weeping Birch','5529	VE'),(9,NULL,'Strašice','924','Moulton','1348\nLD'),(10,NULL,'Jiaoyang','6','Oak','0571RE'),(11,NULL,'Lazarevskoye','39888','Commercial','1737CN'),(12,NULL,'Cerme Kidul','41','Sheridan','2276\nDF'),(13,NULL,'Paris 15','9520','Moose','6397	PQ'),(14,NULL,'Al Ḩawātah','4404','Lillian','8525	VF'),(15,NULL,'Kaédi','5369','Saint Paul','6436IK'),(16,NULL,'Idritsa','81107','Packers','2574ZL'),(17,NULL,'Boluo','086','Butternut','6711IF'),(18,NULL,'Gucheng','5007','4th','0138\nSI'),(19,NULL,'Cigenca','5','Spaight','4577	AD'),(20,NULL,'Zhucun','25862','Monterey','8128\nCJ'),(21,NULL,'Timrå','6','Hoepker','7929	DT'),(22,NULL,'Kawasaki','1','Amoth','6465\nPD'),(23,NULL,'Caen','07967','Holmberg','9623FY'),(24,NULL,'Yur’yev-Pol’skiy','84727','Farwell','3955	GL'),(25,NULL,'Toamasina','892','Gale','7858\nGD'),(26,NULL,'Dongchong','0028','Mayer','6883\nHL'),(27,NULL,'Ust’-Abakan','30740','Paget','0792ST'),(28,NULL,'Miandrarivo','98','Hayes','0886\nCY'),(29,NULL,'Dili','0','Homewood','3696BE'),(30,NULL,'Marale','7','Waxwing','9558\nOK'),(31,NULL,'Mafang','1381','Burning Wood','3438\nVX'),(32,NULL,'Accha','24569','Spenser','5309\nVA'),(33,NULL,'Xiangshan','98546','Kenwood','2856\nUN'),(34,NULL,'Bangui','31631','Holy Cross','7364\nDW'),(35,NULL,'Francisco I Madero','27','Northland','3636\nXG'),(36,NULL,'Haarlem','70044','Ramsey','6883\nGX'),(37,NULL,'Fukagawa','687','Declaration','7661XQ'),(38,NULL,'Kitakata','8139','Florence','4307\nXM'),(39,NULL,'Debrecen','0','Fallview','8101FS'),(40,NULL,'Temayang','765','8th','6139\nVG'),(41,NULL,'Guane','9820','Killdeer','8330	KG'),(42,NULL,'El Peñón','75','Doe Crossing','9892RI'),(43,NULL,'Fufang','1945','Blaine','7277\nAI'),(44,NULL,'Tulihe','54828','Veith','0192\nRM'),(45,NULL,'Maubara','654','Hintze','6319FH'),(46,NULL,'Saryözek','95267','Katie','9381GD'),(47,NULL,'Uujim','400','Kinsman','0349	QC'),(48,NULL,'He’an','53','Lunder','7518\nVF'),(49,NULL,'San Antonio','5','Ruskin','4491\nRG'),(50,NULL,'Palmeira','6','Kropf','8440\nRL'),(51,NULL,'Svatava','72','Elgar','1753JW'),(52,NULL,'Saint John’s','19906','Carpenter','6362\nQX'),(53,NULL,'Sorongan','66620','Mariners Cove','0899\nTA'),(54,NULL,'Ngromo','697','Riverside','0921\nAL'),(55,NULL,'Las Minas','553','Talmadge','8049\nKR'),(56,NULL,'Xufu','49','South','3559\nPM'),(57,NULL,'Amper','0784','Artisan','4972\nEA'),(58,NULL,'Bariri','29419','Cordelia','8254ZI'),(59,NULL,'Karangranjong','52','Swallow','5607QZ'),(60,NULL,'São Paio de Seide','40333','Schurz','7713QA'),(61,NULL,'Dacun','8','School','9090\nFN'),(62,NULL,'Raglan','98','Memorial','4873\nON'),(63,NULL,'Velké Němčice','68','Eggendart','1199	JV'),(64,NULL,'Xumu','8','Brickson Park','4014	PC'),(65,NULL,'Coronda','682','Lakewood Gardens','8562\nFD'),(66,NULL,'Podstepki','00','Norway Maple','5131\nJI'),(67,NULL,'Nanggewer','820','Mendota','7765\nCD'),(68,NULL,'Guanchi','347','Darwin','3669QB'),(69,NULL,'Ngoc Hon Doc','11','Sycamore','8745\nZV'),(70,NULL,'Miami','133','Packers','4068	BQ'),(71,NULL,'Al Khāniq','059','Farwell','6080\nXK'),(72,NULL,'Karlskoga','79667','Miller','9203	MQ'),(73,NULL,'Rydułtowy','680','Corscot','7309SL'),(74,NULL,'Talshand','58','David','1261\nWL'),(75,NULL,'Aozou','8317','Bluejay','3897\nVG'),(76,NULL,'Vodnjan','4','Thierer','7834\nBM'),(77,NULL,'Krasnyy Klyuch','485','3rd','6656	RE'),(78,NULL,'Bayt Līd','0','Golf Course','1335\nBS'),(79,NULL,'Ashton','834','Cascade','3682	MK'),(80,NULL,'Tangqian','22173','Ridge Oak','8047	DN'),(81,NULL,'Pigcawayan','2','Holmberg','0922NE'),(82,NULL,'Kufayrit','0315','Monterey','8586\nLC'),(83,NULL,'Saint Pierre','427','Twin Pines','4928VH'),(84,NULL,'Seoam','0077','Thierer','9680	PD'),(85,NULL,'Shuicha','01','4th','2459\nZW'),(86,NULL,'Tianyi','561','Shopko','2025	FG'),(87,NULL,'Dhī Nā‘im','29382','Victoria','6156\nDK'),(88,NULL,'Tbilisskaya','737','Schmedeman','3275SN'),(89,NULL,'Carlos Casares','39','Leroy','4774\nCQ'),(90,NULL,'Ciherang','77','Thackeray','6017	LJ'),(91,NULL,'Banyulegi','6108','Troy','3683BD'),(92,NULL,'Tangga’an','3','Manitowish','3201\nYZ'),(93,NULL,'Ledoy','5','Village Green','1441	DZ'),(94,NULL,'Koropí','15','Riverside','9751	UT'),(95,NULL,'Balesari','53428','Maple Wood','3704\nZB'),(96,NULL,'Melíti','82','Melody','7964	MB'),(97,NULL,'Orlovo','3','Helena','5571	CJ'),(98,NULL,'Bom Jesus da Lapa','43','Leroy','9568\nRP'),(99,NULL,'La Gomera','01','Harbort','4319XR'),(100,NULL,'Minanga Norte','835','Graedel','2892\nDY'),(101,NULL,'Maebashi-shi','88604','Walton','1025AB'),(102,NULL,'Lokatadho','8689','Golf View','2204\nZK'),(103,NULL,'Soi Dao','80','Tennyson','1083\nNI'),(104,NULL,'La Quiaca','444','Susan','6826\nYR'),(105,NULL,'Reims','84086','Laurel','2813\nOG'),(106,NULL,'Kuala Lumpur','3','Northport','5313\nCD'),(107,NULL,'Mpulungu','47','Walton','2138RY'),(108,NULL,'Tanjung','3813','Barnett','7001\nMI'),(109,NULL,'San Rafael','0702','Menomonie','9333	HO'),(110,NULL,'Tsul-Ulaan','77','Jenifer','4877ZL'),(111,NULL,'Rancabugel','33117','Schiller','7867BS'),(112,NULL,'Cotmon','7','Sutteridge','9332\nWK'),(113,NULL,'Osięciny','2','Continental','1398\nRF'),(114,NULL,'Vittel','7','Swallow','2245DV'),(115,NULL,'Cervantes','7','Eastwood','3948\nRC'),(116,NULL,'Leicheng','88817','Mayfield','9873\nEV'),(117,NULL,'Biris Daja','3','Duke','6891	HK'),(118,NULL,'Chillia','35468','Northview','7383	MJ'),(119,NULL,'Kiuteta','14762','Aberg','6663\nZJ'),(120,NULL,'New Leyte','058','Mockingbird','8690	HR'),(121,NULL,'Varginha','44308','Morrow','1933\nJW'),(122,NULL,'Oeoh','98','Esch','5302	CH'),(123,NULL,'Ferrol','65220','Fairview','5761WC'),(124,NULL,'Bilice','65','Pankratz','7234	EU'),(125,NULL,'Pakenjeng','765','Judy','8169	DG'),(126,NULL,'Buliran','68','Bay','7419	OW'),(127,NULL,'Qingquan','3235','Swallow','2983	KH'),(128,NULL,'Oyem','397','Mitchell','1101OC'),(129,NULL,'Babakan','753','Welch','0938\nGK'),(130,NULL,'Nam Sách','129','Cody','0707\nKV'),(131,NULL,'Challans','17','Londonderry','8136\nHM'),(132,NULL,'Aso','479','Westend','7122\nVI'),(133,NULL,'Almada','982','Arapahoe','4782\nIM'),(134,NULL,'Jianghai','01','Vahlen','9471\nIA'),(135,NULL,'Kakan','37','Artisan','6923\nYW'),(136,NULL,'Vsevolozhsk','68762','Kim','7391\nCI'),(137,NULL,'Quintães','4250','Vahlen','0937	UM'),(138,NULL,'Riversdale','18534','Eggendart','0294	RS'),(139,NULL,'Basel','352','Vahlen','5359\nVF'),(140,NULL,'Bagacay','46076','Clarendon','0429\nUS'),(141,NULL,'Samran','8035','Golden Leaf','4888	BU'),(142,NULL,'Jicun','2','Victoria','4353\nDF'),(143,NULL,'Qitan','22245','Truax','1295	LO'),(144,NULL,'Piedra Blanca','9089','Parkside','1036	NS'),(145,NULL,'Guandi','77','Eastwood','2791	GD'),(146,NULL,'H̱olon','659','Goodland','3279	YT'),(147,NULL,'Bulahblangaro','871','American','6914HO'),(148,NULL,'Stockton','91','Harbort','8107\nDI'),(149,NULL,'Loutrós','34','Prentice','0837	MZ'),(150,NULL,'Dumalneg','2','Doe Crossing','5017	NK'),(151,NULL,'Bankim','9','Paget','3983	MP'),(152,NULL,'Yanggu','4','Eastlawn','4098DX'),(153,NULL,'Zoushi','2551','Caliangt','5061GP'),(154,NULL,'5 de Mayo','445','Steensland','3331\nXF'),(155,NULL,'Palcza','528','Sundown','5564	BZ'),(156,NULL,'Vimmerby','3923','Corben','3751ND'),(157,NULL,'Canalete','6','Old Shore','2536\nZI'),(158,NULL,'Santa Rosa de Copán','8554','Onsgard','1393	MG'),(159,NULL,'Télimélé','2833','Thierer','9770\nRZ'),(160,NULL,'Quế Sơn','41','Spohn','6413\nMI'),(161,NULL,'Linpu','70767','Miller','8641	TX'),(162,NULL,'Pita Kotte','143','Shasta','6074	SC'),(163,NULL,'Senggapi','000','Veith','7982\nZK'),(164,NULL,'Alto do Estanqueiro','841','Ludington','4059	RU'),(165,NULL,'Kawangu Satu','9','Village Green','1036	AQ'),(166,NULL,'København','50893','Scott','9359IN'),(167,NULL,'Haljala','53','Kenwood','8196CU'),(168,NULL,'Kyaiklat','7','Chinook','6053\nIH'),(169,NULL,'Gutalac','1','Doe Crossing','5133	OA'),(170,NULL,'Guyam Malaki','9609','Judy','7578DF'),(171,NULL,'Tymoshivka','714','Park Meadow','4251	KL'),(172,NULL,'Kryry','77','Macpherson','2654VZ'),(173,NULL,'Cruzeiro','2','Loomis','9764\nUH'),(174,NULL,'Gandara','01','Magdeline','0041\nSZ'),(175,NULL,'Datartua','76958','Mesta','4507	HD'),(176,NULL,'Enhtal','1','Buena Vista','1040\nXW'),(177,NULL,'Ngudu','25','Annamark','5908	VR'),(178,NULL,'Bilajari','023','Fallview','3800\nKX'),(179,NULL,'Ruoqiang','1345','Pond','8909\nPA'),(180,NULL,'Salvador','8203','Carey','4962\nBV'),(181,NULL,'Luopu','5','Moose','5770	LI'),(182,NULL,'Yangying','16','Alpine','2072QN'),(183,NULL,'Sinegorskiy','77598','Helena','1467\nSQ'),(184,NULL,'Cumedak','5','Mayer','7343\nRU'),(185,NULL,'Umabay','172','Mockingbird','6195	DK'),(186,NULL,'Feričanci','44','Merry','0661VD'),(187,NULL,'Mangaratiba','9421','Anderson','8240\nSR'),(188,NULL,'Debelets','53935','Northland','6239\nSB'),(189,NULL,'Vamvakoú','896','Delaware','1217ZO'),(190,NULL,'Sainte-Geneviève-des-Bois','291','Oxford','5384JW'),(191,NULL,'Massy','04','Boyd','6649KY'),(192,NULL,'Saint-Pierre','59612','Waubesa','2478\nHY'),(193,NULL,'Jenamas','9163','Bayside','4646	UJ'),(194,NULL,'Sofo-Birnin-Gwari','0','Little Fleur','6578	NH'),(195,NULL,'Rychnov nad Kněžnou','6612','Jenna','7591\nIP'),(196,NULL,'Smidary','963','Waubesa','8978OY'),(197,NULL,'Stąporków','76115','Sachs','9629\nZB'),(198,NULL,'San Antonio','55988','Roth','4529\nKD'),(199,NULL,'Philadelphia','54','Rigney','4586	JP'),(200,NULL,'Herrera','51284','Elka','2820HS'),(201,NULL,'Mosjøen','414','Summer Ridge','1709\nVC'),(202,NULL,'Tajerouine','42','Anhalt','1363RT'),(203,NULL,'Mirosławiec','8582','Manley','5171\nIS'),(204,NULL,'Cairo','46194','3rd','5081\nYQ'),(205,NULL,'Dushanbe','0998','Sundown','0073VU'),(206,NULL,'Baiyushan','72','Derek','8690	LT'),(207,NULL,'Praia da Barra','6732','Aberg','4899\nNL'),(208,NULL,'Ban Fang','6','Messerschmidt','5754	SA'),(209,NULL,'Monastir','17692','Larry','9304\nAN'),(210,NULL,'Kluczbork','3','Anzinger','3766\nLZ'),(211,NULL,'Jundian','49','Stuart','4207	YK'),(212,NULL,'Songhae','93','Sunbrook','1913	BO'),(213,NULL,'Lastoursville','73271','Dexter','3783	LZ'),(214,NULL,'Rey','6','Veith','0141\nPS'),(215,NULL,'Trunovskoye','5673','Straubel','9743\nQV'),(216,NULL,'Laventure','74993','Lerdahl','3964HM'),(217,NULL,'Heka','87869','Golf View','2296	YK'),(218,NULL,'Duifang','8741','East','2366KV'),(219,NULL,'Kembangkerang Lauk Timur','5617','Farragut','5815\nBV'),(220,NULL,'Rovira','18','Sycamore','8990	PD'),(221,NULL,'Malie','722','Glendale','5379	EP'),(222,NULL,'Kafr Qūd','6169','Dwight','4693PE'),(223,NULL,'Armação','24','Walton','7980\nMD'),(224,NULL,'Savannah','0854','Pankratz','3071\nAL'),(225,NULL,'Kumane','16','Vahlen','2609\nEJ'),(226,NULL,'Timur','76','Farwell','7005\nPI'),(227,NULL,'Duszniki-Zdrój','591','North','0883VO'),(228,NULL,'Huabu','31','Scofield','9421\nNE'),(229,NULL,'Xazgat','5831','Dorton','7509\nYJ'),(230,NULL,'Damatou','606','Debra','7380	BU'),(231,NULL,'Mangulewa','4','Cherokee','7369\nUZ'),(232,NULL,'Zhigulevsk','556','Bonner','0010\nAI'),(233,NULL,'Dushanbe','27016','Mariners Cove','3955DJ'),(234,NULL,'Emiliano Zapata','94123','Village','8326\nWE'),(235,NULL,'Moscow','22343','8th','9579\nEJ'),(236,NULL,'Lapas','5','Hoffman','5488TW'),(237,NULL,'Paris 16','17','Little Fleur','1779\nMC'),(238,NULL,'Gebre Guracha','86','Clarendon','6774	JO'),(239,NULL,'Atocha','700','Green Ridge','3854\nSD'),(240,NULL,'Viçosa','67116','Veith','0365	FK'),(241,NULL,'Thị Trấn Quảng Uyên','37863','Sullivan','4702\nHM'),(242,NULL,'Haarlem','0286','Cambridge','6278\nEQ'),(243,NULL,'Youkounkoun','031','Summerview','5642QE'),(244,NULL,'Fordon','944','Laurel','5209	TV'),(245,NULL,'Trzcinica','853','Transport','0383	RI'),(246,NULL,'Kyriáki','43','Hauk','1200	IM'),(247,NULL,'La Paz','4','Truax','4199\nQA'),(248,NULL,'Tocoa','029','Browning','8391\nML'),(249,NULL,'Aniva','18','Ridgeway','7341FO'),(250,NULL,'Beaumont','7','Raven','5645\nXI'),(251,NULL,'Yanas','3856','Michigan','8623	GQ'),(252,NULL,'Ash Shaddādah','7840','Amoth','7550\nYF'),(253,NULL,'Zaojiacheng','5707','Oak','9952\nAD'),(254,NULL,'Budva','50','Forest Run','0719\nKS'),(255,NULL,'Bahuang','18','Barnett','8275\nIC'),(256,NULL,'Vagos','07','Union','1566	XD'),(257,NULL,'Banjar Madangan Kaja','01','Straubel','7481\nGL'),(258,NULL,'Ulanov','91','7th','7318	YG'),(259,NULL,'Casal','50841','Weeping Birch','5654\nTE'),(260,NULL,'Temenggungan','4','Hagan','0737MH'),(261,NULL,'Laon','0','Anderson','8687	TC'),(262,NULL,'Sololá','5','Birchwood','9436YU'),(263,NULL,'Al Jamīmah','22055','Kipling','8268ND'),(264,NULL,'Freixo de Numão','951','Mayfield','4836\nIO'),(265,NULL,'Yima','39','Dahle','6100\nAK'),(266,NULL,'Yuecheng','533','Messerschmidt','6440	VQ'),(267,NULL,'Tuban','21','Iowa','9214\nAQ'),(268,NULL,'Cangkreng','8','Arapahoe','3683	YL'),(269,NULL,'Palestina de los Altos','87','Green','7759	KZ'),(270,NULL,'Lumbardhi','6','Sherman','6607	SG'),(271,NULL,'Shibīn al Kawm','2859','Gerald','2546\nGX'),(272,NULL,'Wanling','446','Utah','0951\nXJ'),(273,NULL,'Ryazhsk','6','Sloan','4279GL'),(274,NULL,'Mardīān','05296','Barby','9359GD'),(275,NULL,'Luján de Cuyo','89049','Bunting','9861QV'),(276,NULL,'Libato','19','Fuller','0126\nYO'),(277,NULL,'Buzhakan','4582','Pennsylvania','7402	GZ'),(278,NULL,'Uddevalla','8','Thierer','6882\nYV'),(279,NULL,'Zhouxi','16353','Cordelia','1335\nTM'),(280,NULL,'Payaman','25','Esker','2267\nJU'),(281,NULL,'Dasht-e Archī','1888','Service','2864\nWT'),(282,NULL,'Dashev','630','Katie','6396	LH'),(283,NULL,'Raposos','50557','Meadow Valley','8658\nVZ'),(284,NULL,'Kerva','9389','Fulton','3436DM'),(285,NULL,'Tomari','3','Macpherson','5938	NL'),(286,NULL,'Banho e Carvalhosa','31','Rusk','8095	YL'),(287,NULL,'Zselickislak','72739','Forest Dale','9639	PO'),(288,NULL,'Houk','039','Union','8013UJ'),(289,NULL,'Zhangjiabao','6125','Esch','4086\nAO'),(290,NULL,'Dromiskin','07','Jenna','6963\nCU'),(291,NULL,'Ramat Yishay','06727','Lerdahl','9804	PD'),(292,NULL,'Meiyao','24','Cherokee','8814	PY'),(293,NULL,'Rodez','202','Maywood','4704\nTQ'),(294,NULL,'Zhangye','15276','Manitowish','0316	YI'),(295,NULL,'Tangkeng','27','Sunfield','0919GV'),(296,NULL,'Kauit','3','Warner','1577PX'),(297,NULL,'Nice','782','Sutteridge','1375\nVU'),(298,NULL,'Lingshan','74','Grayhawk','4126HJ'),(299,NULL,'Chimbote','3283','Marquette','7290TD'),(300,NULL,'Runović','0','American Ash','7815	PG'),(301,NULL,'El Porvenir','76','Transport','6901\nJN'),(302,NULL,'Belfast','60287','Pine View','0544\nWL'),(303,NULL,'Tremembé','0340','Chinook','2908\nJF'),(304,NULL,'Petropavlovsk','47','Atwood','4923\nHA'),(305,NULL,'Benito Juarez','7','Gateway','5863\nQV'),(306,NULL,'Rislane','725','Eagle Crest','2340OJ'),(307,NULL,'Shejiang','3108','Pleasure','1953	TZ'),(308,NULL,'Fenshui','9','Harper','9184EK'),(309,NULL,'Abuochiche','900','Kedzie','4437	OC'),(310,NULL,'San Andrés','196','Old Gate','4112	EH'),(311,NULL,'Kýthnos','9905','Moland','1816	KM'),(312,NULL,'Yōkaichiba','55','Fuller','0918DY'),(313,NULL,'Jemielno','8','Hanover','0034\nIY'),(314,NULL,'Nanning','2','Merrick','9316WA'),(315,NULL,'Vista Hermosa','43890','7th','5222\nOQ'),(316,NULL,'Saint-Priest','26371','Dixon','9088SJ'),(317,NULL,'Zhongcheng','46473','Crownhardt','7880\nBO'),(318,NULL,'Rokytnice nad Jizerou','53876','Drewry','8182\nVD'),(319,NULL,'Oslo','4754','Mosinee','5402	GP'),(320,NULL,'Vinces','2515','Badeau','5511\nTW'),(321,NULL,'Jiaohu','549','Arizona','8565\nGV'),(322,NULL,'Morteros','4','Bay','2167\nXK'),(323,NULL,'Botevgrad','2','Dahle','0082\nRB'),(324,NULL,'Cunha','00173','Corry','3110	TQ'),(325,NULL,'Tenggina Daya','6','Hayes','4609	WA'),(326,NULL,'Pīr jo Goth','879','Briar Crest','1330	EG'),(327,NULL,'Bao’an','596','Hoard','1570\nTE'),(328,NULL,'Kiyevskoye','84','Crest Line','1438DB'),(329,NULL,'Dubti','431','Brown','2297\nTC'),(330,NULL,'Barakī Barak','3','Carpenter','1591\nKS'),(331,NULL,'Russkiy','7','Sachs','2272	HM'),(332,NULL,'Koloniya Zastav’ye','99','Thackeray','1344\nGQ'),(333,NULL,'Huaping','92039','Novick','0319	PX'),(334,NULL,'Sumberrejo','18119','Londonderry','4555\nLI'),(335,NULL,'Chengzhong','44','Katie','3557EP'),(336,NULL,'Kostelec nad Černými Lesy','9198','Forster','9593\nXK'),(337,NULL,'‘Ayn al Bayḑā','956','Kim','3398YG'),(338,NULL,'Feondari','987','Village Green','4801\nOQ'),(339,NULL,'Tuanshansi','5','Rieder','5371\nUL'),(340,NULL,'Jiḩānah','62737','Magdeline','4241\nAP'),(341,NULL,'Punsu','81124','Crowley','7311ZK'),(342,NULL,'Mafraq','4615','Lakewood','9171\nPL'),(343,NULL,'Bzou','6030','Swallow','9887IC'),(344,NULL,'Purranque','70','Drewry','2289	NJ'),(345,NULL,'Shōbu','4','Hoffman','7873	LK'),(346,NULL,'Isehara','977','Jenna','6370	WO'),(347,NULL,'Belverde','402','Corscot','9565\nGQ'),(348,NULL,'Jetaral','9135','Maple','1275QC'),(349,NULL,'Valbonë','01','Hollow Ridge','8471\nLE'),(350,NULL,'Jilong','0','Oneill','3590	QJ'),(351,NULL,'Baiyashi','4','Porter','5719RQ'),(352,NULL,'São Martinho de Árvore','88','Little Fleur','0762\nTX'),(353,NULL,'Mazār-e Sharīf','368','Oakridge','4575LB'),(354,NULL,'Balete','641','Ludington','1478	MO'),(355,NULL,'Dazaifu','9','Carioca','7781DB'),(356,NULL,'Aripuanã','06133','Brentwood','0048\nTP'),(357,NULL,'Pinellas Park','354','Rieder','8472TG'),(358,NULL,'Pandian','16','Lunder','6973	SK'),(359,NULL,'Santa Cruz Muluá','971','Carioca','8298VU'),(360,NULL,'New York City','64','Macpherson','4994MP'),(361,NULL,'Sarnów','14500','Dottie','4881\nEL'),(362,NULL,'Dumaguete','172','Myrtle','4735	SC'),(363,NULL,'Tucson','046','Mosinee','5701\nDO'),(364,NULL,'Apopa','9224','Corben','7191LF'),(365,NULL,'Mangunjaya','80531','Harper','0673\nYL'),(366,NULL,'Babakanlapang','71696','Forest Dale','3028\nDR'),(367,NULL,'Thị Trấn Tam Sơn','00','Gulseth','7278	GN'),(368,NULL,'Haguimit','46532','Hagan','1945\nKB'),(369,NULL,'Wilamowice','6200','Crownhardt','5023\nAC'),(370,NULL,'Kukulu','50970','Drewry','9350\nQK'),(371,NULL,'Dongshi','998','Hooker','1690FZ'),(372,NULL,'Yacheng','73315','Loomis','4512	LU'),(373,NULL,'Bua Yai','6','Golf','7557\nBI'),(374,NULL,'Haradok','9471','Jackson','7583\nWZ'),(375,NULL,'Shanhou','599','Lyons','1320\nLJ'),(376,NULL,'Lingyuan','58','Arizona','4218	CY'),(377,NULL,'Leninsk','9','Little Fleur','8633ZM'),(378,NULL,'Dietaisi','14806','Westport','0441BR'),(379,NULL,'Gadon','91885','Lakewood','7606\nUW'),(380,NULL,'Huancheng','6','Graedel','2850OH'),(381,NULL,'Duszniki-Zdrój','8010','Butterfield','1412CE'),(382,NULL,'Puncakbaru','088','Golf Course','3137\nPA'),(383,NULL,'Sumenep','8268','Tennyson','6638\nBT'),(384,NULL,'Nong Khai','88802','Mcbride','2616MH'),(385,NULL,'Ylöjärvi','57','Carberry','1080ZU'),(386,NULL,'Tiel','888','Towne','1581NW'),(387,NULL,'Jishu','051','Eliot','7840\nZQ'),(388,NULL,'Coaticook','9297','Stoughton','8948\nOI'),(389,NULL,'Shuiquan','1567','Towne','5115TF'),(390,NULL,'Yinxi','923','Kingsford','6447WT'),(391,NULL,'Cajueiro','3','Hansons','1400KF'),(392,NULL,'Petaling Jaya','8','Cody','5198\nFM'),(393,NULL,'Chenfangji','974','Merchant','1440	EB'),(394,NULL,'Svorónos','38','Daystar','4564\nCX'),(395,NULL,'Al Qaţīf','73516','Coleman','7079\nTD'),(396,NULL,'Chojnice','86295','Northport','5587\nPU'),(397,NULL,'Lavandeira','65309','Roxbury','3014BU'),(398,NULL,'Yong’an','24','Hanson','6823\nDH'),(399,NULL,'Kalino','1','Kensington','4808\nLJ'),(400,NULL,'Luxi','2961','Jackson','4015\nLP'),(401,NULL,'Lavaltrie','07','Atwood','5930ST'),(402,NULL,'Taihe','612','Fulton','9704\nOX'),(403,NULL,'Ruukki','18871','Union','7903	NQ'),(404,NULL,'Mompach','68','Sauthoff','1117\nIV'),(405,NULL,'Duwayr Raslān','8','Reindahl','1836AL'),(406,NULL,'Boshi','967','Moulton','8226\nBN'),(407,NULL,'Barr','27','Carpenter','2255IA'),(408,NULL,'Kyaka','9559','Saint Paul','9346LR'),(409,NULL,'Lunec','6078','Lerdahl','7468\nOD'),(410,NULL,'Orhon','4','Butternut','9567PV'),(411,NULL,'Huanchaco','21','Bobwhite','1413	XC'),(412,NULL,'Yelan’-Kolenovskiy','2483','Fieldstone','2957GC'),(413,NULL,'La Jutosa','5746','Crescent Oaks','6849UT'),(414,NULL,'Calabugao','3831','South','6643	XO'),(415,NULL,'Kuala Terengganu','64213','Tony','3831	AG'),(416,NULL,'Nanpiao','82948','Maple Wood','0149\nTR'),(417,NULL,'Long Beach','365','Pierstorff','9844	SO'),(418,NULL,'Maayong Tubig','43','Sachs','3775	BR'),(419,NULL,'Zaindainxoi','66418','Oxford','4950\nAB'),(420,NULL,'Springfield','6','8th','1033OR'),(421,NULL,'Frederico Westphalen','984','Bartillon','2044GR'),(422,NULL,'Talisayan','0872','Kipling','6581GJ'),(423,NULL,'Nawal','6161','Rutledge','8051SW'),(424,NULL,'Qarah Bāgh','8516','Corben','8191	HI'),(425,NULL,'Quşrah','3','Sunbrook','4139	HB'),(426,NULL,'Semarang','224','Trailsway','8646RU'),(427,NULL,'Konārak','314','Lukken','4474	BX'),(428,NULL,'Camiri','8398','Sycamore','0416\nQD'),(429,NULL,'Carcassonne','17','Fairfield','8144\nSI'),(430,NULL,'Yuanguping','20','Fieldstone','5438\nVN'),(431,NULL,'Náousa','4978','Tennessee','4187	NT'),(432,NULL,'Agrela','0642','Shoshone','4227\nBN'),(433,NULL,'Qinglin','2277','Laurel','3508\nUX'),(434,NULL,'Hekou','35','Carey','3199XU'),(435,NULL,'Ozurgeti','7','Hovde','8579\nMS'),(436,NULL,'Lekaj','18820','South','2742\nRV'),(437,NULL,'Kompóti','36187','Mitchell','6203\nLM'),(438,NULL,'Malapaubhara','3','Hanson','6970\nMZ'),(439,NULL,'Champigny-sur-Marne','220','Saint Paul','1786CT'),(440,NULL,'Konongo','15825','Myrtle','2359\nNK'),(441,NULL,'Khān Arnabah','4','Northport','8240PB'),(442,NULL,'Teupasenti','6986','Morning','8183JU'),(443,NULL,'Santa Lucia','037','Straubel','6500	CV'),(444,NULL,'Seremban','656','Carioca','8310FU'),(445,NULL,'Ubonratana','94783','Clove','0908\nGE'),(446,NULL,'Philipsburg','2','Killdeer','1159HG'),(447,NULL,'Plaza de Caisán','00106','Fieldstone','1634	JD'),(448,NULL,'Karanganyar','65132','Continental','5700\nKZ'),(449,NULL,'Malkā','7','Blue Bill Park','5427HY'),(450,NULL,'Ndungu','4','Artisan','1132VN'),(451,NULL,'Shixian','06030','Hooker','8090	MV'),(452,NULL,'Skoroszyce','8204','Pierstorff','4801\nWT'),(453,NULL,'Vojkovice','4813','Portage','8456\nNZ'),(454,NULL,'København','84924','Duke','0578FC'),(455,NULL,'Rizal','43476','Grim','2951RD'),(456,NULL,'Kronoby','245','Mallard','8936\nRP'),(457,NULL,'Baturinggit Kaja','6360','Washington','2639HZ'),(458,NULL,'Novodvinsk','4','Montana','9678JR'),(459,NULL,'Lephalale','7','Garrison','7836\nVJ'),(460,NULL,'Metsavan','6','Anniversary','1924\nUW'),(461,NULL,'Bandhagen','52525','Beilfuss','0707	UL'),(462,NULL,'Huayan','39','Green Ridge','9177	AT'),(463,NULL,'Ilha Solteira','5531','Kinsman','4640CL'),(464,NULL,'Xinwu','81382','Merry','1147	KZ'),(465,NULL,'Zhaocun','691','Commercial','3641CT'),(466,NULL,'Toukh','776','Merrick','0452\nTN'),(467,NULL,'Macapá','23','Iowa','5517\nVH'),(468,NULL,'Longtanhe','6427','Tennessee','6392\nHQ'),(469,NULL,'Lillooet','691','American Ash','3479SJ'),(470,NULL,'Okpoga','643','Marquette','6082\nGZ'),(471,NULL,'Dalubian','7','Johnson','7230\nRK'),(472,NULL,'Cibalieur','6477','Coleman','9205\nNE'),(473,NULL,'Aguiar da Beira','776','Debs','9985\nKQ'),(474,NULL,'Chinju','47','Scott','9420DP'),(475,NULL,'Margen','88611','Amoth','6259\nTV'),(476,NULL,'Jāsim','6787','Loomis','8549	JQ'),(477,NULL,'Buffalo','58297','Hanson','0365QY'),(478,NULL,'Swan Hills','08641','Anhalt','1839\nFE'),(479,NULL,'Shamakhi','676','John Wall','0046\nPG'),(480,NULL,'Paraty','2421','Hoffman','2070\nMV'),(481,NULL,'Myitkyina','70','Pierstorff','3279GX'),(482,NULL,'Le Havre','8','Weeping Birch','7443	FZ'),(483,NULL,'Paris 07','8815','Hallows','6986GI'),(484,NULL,'Qiangqinxue','10399','Village','3468RV'),(485,NULL,'Malikisi','80','Spaight','4058\nZU'),(486,NULL,'Kota Bharu','94514','4th','2553NJ'),(487,NULL,'Maranganí','468','Redwing','4635\nVC'),(488,NULL,'Nivnice','23','Knutson','4706\nKF'),(489,NULL,'Rizómilos','8494','Farwell','6861\nIE'),(490,NULL,'Sukhinichi','6','Loftsgordon','5397\nYX'),(491,NULL,'Kočevje','0725','Macpherson','7721	FV'),(492,NULL,'Batulawang','64','Longview','9497ZG'),(493,NULL,'Hachiōji','507','Veith','0424OX'),(494,NULL,'Satovcha','00','Rutledge','0041RD'),(495,NULL,'Calibutbut','70','Lyons','3353	DV'),(496,NULL,'Nanping','1','Fisk','9305\nFU'),(497,NULL,'Tupiza','12','Coleman','2440\nAY'),(498,NULL,'Velikooktyabr’skiy','972','Gina','4590\nZR'),(499,NULL,'Fonte do Feto','4326','Packers','8426YP'),(500,NULL,'Paso de Carrasco','58983','Superior','2783\nGJ'),(501,NULL,'Eleftheroúpolis','7289','Hanson','4137LF'),(502,NULL,'Sahnaiya','007','Main','7712	CX'),(503,NULL,'Cikananga','3273','Everett','3987EY'),(504,NULL,'Tallkalakh','38','Sommers','1574\nWV'),(505,NULL,'Odivelas','823','Rusk','9936\nAZ'),(506,NULL,'Oborniki Śląskie','728','Iowa','5521\nXC'),(507,NULL,'Hồ Xá','6','Heffernan','7108ZO'),(508,NULL,'Aipe','52','Bobwhite','1520\nJL'),(509,NULL,'A dos Negros','25','Maryland','7617JT'),(510,NULL,'Białaczów','7851','Sutherland','8634	YO'),(511,NULL,'Zhicheng','91','Kipling','6329	GX'),(512,NULL,'Conel','00745','Esch','1498\nAQ'),(513,NULL,'Tanggan','3','Mesta','7096LE'),(514,NULL,'Itaboraí','1169','Charing Cross','8322TV'),(515,NULL,'Qijiang','2','5th','2076RN'),(516,NULL,'Dongle','4','Namekagon','4017	WR'),(517,NULL,'Ajaccio','6','Maryland','6138\nZH'),(518,NULL,'Nangakeo','2','Larry','6721BO'),(519,NULL,'Fengren','819','Magdeline','5732QR'),(520,NULL,'Lailunggi','3619','Bonner','4004JA'),(521,NULL,'Stockholm','6','Birchwood','1758\nKS'),(522,NULL,'Bordeaux','82','Becker','8482IM'),(523,NULL,'Guchang','263','Johnson','8823\nVL'),(524,NULL,'Magersari','664','Dunning','3360	KT'),(525,NULL,'Fordon','51803','Homewood','2610QY'),(526,NULL,'Bastia','84','International','2429\nZS'),(527,NULL,'Helmsange','9','Walton','4995\nMQ'),(528,NULL,'Vénissieux','583','Hooker','2275\nZV'),(529,NULL,'Nagaracinta','46','Ruskin','3602\nNJ'),(530,NULL,'Reshui','11388','Blue Bill Park','6991	VN'),(531,NULL,'Qarāwat Banī Zayd','6336','Dexter','4350\nVX'),(532,NULL,'Mourelos','605','Monterey','4447SC'),(533,NULL,'Oslo','07','Cambridge','6426	RX'),(534,NULL,'Tacoma','8','Erie','5436	NF'),(535,NULL,'Dolní Černilov','15','Emmet','3858\nMY'),(536,NULL,'Novyy Oskol','14206','Manitowish','2309\nAJ'),(537,NULL,'Ma’an','1932','Nova','2606	SQ'),(538,NULL,'Kertahayu','896','Summer Ridge','5890OD'),(539,NULL,'Mencon','9980','Raven','7991\nYC'),(540,NULL,'Colares','7754','North','3171\nKJ'),(541,NULL,'Dongguan','70','Arizona','2096	NP'),(542,NULL,'Cikondang','17290','Dennis','6122\nIX'),(543,NULL,'Huaccana','629','Barnett','5429\nKG'),(544,NULL,'Khrystynivka','9','Kinsman','7878\nCZ'),(545,NULL,'Montgomery','557','Sullivan','6458SV'),(546,NULL,'Lafayette','37249','West','1805\nYP'),(547,NULL,'Insua','9009','7th','3430	BJ'),(548,NULL,'San Carlos','6','Morning','3882\nTI'),(549,NULL,'Vidoši','911','Stone Corner','6670CU'),(550,NULL,'Manzë','95','Butterfield','6336\nIP'),(551,NULL,'Ruteng','62','Union','7305	IB'),(552,NULL,'Ciudad Bolívar','54670','Kropf','3627	ZO'),(553,NULL,'Montilla','149','Summerview','2580PS'),(554,NULL,'Yunzhong','114','Pawling','1051GC'),(555,NULL,'Zdounky','19','Farragut','6515SF'),(556,NULL,'Talitsy','363','Kennedy','9669\nTI'),(557,NULL,'Ruen','63285','Bobwhite','9625	BK'),(558,NULL,'Krouna','0','Summit','8927HG'),(559,NULL,'Jagdaqi','97','Rieder','2551	VI'),(560,NULL,'Shuanglong','4','Fairview','6311AE'),(561,NULL,'Caicun','69','Lerdahl','0604	VB'),(562,NULL,'Governor’s Harbour','27187','Hansons','4917	NL'),(563,NULL,'Mojo','6','Browning','2582\nYV'),(564,NULL,'Baimaqiao','7','Pond','9243\nPD'),(565,NULL,'Parabcan','35922','Gale','3261\nYK'),(566,NULL,'Kauhan','01','Carioca','1155\nNC'),(567,NULL,'Labrador','98','Carioca','8030\nZS'),(568,NULL,'Puqian','561','Porter','5893\nJO'),(569,NULL,'Birmingham','4076','Sundown','4536DY'),(570,NULL,'Kongsvinger','45','Clyde Gallagher','4112	AT'),(571,NULL,'Tramandaí','965','Lakeland','4020\nKE'),(572,NULL,'Juan Adrián','31521','International','1242RN'),(573,NULL,'Krapyak Kidul','57822','Spenser','2083TJ'),(574,NULL,'Koszarawa','81861','North','1636	OW'),(575,NULL,'Ghazni','08','Buhler','7278AT'),(576,NULL,'El Chol','66','Schurz','5126\nXC'),(577,NULL,'Tasīl','61','Elgar','2999	EU'),(578,NULL,'Aromashevo','14','Rutledge','1838	GQ'),(579,NULL,'Jingxi','0474','Ridgeview','0673\nXT'),(580,NULL,'Essen','907','Lindbergh','0473	MK'),(581,NULL,'Moijabana','4726','Thompson','6827\nMJ'),(582,NULL,'Rocky Mountain House','906','Comanche','6836\nFE'),(583,NULL,'Palla','939','Elgar','8619\nUN'),(584,NULL,'Idalolong','8479','Stoughton','9815	CY'),(585,NULL,'Huacho','57','Sugar','6303\nCU'),(586,NULL,'Ganhe','88','La Follette','6831TU'),(587,NULL,'Erhe','5','Thierer','6922\nKH'),(588,NULL,'Saint Paul','2444','Lakeland','5693\nEW'),(589,NULL,'Cangyou','007','Cody','8366SC'),(590,NULL,'San Bernardino','143','Lyons','1036	CZ'),(591,NULL,'Denpasar','44','Green','3633HG'),(592,NULL,'Uvira','98907','Vidon','0383QJ'),(593,NULL,'Wólka Pełkińska','12','3rd','6948	SQ'),(594,NULL,'Dayr Sāmit','3635','Alpine','3822\nNL'),(595,NULL,'Vällingby','840','Lyons','4322\nWF'),(596,NULL,'Neiva','4','Vermont','3751\nED'),(597,NULL,'Huyuan','91','Dennis','1290\nWT'),(598,NULL,'Mentoro Wetan','828','Kim','9194\nSF'),(599,NULL,'Nyeri','6543','Kingsford','9075	AD'),(600,NULL,'Shāhpur Chākar','6','Arkansas','4085RS'),(601,NULL,'Jieheshi','9','Reinke','6007\nHD'),(602,NULL,'Paris 10','5','Onsgard','1793\nQC'),(603,NULL,'Orito','66358','Parkside','4652\nEF'),(604,NULL,'Antigonish','2','Merry','5793\nLH'),(605,NULL,'Ichinoseki','49508','Brickson Park','0258JM'),(606,NULL,'Caomiao','795','Dixon','8190	MI'),(607,NULL,'Jiangbu','5','Summerview','5091\nIH'),(608,NULL,'Gaoleshan','4576','Bunting','1812\nEC'),(609,NULL,'Manta','4471','Bayside','0726	HE'),(610,NULL,'San Jose Village','82050','Karstens','1218\nLH'),(611,NULL,'Bašaid','7','Northland','2827	ZK'),(612,NULL,'Kolondiéba','573','Fairview','9268\nKW'),(613,NULL,'Alkmaar','86','Gateway','0991	NU'),(614,NULL,'Kajisara','0627','Loftsgordon','6424\nHY'),(615,NULL,'Strängnäs','14','Dixon','0537\nAL'),(616,NULL,'Tongjiang','23268','Grasskamp','6320GY'),(617,NULL,'Tagnanan','01170','International','9293LH'),(618,NULL,'Kallithéa','42026','Dryden','0410	CG'),(619,NULL,'Purwodadi','252','Garrison','4199KB'),(620,NULL,'Shihuiqiao','8798','Sugar','4277\nUA'),(621,NULL,'Xiaoyue','742','Main','7235NR'),(622,NULL,'Jelcz','6','Green','7255	AB'),(623,NULL,'Baoyang','08132','Harbort','2344	JA'),(624,NULL,'Qaryūt','723','Spaight','9500TV'),(625,NULL,'Abbeville','2','Crownhardt','0535\nVK'),(626,NULL,'Guacamaya','7','Scott','9741\nKM'),(627,NULL,'Xinchengzi','97648','Oxford','2538\nDS'),(628,NULL,'Bella Vista','8','Anderson','7050	OG'),(629,NULL,'Arai','0747','Fulton','2651\nFR'),(630,NULL,'Centre de Flacq','76','American','7965	QM'),(631,NULL,'Babakan','90261','Vermont','6329	MD'),(632,NULL,'Mosina','62','South','1347\nVQ'),(633,NULL,'Huaiyuan Chengguanzhen','525','Hintze','4311\nJO'),(634,NULL,'Noupoort','58982','Melvin','9039\nTM'),(635,NULL,'Standerton','32835','Schurz','9390	AE'),(636,NULL,'Bang Lamung','39021','Clyde Gallagher','2803\nTN'),(637,NULL,'Vlasenica','15','Pawling','7304	NV'),(638,NULL,'Liuxiang','56','Jenna','5169PA'),(639,NULL,'Miami','398','Arrowood','4171\nTJ'),(640,NULL,'Qīrah','18285','Debra','4174CA'),(641,NULL,'Gandi','86','Magdeline','6358\nYW'),(642,NULL,'Hamakita','0','Holmberg','2476\nDI'),(643,NULL,'Derviçian','688','Dawn','2214\nAN'),(644,NULL,'Fram','07839','American','8837\nHX'),(645,NULL,'San Luis','396','Bartillon','4030	VW'),(646,NULL,'Xinxing','52','Marcy','9921\nFK'),(647,NULL,'Nelas','0503','Nancy','1689\nLV'),(648,NULL,'Krajan Pundungsari','9','Fuller','7263\nJL'),(649,NULL,'Sundbyberg','2','Hansons','2843VD'),(650,NULL,'Vitina','2','Luster','4794IS'),(651,NULL,'Poli','3','Vernon','7854\nKF'),(652,NULL,'Shirokaya Rechka','333','Florence','0650	LJ'),(653,NULL,'Aygek','98519','Caliangt','0407GV'),(654,NULL,'Los Angeles','566','Debs','1691	BA'),(655,NULL,'Sunduk','46586','Linden','2193\nAR'),(656,NULL,'Bulacnin','79','Dayton','1809LO'),(657,NULL,'Kamloops','645','Gina','8374\nYB'),(658,NULL,'Cholpon-Ata','3816','Barby','3504\nDF'),(659,NULL,'Ágios Pétros','54','Farragut','6347	SC'),(660,NULL,'Grenoble','73990','Sugar','2196JX'),(661,NULL,'Klyuchi','6536','Rieder','1443\nOB'),(662,NULL,'Krasnaya Polyana','4987','Clyde Gallagher','1977\nIX'),(663,NULL,'Pajannangger','46209','Knutson','1627	ZV'),(664,NULL,'Salerno','5980','Chive','7871\nVK'),(665,NULL,'Oeoh','03890','Mayer','8709\nOU'),(666,NULL,'Monte do Outeiro','8891','Londonderry','1300\nFC'),(667,NULL,'Vysehrad','416','Stoughton','1501\nMI'),(668,NULL,'Kraśnik','1','Sunfield','4988\nUZ'),(669,NULL,'Lidečko','6875','Kenwood','2667RZ'),(670,NULL,'Villa Lugano','2321','Artisan','5718\nCE'),(671,NULL,'Bedford','6070','Fairfield','5540\nYH'),(672,NULL,'Grand Rapids','8931','Old Shore','3746	RV'),(673,NULL,'Wuxing','1191','Dorton','2226\nLI'),(674,NULL,'Kunheda Woerzu Manzu','258','Daystar','8996\nSP'),(675,NULL,'Hörby','3088','Monica','6289\nAU'),(676,NULL,'Tostado','2269','Lunder','1795\nXG'),(677,NULL,'Spasskoye-Lutovinovo','68562','Eagle Crest','5280\nCA'),(678,NULL,'Shaoyang','3','Thompson','3424KX'),(679,NULL,'Noebesa','5','Straubel','2173	HC'),(680,NULL,'Datong','5','Sommers','6954	FV'),(681,NULL,'Guruyan','638','Laurel','0033\nRZ'),(682,NULL,'Vose’','13028','Northview','9852\nKJ'),(683,NULL,'Vitina','5281','Garrison','7806\nSV'),(684,NULL,'Caxambu','80400','Ohio','3326\nVK'),(685,NULL,'Chengui','09','Carioca','3075\nRY'),(686,NULL,'Dukou','99895','Thierer','2363\nJP'),(687,NULL,'Fulu','660','Petterle','3618\nWV'),(688,NULL,'Cabeçudos','72776','Shopko','8317\nWN'),(689,NULL,'Awayan','1','Anthes','1178	JG'),(690,NULL,'Sukatani','4','Nova','2739\nBQ'),(691,NULL,'Philadelphia','9','Londonderry','8103	YA'),(692,NULL,'Dipayal','18','Dawn','4611	DC'),(693,NULL,'San Pedro Necta','71','Larry','2163\nHS'),(694,NULL,'Comillas Norte','8','Hanson','6988	NQ'),(695,NULL,'Xiangfu','5692','Golden Leaf','8454\nGT'),(696,NULL,'Trelleborg','90','Westridge','4280	IO'),(697,NULL,'Mangochi','85090','Montana','1783\nNX'),(698,NULL,'Wanli','08','Harper','6720DX'),(699,NULL,'Kambatatamakawu','33343','Mayfield','3304	BG'),(700,NULL,'Jinluo','895','Lunder','9523\nZK'),(701,NULL,'Bahāwalnagar','24241','Corry','9662MK'),(702,NULL,'Baligród','3','Barby','6691\nSX'),(703,NULL,'Magsaysay','2238','Everett','7831\nJI'),(704,NULL,'Synevyr','11','Johnson','0116\nQS'),(705,NULL,'Tajike’abati','8155','1st','2093	UB'),(706,NULL,'Zavety Il’icha','5','Pine View','9169	QJ'),(707,NULL,'Ramat HaSharon','611','Bonner','8711\nSA'),(708,NULL,'Sampao','5','Dapin','0159\nSH'),(709,NULL,'Sunampe','3069','Jay','8297	XR'),(710,NULL,'RMI Capitol','36137','Golf Course','9061QP'),(711,NULL,'Llazicë','61','Clove','7750VP'),(712,NULL,'Lutian','91','Arizona','3228\nYS'),(713,NULL,'Paraíba do Sul','8337','Graceland','9992\nDA'),(714,NULL,'Kouqian','4','Roth','9897\nZU'),(715,NULL,'Masuda','6','Mcbride','4673\nGL'),(716,NULL,'Vaiņode','42914','Comanche','0816	JA'),(717,NULL,'Moyynkum','86','Nobel','0945\nEQ'),(718,NULL,'Ozëry','4','Dorton','8466	SW'),(719,NULL,'Ilha de Moçambique','2574','Gateway','8692	GU'),(720,NULL,'Jinping','12896','Onsgard','8535\nVS'),(721,NULL,'Banepa','5185','Farwell','8925\nDQ'),(722,NULL,'Sérvia','288','Springs','5810	YV'),(723,NULL,'Igboho','0','Montana','4931\nOD'),(724,NULL,'Heshang','80','Troy','7674\nDF'),(725,NULL,'Bohus','1621','Mitchell','7134	WF'),(726,NULL,'Yeysk','51','Browning','4776	KT'),(727,NULL,'Gällivare','57621','Marcy','6935\nXE'),(728,NULL,'Kemang','7563','3rd','6397\nPJ'),(729,NULL,'Castainço','6468','Sycamore','7718DV'),(730,NULL,'Yamoto','7520','Hooker','4559JL'),(731,NULL,'Khemisset','0190','Monument','4412	CK'),(732,NULL,'Xianlin','28370','Jackson','4564GC'),(733,NULL,'Jiangchi','5441','American','0740	VA'),(734,NULL,'Agrela','5884','Lindbergh','6709\nEI'),(735,NULL,'Carromeu','42464','Memorial','3011	GH'),(736,NULL,'San Rafael Abajo','51678','Morningstar','0116	YJ'),(737,NULL,'Berezne','1','Sundown','1213\nES'),(738,NULL,'Krasnoye','184','Trailsway','7163ZR'),(739,NULL,'Boliney','645','Ryan','4551WI'),(740,NULL,'Raoyang','0810','Sunbrook','3469VR'),(741,NULL,'El Hamma','652','Hooker','5437\nRS'),(742,NULL,'Terawas','40','American Ash','4030\nVH'),(743,NULL,'Pampa Hermosa','1999','Claremont','0677	WK'),(744,NULL,'Kendalrejo','976','Manufacturers','6314\nSE'),(745,NULL,'Bayan','7','Forest','7373\nJW'),(746,NULL,'Sophia Antipolis','42','Bay','8540\nDP'),(747,NULL,'Jiangyou','36343','Superior','0161ZW'),(748,NULL,'Santo Rosario','0','Jackson','3486ZI'),(749,NULL,'Cruzeiro do Sul','17524','Grayhawk','5370QW'),(750,NULL,'Terra Chã','97078','Darwin','7429\nCP'),(751,NULL,'Padova','1','Calypso','4818\nDZ'),(752,NULL,'Huaihua','22259','Red Cloud','6335	OP'),(753,NULL,'Ipiaú','288','Lerdahl','1739	SH'),(754,NULL,'Non Sang','02','Maple','4596ML'),(755,NULL,'Dusun Desa Bunter','226','Hermina','5986	VM'),(756,NULL,'Savski Venac','2970','School','9705\nDT'),(757,NULL,'Waddān','193','Brown','0439\nDI'),(758,NULL,'Bagratashen','242','Delladonna','1046\nYV'),(759,NULL,'Paquera','16139','Loeprich','0366	RB'),(760,NULL,'Igbor','850','High Crossing','5476XV'),(761,NULL,'Jandayan','9','Magdeline','0308\nDZ'),(762,NULL,'Lomé','44869','Vera','1536NU'),(763,NULL,'Dalovice','26280','Merchant','2143EJ'),(764,NULL,'Choisy-le-Roi','730','Russell','8422YA'),(765,NULL,'Gobō','08407','Comanche','8511ZK'),(766,NULL,'Jiangyan','87','Everett','3312AN'),(767,NULL,'Gamagōri','0620','Algoma','2724\nLG'),(768,NULL,'Nansha','96','Golf Course','2002OL'),(769,NULL,'Nagasaki-shi','69081','Oneill','7411BT'),(770,NULL,'Yuwan','67','Straubel','8052NP'),(771,NULL,'Noen Maprang','5295','Clemons','2839\nIX'),(772,NULL,'Limeiras','11107','Sutteridge','3897UL'),(773,NULL,'Dežanovac','32','South','6823\nSN'),(774,NULL,'Canga’an','44','Stuart','0509\nFH'),(775,NULL,'Rymättylä','607','Kensington','0454WA'),(776,NULL,'Sakassou','90768','Vera','2866\nWK'),(777,NULL,'Tougan','617','Beilfuss','5572	KX'),(778,NULL,'Barvinkove','28720','Weeping Birch','6367	FW'),(779,NULL,'Langue','7482','Norway Maple','8704\nCN'),(780,NULL,'Babakan Baru','8','Glacier Hill','1847	XG'),(781,NULL,'Ituiutaba','683','Brentwood','6826\nWE'),(782,NULL,'Guifões','55','Melody','5691	ID'),(783,NULL,'Ngelak','6875','Dayton','8496\nWS'),(784,NULL,'Pećigrad','532','Hermina','1674	XY'),(785,NULL,'Vulcan','238','Colorado','9626\nBD'),(786,NULL,'Yilkiqi','89','Dakota','0250BG'),(787,NULL,'Bin’an','4','Walton','0977\nNU'),(788,NULL,'Höganäs','256','Schiller','4428AH'),(789,NULL,'Risaralda','0906','Sullivan','8523	QM'),(790,NULL,'Trbovlje','88083','Debra','8011KR'),(791,NULL,'Toumodi','42','Washington','7337\nSR'),(792,NULL,'Oslomej','83455','Canary','2630\nSJ'),(793,NULL,'Caen','185','Forest Dale','2987\nXA'),(794,NULL,'Kiaranonggeng','4','Cambridge','8252	RH'),(795,NULL,'Goúrnes','20','Prairie Rose','6468\nRA'),(796,NULL,'Beselga','03','Sommers','6822\nJH'),(797,NULL,'Miaoxi','7','Armistice','0276\nAT'),(798,NULL,'Xiaopu','5386','Pennsylvania','0865	FT'),(799,NULL,'La Troncal','0684','Montana','4989\nHV'),(800,NULL,'El Congo','42','Commercial','2496VJ'),(801,NULL,'Zbąszyń','52','Rowland','2725MJ'),(802,NULL,'San Juan de Mata','6790','Michigan','9633\nQY'),(803,NULL,'Stari Grad','78','Schmedeman','5649FS'),(804,NULL,'Adelaide Mail Centre','37465','Larry','4821\nDR'),(805,NULL,'Lyon','1','Sullivan','9658	BY'),(806,NULL,'Molteno','62953','Havey','1831\nCY'),(807,NULL,'Sūq Sibāḩ','0','Arrowood','3086\nBA'),(808,NULL,'‘Ubāl','44','Fieldstone','7430\nHA'),(809,NULL,'Bandong','9','Manitowish','9671\nLX'),(810,NULL,'Krasnotorka','820','Ridgeview','5164	PJ'),(811,NULL,'Pirapora','91','Messerschmidt','6888	PS'),(812,NULL,'Sáchica','17','Jana','7794\nZO'),(813,NULL,'Lajeosa','96','Merrick','5578\nQL'),(814,NULL,'Moate','71293','Blackbird','9168\nLC'),(815,NULL,'Santa Venera','90899','Magdeline','4403	DS'),(816,NULL,'Akaki','7','Cody','1772	PV'),(817,NULL,'Mentougou','207','Cherokee','8591JC'),(818,NULL,'Florida','6','Paget','9287KF'),(819,NULL,'Tyrawa Wołoska','8974','Oak','8430FK'),(820,NULL,'Gushikawa','77','Tennessee','3233	ZH'),(821,NULL,'Krasnokamsk','1','8th','5354MJ'),(822,NULL,'Tembeling','7391','Holy Cross','9742\nRW'),(823,NULL,'Danyang','33','Bunker Hill','9616\nNV'),(824,NULL,'Jiangqiao','5','Sutteridge','9005\nUP'),(825,NULL,'Shah Alam','5393','Carioca','2069\nWR'),(826,NULL,'Providencia','1860','Brown','4920\nFR'),(827,NULL,'As Saffānīyah','0','Morning','3133\nHG'),(828,NULL,'Arapuey','6636','Vahlen','9070GX'),(829,NULL,'København','411','Graedel','8218\nMX'),(830,NULL,'Khal’ch','2748','Kim','3143\nFJ'),(831,NULL,'Walakeri','3','Corben','0627	GL'),(832,NULL,'Brades','77869','Cordelia','9500	SV'),(833,NULL,'Dongwan','336','Old Shore','0624	XL'),(834,NULL,'Rrasa e Sipërme','41','Golden Leaf','5379	XI'),(835,NULL,'Novokayakent','75','Doe Crossing','8925\nBR'),(836,NULL,'Cabodiongan','945','Golf Course','0847	VJ'),(837,NULL,'Xinxikou','45714','Dorton','7371\nSO'),(838,NULL,'Qiligang','69565','Lien','6460VF'),(839,NULL,'Mönsterås','998','Arapahoe','6236\nTO'),(840,NULL,'Asbestos','6622','Goodland','7356\nRJ'),(841,NULL,'Beni','875','Colorado','1563\nNH'),(842,NULL,'Rossosh’','6018','Kim','6331	WL'),(843,NULL,'Lady Grey','6','Dunning','8715	QA'),(844,NULL,'Gaigeturi','32913','Bowman','7351XZ'),(845,NULL,'Huixing','688','Loftsgordon','4613\nPN'),(846,NULL,'Ḩātim','245','Golf Course','9404	FY'),(847,NULL,'Agdangan','06796','Nancy','3974\nMX'),(848,NULL,'Czchów','16041','Sunbrook','7452	LG'),(849,NULL,'Koror','6','Buell','6379\nNU'),(850,NULL,'Paris La Défense','68','Esch','4621\nVT'),(851,NULL,'Ylihärmä','4341','Surrey','5166\nEF'),(852,NULL,'Toyokawa','29217','Buell','0881\nZQ'),(853,NULL,'Suvorov','437','Menomonie','5991	LO'),(854,NULL,'Rust’avi','13','Vera','7818	QL'),(855,NULL,'Wujiayao','22','Northport','5419\nWV'),(856,NULL,'Nowa Sól','9440','Aberg','3607	IJ'),(857,NULL,'Charneca da Cotovia','99','Sycamore','8220	KQ'),(858,NULL,'Aminga','736','Fairview','0816	CG'),(859,NULL,'Baoyou','6564','Reinke','1244	HM'),(860,NULL,'Kalino','9','Thompson','0852\nFV'),(861,NULL,'Stavropol’','3','Heffernan','3782ZL'),(862,NULL,'Liudaogou','76','Ruskin','8441\nGA'),(863,NULL,'Paris La Défense','3','Anderson','5123	JL'),(864,NULL,'Ponta da Garça','554','Dennis','1046MW'),(865,NULL,'Patrocínio','5963','Goodland','9278\nJB'),(866,NULL,'Manjing','79245','Holy Cross','8623	HF'),(867,NULL,'Spanish Town','735','Rigney','3421	RD'),(868,NULL,'Tambaksari','82057','Lindbergh','0978\nQK'),(869,NULL,'28 de Noviembre','25725','Lunder','8923\nNQ'),(870,NULL,'Lubrza','86478','Crest Line','0874	GO'),(871,NULL,'Santos Evos','84379','Lien','2777AK'),(872,NULL,'Cijayana','96','Comanche','8370AH'),(873,NULL,'Taizhou','39','Victoria','9469\nGO'),(874,NULL,'Hedong','51','Cambridge','3302YZ'),(875,NULL,'Kwaluseni','22121','Talisman','6956\nTK'),(876,NULL,'Pamatang','8','Red Cloud','3653	JX'),(877,NULL,'Tumpang Satu','611','Crowley','7836HM'),(878,NULL,'Al Munīrah','64','Dawn','4539\nMN'),(879,NULL,'Ipoh','07','Warrior','2382\nRL'),(880,NULL,'Garanhuns','256','3rd','8709ZO'),(881,NULL,'Porsgrunn','5976','Beilfuss','7010	QU'),(882,NULL,'Mendenrejo','9809','Crownhardt','1105	GC'),(883,NULL,'Lenger','48','Morning','8197\nIJ'),(884,NULL,'Lopez Jaena','01','Lien','5365\nHU'),(885,NULL,'Sośnicowice','91','Clemons','2755\nQE'),(886,NULL,'Khinjān','04','Cherokee','2156	BL'),(887,NULL,'Gaoqiao','520','Nova','4192\nMF'),(888,NULL,'North Little Rock','07240','Darwin','5171\nIX'),(889,NULL,'Gŭlŭbovo','86','Delladonna','0805\nSW'),(890,NULL,'Wa’eryi','507','Magdeline','9846\nKL'),(891,NULL,'Palhais','033','Ronald Regan','1318XN'),(892,NULL,'Shibushi','1','Mosinee','9312\nOE'),(893,NULL,'Alibunan','0','Eliot','6380\nWA'),(894,NULL,'Heshan','0394','Green Ridge','6452GM'),(895,NULL,'Ryki','07155','La Follette','8321	QR'),(896,NULL,'Xin’an','43327','Nobel','2759\nNW'),(897,NULL,'Taokeng','861','Sullivan','4396\nXF'),(898,NULL,'Obolo-Eke (1)','1','Sunnyside','1209	XC'),(899,NULL,'Svalyava','7251','Mayer','0586\nES'),(900,NULL,'Ko Chan','8332','Cottonwood','3938	KT'),(901,NULL,'Saniwonorejo','9005','Eagle Crest','0062PN'),(902,NULL,'Ibaté','79189','Schlimgen','3009\nUJ'),(903,NULL,'Montenegro','90','Arkansas','7378\nEP'),(904,NULL,'Changleng','90134','Petterle','5401\nZI'),(905,NULL,'Żychlin','829','Arkansas','2919LJ'),(906,NULL,'Acaraú','84245','Macpherson','0827\nHD'),(907,NULL,'Balkanabat','06','Lakewood','9551\nEG'),(908,NULL,'Sawankhalok','72071','Maple Wood','5181	ML'),(909,NULL,'Gambarjati','9','Old Shore','0578	OB'),(910,NULL,'Satinka','2','Anniversary','3766\nJK'),(911,NULL,'Oakland','0261','Fuller','9423\nKM'),(912,NULL,'São Gonçalo do Amarante','0','Lakewood Gardens','4404	FJ'),(913,NULL,'Shido','34401','Corscot','5934KA'),(914,NULL,'Humniska','3347','Surrey','9255\nBQ'),(915,NULL,'Liji','5','Killdeer','0012\nDV'),(916,NULL,'Ben Arous','2','Service','3339\nXS'),(917,NULL,'Dërmënas','12801','Helena','9969	PJ'),(918,NULL,'Espérance Trébuchet','9','Surrey','5080FE'),(919,NULL,'Sibulan','6171','Longview','2328RP'),(920,NULL,'Gwoźnica Górna','75','Bunker Hill','2216\nIL'),(921,NULL,'Goulmima','97','Bashford','0626\nVG'),(922,NULL,'Mawa','7629','Hoffman','5243\nIK'),(923,NULL,'San Manuel Chaparrón','778','Havey','3155\nFV'),(924,NULL,'Ban Khok','9','Morrow','9966\nMV'),(925,NULL,'Hengxi','6055','Westridge','8177\nGV'),(926,NULL,'Heishan','655','Pennsylvania','1815	TH'),(927,NULL,'Kyzyldzhar','0','Rigney','5448\nSO'),(928,NULL,'Tempaling','50498','Westerfield','4892	ZX'),(929,NULL,'Miān Channūn','315','Oneill','5097\nVZ'),(930,NULL,'Paris 18','5610','Daystar','1687	XQ'),(931,NULL,'Sanankerto','87441','Hoepker','6761	EP'),(932,NULL,'Lófos','1','Anniversary','3983\nLV'),(933,NULL,'Kangxung','95','Shoshone','2094\nNV'),(934,NULL,'Junzhuang','98','Kropf','5249SZ'),(935,NULL,'Antaparco','1','Schurz','5509\nRT'),(936,NULL,'Bai’e','8023','Eastwood','6346\nHX'),(937,NULL,'Candating','21797','Stephen','8689\nKC'),(938,NULL,'Ravne na Koroškem','874','Mifflin','2476\nTH'),(939,NULL,'Mendenrejo','2','Muir','2023	MD'),(940,NULL,'Agodim','848','John Wall','3727NX'),(941,NULL,'Sakai-nakajima','930','Charing Cross','6931\nFB'),(942,NULL,'Vakhsh','292','Mosinee','1018\nVR'),(943,NULL,'Montréal-Est','4559','3rd','2276\nYO'),(944,NULL,'Ginatilan','0','Eliot','0686OD'),(945,NULL,'Skhodnya','39334','Grover','3211	UC'),(946,NULL,'Rochefort','7272','Spenser','2091	LJ'),(947,NULL,'Sabunçu','00254','Memorial','3496\nCJ'),(948,NULL,'Kamloops','7673','Ridgeway','3149\nEN'),(949,NULL,'Ad Dujayl','555','Westerfield','2850SH'),(950,NULL,'Porsgrunn','2913','Waubesa','1511UO'),(951,NULL,'Khabarovsk','7896','Daystar','7586	CH'),(952,NULL,'Paris 12','30203','Waywood','9030	TU'),(953,NULL,'Dinaig','144','Bellgrove','1798	TN'),(954,NULL,'Cô Tô','237','Springs','1219	LY'),(955,NULL,'Zongzhai','00200','Mosinee','7334\nRJ'),(956,NULL,'Plyussa','596','International','9852	NK'),(957,NULL,'Gorno Orizari','93','Green Ridge','3550\nUS'),(958,NULL,'Shuanglu','6211','Toban','1322\nFK'),(959,NULL,'Tantu','7877','Coleman','5656FR'),(960,NULL,'Taradale','85','Caliangt','0269\nAG'),(961,NULL,'Curití','3','Canary','0128VA'),(962,NULL,'Varakļāni','244','Redwing','5253SR'),(963,NULL,'Moscow','97459','Warrior','5033\nKC'),(964,NULL,'Krajan Kerjo','62782','Bluejay','3800	QB'),(965,NULL,'Báguanos','07237','Jenifer','8916\nZF'),(966,NULL,'Cinyawar','1295','Shasta','6193\nRX'),(967,NULL,'Surgut','12','Lighthouse Bay','0081	AC'),(968,NULL,'Cikalaces','190','Blue Bill Park','3163\nVJ'),(969,NULL,'Orléans','49','6th','9557VG'),(970,NULL,'Biasong','68','Hallows','2967\nQR'),(971,NULL,'Pushkin','803','Debs','8682\nFQ'),(972,NULL,'Xingnong','35','Fulton','0684ZV'),(973,NULL,'Tutut','58','Ilene','1912FP'),(974,NULL,'Langchi','170','Westport','2711	PG'),(975,NULL,'Morro do Chapéu','5807','Holy Cross','5271	AR'),(976,NULL,'Barabedang','72','Green Ridge','8432\nMV'),(977,NULL,'Ganfang','13','Quincy','6932\nSW'),(978,NULL,'Simpang','7309','Forster','2921	MQ'),(979,NULL,'Kurunegala','1975','Maple Wood','9358RC'),(980,NULL,'Zamoskvorech’ye','8','Kennedy','9240FB'),(981,NULL,'Tutong','5','Spohn','2760VQ'),(982,NULL,'Viļaka','2426','Sloan','4537	NH'),(983,NULL,'Smyga','25189','Amoth','2453\nWQ'),(984,NULL,'Buenavista','89','Warbler','6935\nZF'),(985,NULL,'Paris 15','96846','Merrick','8924\nSJ'),(986,NULL,'Marzhing','251','Coolidge','0064\nQI'),(987,NULL,'Cariaco','75993','Riverside','3003NE'),(988,NULL,'Mairiporã','31687','Messerschmidt','9125\nRI'),(989,NULL,'Pasiragung','63379','Sunnyside','8698HE'),(990,NULL,'Khomutovo','56358','Crescent Oaks','7078\nKC'),(991,NULL,'Xindong','97','Leroy','5247	ZG'),(992,NULL,'Oslo','335','Gulseth','1936IA'),(993,NULL,'Uppsala','507','Fieldstone','5544	ZI'),(994,NULL,'Krajan Dermawuharjo','4','Golf View','1667\nIQ'),(995,NULL,'Giebułtów','72139','Westridge','7771FE'),(996,NULL,'Kálymnos','50718','Barnett','1537	OJ'),(997,NULL,'Sukamaju','61161','Clarendon','7432\nMY'),(998,NULL,'Guangshun','814','Fremont','5656\nUF'),(999,NULL,'Ta’erqi','7302','Hagan','2974\nEJ'),(1000,NULL,'Gvardeysk','24','Sachtjen','4844GX');
/*!40000 ALTER TABLE `address` ENABLE KEYS */;
UNLOCK TABLES;

--
-- Table structure for table `company`
--

DROP TABLE IF EXISTS `company`;
/*!40101 SET @saved_cs_client     = @@character_set_client */;
/*!50503 SET character_set_client = utf8mb4 */;
CREATE TABLE `company` (
  `kvk_nr` varchar(255) NOT NULL,
  `btw_nr` varchar(255) DEFAULT NULL,
  `name` varchar(255) DEFAULT NULL,
  `sector_id` int DEFAULT NULL,
  PRIMARY KEY (`kvk_nr`),
  KEY `FKmumulhrkylrdxsl33736gudi6` (`sector_id`),
  CONSTRAINT `FKmumulhrkylrdxsl33736gudi6` FOREIGN KEY (`sector_id`) REFERENCES `sector` (`id`)
) ENGINE=InnoDB DEFAULT CHARSET=utf8mb4 COLLATE=utf8mb4_0900_ai_ci;
/*!40101 SET character_set_client = @saved_cs_client */;

--
-- Dumping data for table `company`
--

LOCK TABLES `company` WRITE;
/*!40000 ALTER TABLE `company` DISABLE KEYS */;
INSERT INTO `company` VALUES ('00088109','NL034328599B64','Browseblab',1),('00174065','NL793789400B87','Twitterbridge',16),('00197586','NL910725763B66','Voonix',14),('00221193','NL710974958B89','Jazzy',8),('00259273','NL567526969B82','Trilia',17),('00267946','NL566468060B74','Linktype',1),('00274164','NL297535528B49','Meevee',4),('00378743','NL714273488B97','Shufflebeat',1),('00529520','NL725476617B18','Babbleopia',16),('00598939','NL242386511B45','Cogibox',9),('00601884','NL643689441B94','Photolist',16),('00634317','NL112800854B76','Voonte',2),('00803647','NL170508730B82','Nlounge',18),('00822288','NL990510444B43','Blogpad',18),('00827524','NL431477402B11','Reallinks',15),('00856828','NL456759139B64','Ozu',16),('00935300','NL867548988B02','Brainverse',17),('00962077','NL478449247B26','Fivechat',15),('00995536','NL669398837B01','Ntag',10),('01033471','NL466954900B84','Teklist',3),('01038112','NL162550176B16','Podcat',2),('01094546','NL097096601B99','Feedspan',2),('01199526','NL502785978B38','Roombo',5),('01373816','NL899223338B66','Livetube',12),('01633871','NL755444777B95','Topiclounge',12),('01653222','NL746392876B34','Tambee',13),('01876159','NL909556355B63','Thoughtworks',2),('01992806','NL874198765B76','Meejo',17),('02196366','NL666630933B13','Pixonyx',3),('02272007','NL506506786B38','Dabtype',11),('02679716','NL707359978B39','Divavu',11),('03326234','NL204522546B16','Jabbersphere',14),('03453386','NL048933976B00','Meejo',18),('03517465','NL474427065B30','Shuffledrive',18),('03567506','NL438818799B45','Photofeed',10),('03588345','NL576915350B70','Yata',17),('03816215','NL991530852B06','Twimm',3),('04139851','NL368795272B30','Gevee',11),('04710087','NL896214681B01','Buzzbean',9),('04725267','NL725902062B40','Roombo',6),('04862239','NL184704668B65','Jayo',16),('04876153','NL482431775B52','Kamba',11),('04906484','NL236389484B69','Buzzbean',13),('05025525','NL399051498B27','Livefish',14),('05044330','NL555341455B86','Abata',8),('05167581','NL158343360B69','Skyble',7),('05179130','NL572583249B12','Gigaclub',11),('05370791','NL903196296B07','Feedfish',5),('05464510','NL781833801B09','Dablist',11),('05954137','NL405688526B48','Ailane',17),('06043626','NL189675267B10','DabZ',15),('06063295','NL276152797B48','Photospace',10),('06155702','NL009900124B97','Meezzy',4),('06165533','NL801972315B68','Fliptune',15),('06290692','NL530615462B92','Jaxbean',13),('06436062','NL412513225B31','Edgepulse',9),('06649584','NL002921902B95','Twimbo',5),('06844282','NL615041994B61','Ainyx',5),('06863157','NL056516934B82','Blognation',10),('06947221','NL409067357B57','Tavu',9),('06953835','NL589536875B91','Oloo',7),('07129526','NL756158298B95','Vimbo',17),('07139132','NL324258151B47','Bluejam',5),('07533059','NL005960991B90','Skalith',4),('07692712','NL196856869B01','Tagtune',11),('07758654','NL752453605B27','Photobug',9),('07916325','NL935873118B62','Omba',8),('07933057','NL753432502B61','Photospace',5),('07942531','NL514793007B39','Skibox',4),('07993069','NL044426849B16','Livetube',4),('08028277','NL614313912B19','Realcube',4),('08205309','NL324514405B43','DabZ',7),('08270953','NL117889207B02','Linkbuzz',14),('08459731','NL347642859B73','Muxo',15),('08634512','NL852058102B40','Eabox',3),('08668143','NL426084685B48','Zoomzone',10),('08707549','NL538085349B60','Fivespan',5),('08811314','NL291558942B02','Izio',12),('08884058','NL159377829B88','Mybuzz',6),('08938666','NL875785530B16','Agivu',13),('09005006','NL796117531B40','Jabberstorm',4),('09286127','NL399291238B53','Quatz',3),('09352170','NL670231663B93','Mybuzz',16),('09524281','NL283656100B16','Avaveo',16),('09566470','NL904951074B19','Kazio',16),('09567125','NL344586735B78','Yambee',14),('09786891','NL269165987B58','Fadeo',13),('09850198','NL330161339B32','Myworks',12),('09868089','NL926740488B51','Kimia',15),('09878811','NL444292243B65','Riffpath',12),('09941226','NL809449731B57','Abata',18),('10066365','NL255233135B86','Quinu',18),('10073347','NL938471763B20','Tavu',6),('10158342','NL592414859B78','Twitterlist',13),('10189828','NL108395978B72','Latz',9),('10233479','NL421627459B76','Wikibox',2),('10278462','NL043269758B85','Kaymbo',11),('10298360','NL364035308B85','Rhycero',13),('10344812','NL544817777B27','Skyvu',11),('10366249','NL812300439B71','Voomm',17),('10425631','NL343013512B12','Jabbersphere',2),('10728578','NL884438644B78','Bubbletube',3),('10771833','NL840040508B16','Abata',8),('10853560','NL458366769B84','Skippad',7),('11106621','NL041141270B17','Linklinks',1),('11149215','NL218486925B92','Jabberbean',7),('11427492','NL517328081B89','Flipbug',4),('11441729','NL611692306B30','Rhycero',2),('11631859','NL488252431B70','Eare',5),('11804490','NL649774333B55','Vimbo',4),('11961084','NL483586713B47','Zoomcast',6),('11995755','NL373144128B26','Fivechat',6),('12108046','NL011008977B92','Myworks',14),('12114437','NL551721863B49','Realblab',10),('12189554','NL582185435B83','Skimia',10),('12259071','NL353097612B61','Katz',16),('12416899','NL547718878B02','Roodel',10),('12461311','NL088740615B27','Gabtype',18),('12820095','NL841094401B57','Lazzy',4),('12923156','NL163924205B30','Youopia',10),('12925449','NL897622780B46','Skynoodle',10),('13249492','NL114906960B35','Fivechat',17),('13340805','NL762616763B56','Thoughtsphere',2),('13384724','NL003064171B18','Yacero',13),('13431732','NL987895901B46','Thoughtmix',1),('13519104','NL288646525B36','Katz',14),('13596839','NL456667593B78','Fivespan',5),('14105853','NL845582933B75','Mydo',9),('14332698','NL650894271B09','Skajo',12),('14561270','NL378127934B51','Photolist',17),('14696180','NL598532333B34','Skiptube',9),('14721827','NL207489236B93','Quinu',3),('14741615','NL634947704B14','Quatz',2),('14832392','NL401346773B07','Zoozzy',13),('15047426','NL974611565B78','Latz',14),('15071488','NL224998823B87','Tambee',8),('15077933','NL746720494B50','Yodoo',8),('15108044','NL457639062B06','Rhyloo',4),('15235570','NL379077744B51','Yodoo',9),('15242773','NL653502538B05','Rhyzio',3),('15382820','NL822170787B40','Lazz',12),('15397758','NL636757378B53','Vinte',9),('15658988','NL129408104B81','Fliptune',2),('15674056','NL494971102B26','Ooba',18),('15689963','NL929796556B46','Youfeed',12),('15706216','NL065425414B90','Izio',9),('15752393','NL030970743B57','Oozz',4),('15820168','NL249666243B03','Skibox',15),('15977048','NL106870694B64','Skilith',1),('16082961','NL565419666B91','Edgeblab',16),('16153427','NL994239389B73','Linkbuzz',3),('16230408','NL400806926B56','Rhynoodle',12),('16241091','NL702752363B37','Yamia',15),('16383447','NL022885046B23','Gigabox',13),('16387923','NL364594999B81','Browsetype',5),('16614690','NL017219783B99','Quatz',4),('16690545','NL670138918B18','Fatz',2),('16773761','NL304312014B40','Flashpoint',13),('17117214','NL750686658B46','Kaymbo',17),('17122219','NL426462833B30','Zoombeat',5),('17141848','NL144698834B50','Dynava',11),('17142605','NL617346025B38','Jayo',16),('17180486','NL189613520B52','Yata',9),('17278967','NL696621739B16','Thoughtbridge',15),('17315671','NL209348151B02','Voonix',1),('17361510','NL742494568B20','Demimbu',7),('17504830','NL932721738B28','Eadel',4),('17690437','NL636907843B03','Rhynyx',18),('17715177','NL350278119B36','InnoZ',11),('17736098','NL214140438B02','Livepath',8),('17765398','NL708825778B48','Skinder',11),('17773590','NL921514514B21','Zoonoodle',3),('17859603','NL438618474B89','Mybuzz',8),('17878230','NL311320087B29','Aivee',12),('17983023','NL635692572B65','Midel',10),('18129094','NL403173625B99','Edgeblab',2),('18212176','NL123808298B36','Divavu',13),('18514149','NL655894371B71','Tanoodle',13),('18606744','NL793572774B37','Bluezoom',6),('18645120','NL425035924B00','DabZ',4),('18778473','NL503868110B94','Leexo',16),('18809171','NL803147435B05','Ailane',4),('18839964','NL826755810B00','Voomm',4),('18843013','NL068992773B27','Twimm',16),('18895286','NL151238578B68','Flipbug',1),('19009070','NL017212209B30','Abata',1),('19196560','NL381462206B60','Livetube',14),('19210582','NL236679131B53','Jayo',17),('19229756','NL961544005B31','Gabspot',16),('19492473','NL598263412B95','Mybuzz',9),('19527077','NL004396076B10','Kimia',10),('19537883','NL339089138B37','Janyx',4),('19591177','NL694428452B58','Wikizz',14),('19921386','NL194759873B32','Quatz',4),('19922497','NL085223319B59','Roodel',3),('19948293','NL774922914B96','Jabberbean',6),('19967413','NL342308569B42','Quire',3),('20018810','NL129723495B08','Fanoodle',3),('20053030','NL843131976B31','Yozio',12),('20264925','NL494566745B19','Livepath',3),('20298015','NL235656306B97','Eabox',17),('20307548','NL260290515B77','Twinte',10),('20354370','NL521112058B38','Youspan',4),('20607291','NL088021234B86','Aimbo',4),('20856191','NL388091212B52','Riffpath',4),('20880457','NL617317633B65','Photojam',18),('20973302','NL180257044B62','Gabtune',16),('21055798','NL827140926B64','Kare',7),('21098020','NL096713187B41','Reallinks',11),('21115091','NL189937786B63','Rhyloo',2),('21374347','NL490704338B12','Skyndu',17),('21456496','NL317223321B92','Jabbertype',12),('21585565','NL954052596B61','Tazz',16),('21671426','NL164350937B24','Skyble',5),('21745810','NL621741664B71','Riffwire',6),('21774304','NL299646852B82','Zoombox',10),('21891521','NL165949806B61','Voonder',10),('22261974','NL753762588B07','Meejo',3),('22271742','NL257824857B21','Skyble',8),('22308270','NL504836115B16','Quinu',17),('22370146','NL800356546B06','Demizz',15),('22614324','NL755565847B58','Oyoyo',9),('22661712','NL688516663B01','Youtags',14),('22958641','NL018492764B79','Meevee',17),('23083199','NL099459375B30','Rhycero',17),('23154384','NL712808547B29','Babbleopia',2),('23320672','NL037565168B48','Babbleblab',17),('23321396','NL918652683B33','Yakitri',8),('23331308','NL360019742B42','Quinu',17),('23396032','NL002448939B74','Podcat',18),('23480170','NL021046936B36','Tagchat',10),('23576569','NL741515581B24','Browsezoom',9),('23731958','NL859209706B20','Jetwire',5),('24123834','NL757613546B42','Katz',4),('24301210','NL228024239B45','Feedfire',10),('24346991','NL444118136B30','Flipstorm',12),('24366657','NL875187468B42','Flipopia',5),('24415977','NL347025950B31','Brainsphere',17),('24431202','NL250938820B53','Jatri',13),('24480705','NL157132831B40','Devbug',4),('24851024','NL064952327B78','Centimia',12),('24868475','NL627606637B22','Riffpedia',3),('25044594','NL348240241B02','Buzzdog',6),('25150258','NL627838005B99','Lajo',7),('25163409','NL197177005B19','Yodel',7),('25437945','NL328564766B16','Flipopia',8),('25510506','NL962699695B39','Katz',13),('25672431','NL667140703B13','Dynabox',11),('25808684','NL384877685B20','Meetz',3),('25850370','NL344832195B76','Jayo',12),('26141915','NL961456515B46','Camimbo',16),('26352275','NL717649146B73','Jaloo',17),('26393430','NL102177105B59','Vipe',9),('26402305','NL690434807B12','Dabjam',14),('26456474','NL609037789B07','Kwilith',15),('26538876','NL338960986B69','Eazzy',18),('26574294','NL784637435B95','Buzzshare',17),('26747315','NL932567961B45','Bluejam',16),('26919337','NL124737240B10','Wordtune',4),('26932479','NL537649212B36','Skyble',10),('26984484','NL187842633B66','Yabox',4),('27065141','NL702847596B59','Quamba',14),('27084295','NL303599121B81','Voonder',2),('27118909','NL795109503B84','Skinder',8),('27147266','NL891447445B96','Riffwire',8),('27228280','NL486633922B98','Yabox',1),('27252786','NL354232990B08','Linkbridge',10),('27356211','NL095667160B35','Edgeify',4),('27402606','NL052680286B57','Realblab',17),('27723121','NL768992046B51','Skibox',1),('27841203','NL422616122B43','Wordware',1),('27924870','NL911486928B24','Jaxworks',2),('27968161','NL053848563B85','Dabvine',1),('28033351','NL495672698B00','Yodel',12),('28232930','NL382280870B07','Gabspot',4),('28256128','NL536492717B95','Wordpedia',16),('28759113','NL222812427B14','Teklist',8),('28818224','NL251739737B89','Topdrive',16),('28830812','NL738701286B78','Meevee',5),('28878952','NL467251836B32','Yabox',9),('28979612','NL037749242B27','Bubbletube',12),('29182833','NL941964916B45','Edgewire',3),('29219474','NL277014218B21','Rhyloo',8),('29277574','NL682481992B52','Brightdog',15),('29306690','NL686601307B22','Chatterbridge',4),('29819033','NL509795732B59','Viva',14),('29927399','NL483744742B59','Twimbo',15),('30001220','NL038791648B42','Wordtune',16),('30016062','NL889235965B32','Gigazoom',11),('30162012','NL976290733B97','Tagchat',17),('30206618','NL065264972B14','Brainbox',10),('30283805','NL413498738B72','Brainlounge',17),('30321597','NL070477644B99','Talane',15),('30335822','NL271029802B08','Yadel',18),('30499541','NL479169021B61','Kayveo',7),('30519169','NL255984729B25','Dabtype',3),('30704761','NL496126954B65','Feedbug',7),('30805380','NL599828075B51','Dabfeed',12),('30989638','NL410515402B23','Kwilith',9),('31067309','NL760126304B88','Youspan',2),('31190502','NL971760809B91','Babblestorm',5),('31236649','NL852113172B98','Photospace',17),('31245272','NL495681762B91','Viva',9),('31382294','NL488851903B31','Buzzster',18),('31392571','NL777063930B16','Skalith',3),('31885335','NL765407002B52','Talane',13),('31925136','NL838119693B78','Zoomcast',4),('31930830','NL498550904B59','Quamba',10),('31975571','NL634798793B21','Vitz',14),('32015674','NL347805427B23','Skiba',4),('32050746','NL869707602B41','Youspan',1),('32096413','NL709359734B18','Trilith',16),('32210003','NL401787969B45','Yata',15),('32278622','NL237799812B42','Eare',11),('32340946','NL577710023B02','Yodo',16),('32462392','NL752229726B78','Topicware',12),('32504792','NL035881155B02','Katz',13),('32524321','NL200190293B82','Realbuzz',12),('32602431','NL935635523B47','Kimia',8),('32609993','NL796657800B33','Photolist',2),('32727558','NL687289729B64','Shufflester',14),('32877887','NL732805010B27','Camido',8),('32904802','NL827632057B08','Dabshots',14),('33342255','NL316447821B39','Dabfeed',16),('33346675','NL486230142B91','Pixoboo',1),('33359762','NL371169578B56','Photospace',16),('33384137','NL309491668B40','Tagpad',9),('33388237','NL467729414B29','Jatri',10),('33416220','NL488563814B82','Feedbug',2),('33492038','NL553072515B15','Aimbo',11),('33888448','NL911207603B50','Dabfeed',9),('33897103','NL138435853B32','Tazz',6),('33901988','NL757214294B50','Babblestorm',8),('33930395','NL300347327B45','Jayo',4),('34104775','NL041196931B93','Shufflebeat',5),('34192561','NL194481963B64','Oyoba',6),('34273330','NL072228961B73','Dablist',14),('34287507','NL058138515B45','Nlounge',15),('34297461','NL536379249B84','Mycat',6),('34323278','NL859169601B84','Pixonyx',11),('34327152','NL603662869B97','Skidoo',10),('34335284','NL704616729B97','Photobug',10),('34418230','NL593891606B12','Oba',5),('34787779','NL894808057B63','Yodel',1),('34819901','NL531797027B12','Kazu',8),('34986057','NL965493225B98','Quinu',9),('35240049','NL509732547B32','Oba',15),('35248490','NL142660437B65','Babbleblab',5),('35512236','NL982500616B55','Agivu',15),('35540578','NL395398400B68','Kwinu',18),('35861647','NL081402755B79','Wikizz',18),('35931677','NL896642906B68','Centizu',3),('36086897','NL793290008B17','Zoonder',8),('36097762','NL647595168B30','Brainbox',8),('36124504','NL411277089B66','Trilith',6),('36159846','NL840777028B59','Kwimbee',12),('36192778','NL067399353B13','Fivespan',1),('36394731','NL630261176B87','Wordpedia',9),('36745098','NL375485222B73','Jabberbean',7),('36755924','NL728399548B43','Blogtags',6),('36757405','NL799491340B89','Wordtune',8),('36774413','NL313718347B07','Skiba',7),('36800827','NL081039154B27','Voolia',12),('36896149','NL938590459B74','Jaloo',10),('36976868','NL293821413B47','Quamba',4),('37026420','NL636765586B30','Linkbridge',10),('37062792','NL994658357B94','Browsebug',14),('37369056','NL838126302B08','Yotz',6),('37386403','NL643454739B22','Topdrive',18),('37794956','NL894369994B13','Skimia',10),('37829616','NL180077522B38','Rhyzio',10),('38078696','NL850224201B43','Jabbersphere',12),('38202393','NL604521108B27','Katz',3),('38250364','NL082037543B66','Fadeo',13),('38254200','NL808317068B17','Mita',6),('38612184','NL307462793B65','Browsezoom',6),('38723032','NL725375956B89','Thoughtstorm',8),('38826574','NL468750173B02','Realfire',15),('39017464','NL856791929B30','Twitterbeat',3),('39374139','NL319352642B56','Divape',9),('39392359','NL324787876B63','Photolist',6),('39400385','NL069003305B63','Chatterpoint',12),('39405266','NL109943190B81','Browsezoom',18),('39541211','NL980394485B62','Youspan',2),('39611719','NL497349368B97','Blogtag',3),('39630737','NL602927889B74','Avaveo',17),('40381991','NL572752291B15','Yodel',13),('40400962','NL639802716B62','Chatterbridge',7),('40583679','NL497858546B58','Blogspan',11),('40649014','NL213029535B60','Izio',9),('40812502','NL796080498B10','Podcat',13),('40830642','NL013423017B58','Eadel',1),('40896317','NL365209619B62','Livetube',11),('40939488','NL212946430B86','Twitterbridge',2),('40951351','NL897332223B08','Zoonoodle',15),('41074915','NL501108834B43','Topicshots',4),('41079870','NL811346929B73','Oyoloo',7),('41134027','NL056761009B98','Skidoo',13),('41158486','NL601041500B17','Yodo',10),('41163691','NL843886167B50','Meevee',6),('41169430','NL133145248B74','Jamia',12),('41215043','NL603281046B83','Gabtype',1),('41233343','NL131023783B31','Quimba',6),('41241985','NL102559703B13','Jetwire',16),('41322350','NL876706746B44','Vitz',1),('41338901','NL060536982B30','Blogspan',16),('41447793','NL880899932B11','Jaxworks',13),('41509788','NL188101369B19','Voonix',5),('41530173','NL527187003B32','Browsezoom',11),('41543782','NL566578811B85','Quamba',2),('41619835','NL369384211B76','Meevee',14),('41620076','NL120143630B37','Devbug',12),('41697463','NL562175610B06','Abata',16),('41761179','NL256578548B92','Dabtype',4),('41762161','NL309763654B60','Izio',1),('41986590','NL886145416B42','Mydeo',3),('42127897','NL406643632B56','Mynte',3),('42138120','NL567811358B82','Aimbu',15),('42167033','NL322002206B69','Mynte',15),('42193550','NL369051381B49','Kazio',3),('42536019','NL782113994B33','Youspan',1),('42565633','NL059715604B52','Voolia',3),('42739083','NL819698423B25','Voonder',3),('42792236','NL308139829B58','Miboo',2),('42815928','NL698428658B72','Camido',10),('42957800','NL132390622B33','Vinder',17),('43090762','NL212048375B98','Feedmix',17),('43323946','NL964352182B86','Riffwire',12),('43455251','NL675223974B36','Zoombeat',10),('43559726','NL376156849B73','Brightdog',16),('43769466','NL891947030B36','Voonix',13),('43821366','NL297904230B37','Avamba',11),('44040310','NL446361017B37','Podcat',15),('44045494','NL598945047B76','Viva',18),('44067087','NL451856828B04','Divavu',14),('44159950','NL272625927B38','Gabtype',4),('44173858','NL703349043B48','Zoombeat',14),('44231547','NL976182136B18','Blogtag',10),('44272326','NL105417949B24','Tanoodle',5),('44282094','NL811310967B20','Gabtype',17),('44460570','NL737142838B28','Meeveo',13),('44534199','NL928575986B37','Linktype',1),('44536900','NL792643284B10','Voonix',7),('44616579','NL018163808B20','Eamia',14),('44736271','NL376302905B12','Midel',18),('44815483','NL426943579B42','Riffpath',7),('44850728','NL323692760B14','Tambee',8),('44853259','NL430793437B11','Babbleblab',12),('44900146','NL305726065B98','Flashset',17),('45144149','NL850735232B74','Quimba',7),('45392727','NL193914740B13','Cogibox',2),('45392997','NL797613047B71','Flashset',6),('45460332','NL324664005B84','Chatterbridge',8),('45588227','NL636520872B50','Realfire',2),('45631099','NL069197780B30','Quimm',7),('45761072','NL203051719B20','Youopia',18),('45892314','NL960527028B62','Vidoo',11),('46012170','NL730081485B99','Divape',18),('46012354','NL189406968B48','Bubbletube',16),('46021602','NL770776607B17','Thoughtbridge',9),('46193709','NL924859776B87','Dabfeed',14),('46239341','NL575538065B54','Buzzshare',8),('46280970','NL370200868B82','Rooxo',7),('46388912','NL759214398B34','Flipbug',17),('46408152','NL242838829B34','Bluezoom',12),('46467145','NL270787688B19','Mymm',15),('46514854','NL722408053B43','Skalith',18),('46556281','NL781025017B17','Meevee',13),('46579224','NL880110128B31','Twinte',11),('46579494','NL020794114B20','Photobean',2),('46741059','NL263714056B66','Yakidoo',15),('46866297','NL738655302B35','Twinte',12),('46899542','NL862119950B59','Oyonder',12),('47021532','NL910452033B76','Voomm',1),('47040019','NL150784938B74','Topdrive',7),('47048886','NL483469428B93','Nlounge',12),('47050891','NL797408465B56','Trupe',13),('47134530','NL886643755B69','Photobug',8),('47221337','NL609706662B05','Browseblab',10),('47393762','NL597781099B63','Youspan',18),('47480487','NL895213706B02','Feedmix',11),('47538356','NL420938276B05','Kayveo',8),('47565962','NL238799832B62','Rhybox',14),('47611503','NL486285870B34','Buzzster',17),('48021033','NL289768378B49','Quimm',10),('48052796','NL708383800B00','Roomm',17),('48085492','NL700920413B20','Flipstorm',8),('48204609','NL394921756B98','Livetube',12),('48239214','NL736590486B84','Demimbu',10),('48261033','NL802912560B39','Vinder',13),('48447786','NL075299833B85','Gabcube',2),('48629074','NL745057809B83','Youfeed',14),('48667321','NL263521070B63','Zazio',9),('48760662','NL285261273B16','Tagcat',16),('48854754','NL363057151B48','Dabjam',11),('48953080','NL930714190B35','Aivee',2),('49014339','NL200607071B17','Oozz',4),('49071083','NL924230154B12','Feednation',12),('49241174','NL465019635B91','Skipfire',14),('49260067','NL599868161B47','Topicware',10),('49271532','NL795454881B60','Ntag',1),('49427083','NL949315639B41','Oyoba',9),('49440724','NL018748445B56','Quinu',2),('49466464','NL144749387B74','Zoonder',4),('49701998','NL432385403B69','Wordware',16),('49745448','NL289417187B40','Dabshots',18),('49790317','NL976768696B66','Gigazoom',15),('49896368','NL142502322B77','Centidel',7),('49962800','NL642396030B62','Fivespan',18),('49986585','NL470171188B02','Blogtags',6),('50063700','NL176147093B48','Leenti',2),('50178016','NL339891142B81','Jaloo',18),('50209747','NL410348842B48','Twimbo',12),('50220789','NL080636821B39','Vidoo',12),('50254515','NL535793194B18','Thoughtsphere',9),('50581053','NL965301992B30','Zoomlounge',7),('50630871','NL366268365B26','Jabberbean',10),('50692715','NL899468114B99','Vitz',2),('50767565','NL117420247B28','Zoozzy',18),('50884996','NL581868320B95','Midel',14),('50957483','NL382182552B37','Dynabox',14),('51061427','NL086345908B89','Photospace',6),('51162297','NL350977483B02','Youspan',5),('51286296','NL015631747B65','Skibox',2),('51295127','NL231542219B30','Quamba',17),('51377458','NL901391220B20','Izio',8),('51384110','NL033735434B08','Abatz',12),('51394169','NL169577975B53','Thoughtstorm',6),('51542546','NL342566852B23','Fanoodle',14),('51610613','NL855328010B81','Browsetype',1),('51989470','NL370643843B90','Flashpoint',3),('52197854','NL526180140B41','Feedfish',3),('52258663','NL938255831B96','Feedbug',18),('52383894','NL446177023B52','Zoomcast',17),('52461259','NL569766332B78','Feednation',16),('52659617','NL579759483B16','Tavu',8),('52752395','NL771987355B92','Oyondu',6),('52879737','NL951563385B13','Bubbletube',6),('52973489','NL459990778B17','Voomm',13),('52993289','NL385895825B87','Kwideo',16),('53005671','NL878842751B17','Dynazzy',5),('53007974','NL286400131B08','Shuffledrive',1),('53023561','NL347225490B95','Katz',2),('53243224','NL063115055B24','Plambee',7),('53274226','NL781263051B38','Flashdog',2),('53319276','NL420279068B02','Wikibox',10),('53363019','NL218973331B67','Browseblab',2),('53370285','NL050654187B57','Fivespan',17),('53426707','NL303088981B80','Brainverse',16),('53546478','NL356792529B49','Jazzy',13),('53649427','NL166496922B72','Realblab',9),('53722313','NL139589937B58','Yata',9),('53799491','NL009329229B27','Buzzdog',17),('53816462','NL960469633B02','Skiba',10),('53871898','NL861845491B50','Skinix',14),('53923049','NL416338511B74','Bubblemix',10),('53946247','NL549618664B78','Oba',18),('53956915','NL820732467B06','Youtags',14),('54050148','NL103947057B39','Reallinks',5),('54164664','NL725162150B73','Latz',14),('54165145','NL077072693B00','Edgewire',1),('54348212','NL326645257B74','Divape',8),('54385153','NL567522125B11','Mudo',7),('54577034','NL228263900B72','Devpulse',17),('54590689','NL163671509B56','Yakitri',2),('54646292','NL484424568B43','Babbleset',17),('54766839','NL994487819B54','Vinte',11),('54807392','NL542455265B93','Voonder',18),('54856854','NL018344953B10','Twinte',3),('55218150','NL250658501B36','Midel',18),('55397820','NL920564112B06','Buzzbean',14),('55494401','NL140295794B85','Tagopia',16),('55637278','NL272621974B01','Innotype',11),('55777803','NL710457399B30','Devbug',5),('56030618','NL339482833B19','Realblab',13),('56048442','NL240337786B02','Thoughtmix',2),('56076250','NL064947942B38','Yakijo',4),('56081048','NL630972755B76','Trupe',9),('56108368','NL989462378B79','Yakijo',5),('56189010','NL456889208B01','Divape',13),('56221261','NL322328278B82','Eimbee',10),('56703824','NL863257800B32','Twitterlist',12),('56712268','NL807618221B40','Flashspan',1),('56718502','NL799837189B23','Realcube',17),('56828611','NL976059326B39','Realpoint',12),('56895854','NL296843673B03','Browseblab',13),('56915912','NL618059300B21','Topdrive',11),('56930170','NL143548075B10','Oodoo',11),('57272615','NL552360819B76','Twitterlist',13),('57448846','NL824599022B19','Yodo',14),('57499844','NL032054612B83','Podcat',9),('57542606','NL084264247B69','Twitternation',10),('57574367','NL565108021B63','Photojam',9),('57876687','NL785437176B03','Rhybox',6),('57960177','NL987333841B58','Twitterlist',7),('58122410','NL602889453B75','Gabcube',5),('58154875','NL006428995B18','Gabtune',3),('58175455','NL372632616B64','Divape',6),('58179543','NL214139178B48','Innotype',14),('58328364','NL339864344B45','Quamba',1),('58466947','NL706424788B79','Jaxnation',7),('58470033','NL122938295B79','Innojam',4),('58583118','NL826069399B48','Rooxo',4),('58624921','NL635586572B34','Shufflester',8),('58656507','NL948957072B78','Oyoba',17),('58722780','NL626034945B85','Oyoloo',8),('58832498','NL123189860B92','Devpulse',5),('58851156','NL011533989B66','Kwinu',14),('58974982','NL423598879B41','Babblestorm',6),('58983232','NL810411920B54','Edgeclub',8),('59040936','NL753773739B14','Skajo',1),('59104823','NL475471481B85','Plambee',15),('59263601','NL351503644B98','Devpulse',16),('59563392','NL237887903B75','Gevee',2),('59749845','NL671636349B78','DabZ',10),('59848092','NL731693490B22','Devify',17),('59949462','NL439754198B69','Fiveclub',15),('59973444','NL227167633B87','Flashdog',18),('59997083','NL649286549B54','Oyoloo',10),('60139580','NL738589782B58','Gabtune',12),('60162929','NL559654729B25','Cogibox',16),('60560799','NL479679545B53','Skidoo',8),('60635822','NL283591200B30','Roomm',5),('60759455','NL828549914B56','Edgeclub',8),('60948251','NL072356622B00','Babbleblab',2),('61088056','NL822866807B27','Jabbercube',14),('61264251','NL087437972B31','DabZ',16),('61283956','NL580093480B58','Buzzster',8),('61442392','NL356981112B18','Tagpad',7),('61606684','NL831356300B59','Oyondu',3),('61630649','NL013657823B34','Dablist',6),('61746187','NL125910935B32','Quatz',12),('61827905','NL233088728B54','Tavu',4),('61849730','NL467946891B25','Cogibox',3),('61853547','NL769380199B95','Shufflester',18),('61873055','NL620267228B95','Mynte',7),('61967293','NL473182453B88','Thoughtbeat',10),('62064410','NL413161602B67','Devpulse',16),('62269573','NL671173876B52','Browsedrive',15),('62291507','NL708672207B60','Skiba',11),('62396507','NL764819494B01','Divape',17),('62412400','NL047473030B18','Topicshots',13),('62842684','NL677685647B05','Feedfire',12),('63032950','NL139560547B52','Layo',14),('63270724','NL321437702B99','Izio',3),('63412236','NL431972981B20','Npath',1),('63482189','NL394248301B17','Centidel',1),('63601229','NL330534919B73','Reallinks',2),('63695936','NL511619988B01','Trilith',7),('63708020','NL040484832B39','Jetwire',5),('63770877','NL440114119B57','Devpulse',7),('63809168','NL614030205B22','Bubbletube',12),('63906498','NL969344120B87','Twitterbridge',13),('64156246','NL293304944B98','Quamba',5),('64459771','NL153561905B91','Yacero',15),('64509470','NL933171584B27','Realblab',8),('64759352','NL223205181B09','Bluezoom',3),('64935452','NL425680650B95','Babbleblab',4),('64979273','NL000033770B95','Browsebug',11),('65123274','NL405804974B14','Chatterbridge',2),('65123737','NL506092868B51','Dynabox',11),('65140180','NL741082471B96','Roombo',3),('65376684','NL577334027B17','Skinte',1),('65429016','NL034895710B45','Dabshots',11),('65482967','NL126395861B31','Rhyloo',2),('65595036','NL354460710B06','Skinte',5),('65643254','NL850932635B82','Oyoba',14),('65669024','NL772155812B05','Brainverse',13),('65698715','NL231393969B88','Nlounge',16),('65768126','NL636939681B32','Meejo',3),('66061355','NL511183333B54','Ainyx',18),('66285571','NL182401175B60','Kanoodle',16),('66327334','NL289249722B51','Meembee',5),('66377247','NL216852464B99','Linkbuzz',9),('66679996','NL241171127B66','Gigaclub',16),('66710937','NL508582563B92','BlogXS',8),('66716926','NL951268241B04','Einti',9),('66829908','NL254586607B45','Oloo',5),('66953836','NL695807029B39','Quaxo',4),('67028789','NL917949584B20','Linkbuzz',4),('67056141','NL382194290B84','Snaptags',18),('67142954','NL783178011B75','Jatri',10),('67189176','NL840428121B39','Gevee',18),('67378824','NL377618508B51','Photolist',14),('67510382','NL091518335B66','Yakidoo',5),('67738741','NL257987846B58','Twitternation',3),('67985888','NL552874333B98','Roomm',9),('68361668','NL292819048B53','Quinu',16),('68455955','NL298075456B97','Chatterbridge',17),('68496854','NL917055480B28','Quimm',15),('68649741','NL607256035B92','Twitterwire',11),('68745439','NL745033389B95','Devcast',6),('69029879','NL660269850B37','Layo',16),('69069059','NL475965458B23','Voonyx',10),('69214672','NL378225825B45','Geba',17),('69264972','NL178721230B18','Linkbuzz',14),('69274209','NL420506617B78','Flashset',12),('69305284','NL072930677B35','Dabtype',10),('69307965','NL299830175B51','Twitterbeat',14),('69608270','NL852583514B11','Kwilith',13),('69736546','NL521004166B40','Thoughtbeat',16),('69752649','NL777330139B87','Quatz',8),('69767847','NL667326207B10','Quinu',1),('69805753','NL902070620B00','Quamba',7),('69834847','NL155427730B98','Feedbug',15),('69846059','NL977786647B80','Topicshots',9),('69869007','NL401889167B36','Latz',6),('69871649','NL634989687B73','Thoughtmix',17),('69910674','NL733839102B46','Realbridge',9),('69938034','NL591409057B81','Kare',7),('70005608','NL427081143B56','Eazzy',14),('70148207','NL077740029B18','Jaloo',4),('70240012','NL914694347B65','Riffpath',13),('70528622','NL080778071B49','Bluejam',1),('70532686','NL761612067B70','Muxo',14),('70555337','NL414228973B95','Jabberstorm',13),('70563791','NL081152979B67','Babblestorm',7),('70596285','NL638157411B61','Jetwire',15),('70677239','NL716160489B56','Teklist',16),('70827320','NL393401500B48','Eabox',5),('70837346','NL841973391B77','Quimm',5),('70837365','NL351479106B21','Kamba',14),('71057523','NL348403641B71','Blogspan',7),('71084951','NL194263273B08','Vinder',8),('71311082','NL449367332B00','Shuffledrive',3),('71373584','NL880762591B44','Devbug',2),('71539837','NL872246196B56','Katz',8),('71722712','NL073090911B82','Brightbean',2),('71728623','NL514528574B91','Skynoodle',1),('71758234','NL492392579B93','Photolist',3),('71759412','NL262522305B13','Zoombeat',5),('71778250','NL959849801B77','Dabtype',3),('71943568','NL071204367B21','Vimbo',1),('71998811','NL842307434B84','Mybuzz',12),('72139229','NL221700210B21','Wordify',17),('72387824','NL636079127B58','Ailane',13),('72433685','NL709757623B89','Teklist',5),('72469517','NL612560523B78','Zoombeat',2),('72519326','NL028773956B59','Topicshots',13),('72523633','NL714562726B68','Thoughtstorm',15),('72533647','NL945089190B78','Zoomcast',15),('72541889','NL942581191B14','Plambee',14),('72684709','NL014737793B67','Photolist',16),('73478373','NL061612057B92','Oyope',12),('73544963','NL070076800B86','Aibox',11),('73779890','NL138723508B39','Eire',2),('73789334','NL015643102B10','Feednation',5),('73976346','NL047433105B19','Buzzster',15),('74093404','NL391523784B39','Wikido',12),('74345846','NL311320530B88','Trilith',18),('74587764','NL221943402B92','Kwinu',11),('74810708','NL092979596B63','Fivespan',17),('74846226','NL376578193B98','Youspan',15),('74910374','NL244437313B41','Bluejam',11),('74921505','NL867608344B57','Topiclounge',13),('75008171','NL086216387B39','Trunyx',13),('75142818','NL605041161B33','Edgeclub',14),('75277669','NL534113731B73','Voolia',5),('75303369','NL904888319B13','Topicshots',15),('75367263','NL895437281B79','Zoovu',8),('75574889','NL819162135B22','Wikivu',6),('75929124','NL566412492B38','Oyoba',18),('75957846','NL911520386B38','Wikido',15),('76067796','NL980712299B52','Divanoodle',7),('76095714','NL506920836B00','Kayveo',16),('76189884','NL962501165B56','Eayo',1),('76214221','NL348068725B59','Pixope',14),('76337253','NL375219036B86','Buzzbean',18),('76423441','NL993378865B48','Aibox',18),('76474252','NL326348637B34','Skyba',5),('76496999','NL068028084B44','Zazio',9),('76520068','NL457046140B58','Dabshots',7),('76627215','NL756536087B10','Wikizz',3),('76652636','NL509436476B45','Avaveo',7),('76713285','NL483602446B14','Oozz',14),('76774120','NL882312318B98','Pixoboo',8),('77122791','NL871839632B67','Yadel',13),('77280526','NL406795040B55','Gabtune',11),('77605253','NL260266380B00','Bubblemix',7),('77656530','NL079380499B37','Yodoo',1),('77846256','NL008648138B82','Oyondu',16),('77894359','NL775348439B80','Edgewire',16),('78005433','NL364675578B56','Photobug',16),('78128226','NL321603841B61','Jetwire',9),('78336925','NL712675662B95','Skinix',2),('78423297','NL236573029B80','Fatz',3),('78424862','NL002935348B91','Voolia',16),('78446677','NL215322327B77','Twitterbeat',4),('78578688','NL132612662B89','Quire',5),('79056349','NL233815841B02','Tanoodle',7),('79194264','NL811082262B11','Mymm',7),('79222576','NL830612811B18','Voonix',7),('79436061','NL302317463B11','Eazzy',16),('79485688','NL612068541B19','Brainbox',3),('79911819','NL211526704B03','Jabbersphere',14),('79922241','NL315892428B22','Quaxo',17),('79935760','NL913274908B52','Izio',14),('80250846','NL360048766B47','Twimm',4),('80331995','NL995142883B84','Meejo',10),('80420468','NL075040059B81','Eimbee',14),('80472771','NL261648943B28','Viva',13),('80535736','NL229553276B45','Blogtags',9),('80573453','NL148982183B22','Skimia',17),('80582538','NL774618260B54','Edgeclub',4),('80611907','NL486516909B75','Meembee',1),('80726174','NL479177203B76','Twiyo',17),('80813447','NL716670499B37','Jetwire',10),('81244989','NL663287102B99','Abatz',8),('81594581','NL295958185B36','Jabbertype',12),('82010878','NL201103313B88','Oyoloo',5),('82069863','NL713501139B48','Yombu',6),('82150405','NL092283498B45','Wikizz',8),('82234310','NL410023092B86','Wordtune',12),('82263022','NL072959334B67','Roombo',13),('82292901','NL336790525B26','Gabtype',12),('82433424','NL619710925B92','Minyx',16),('82539147','NL851373059B69','Tavu',16),('82801160','NL284352412B71','Kaymbo',16),('82809334','NL354027270B86','Fliptune',5),('82861518','NL659604587B75','Zoomzone',4),('82917419','NL813145883B19','Oyondu',11),('83038737','NL761871302B82','Einti',14),('83135176','NL417476795B86','Jaxspan',7),('83138862','NL997155273B87','Bubblebox',3),('83279083','NL249810392B55','Mymm',5),('83344467','NL566463959B93','Meemm',11),('83395038','NL824111832B07','Agivu',11),('83421469','NL792515561B43','Camimbo',6),('83492641','NL269406029B37','Ntag',11),('83562195','NL994485445B69','Babblestorm',14),('83581068','NL527264526B56','Katz',15),('83595484','NL132902290B80','Leenti',3),('83609666','NL165157907B41','Trilith',9),('83631154','NL559019747B45','Eabox',8),('84047096','NL241069903B59','Edgeblab',14),('84235250','NL335103797B19','Roombo',15),('84236886','NL358128431B57','Thoughtbeat',9),('84375207','NL813088093B46','Nlounge',3),('84395265','NL644051841B40','Flashpoint',12),('84474014','NL274877220B05','Topicshots',8),('84498174','NL773814929B94','Kazio',12),('84574120','NL254910024B10','Thoughtblab',17),('84596266','NL981052178B51','Voonyx',11),('84765055','NL239303112B07','Skyba',7),('84929269','NL020763168B42','Digitube',9),('85254828','NL282202197B41','Yodoo',11),('85307636','NL238750141B21','Photobean',9),('85402089','NL449891357B53','Avamba',4),('85654527','NL322978631B87','Linkbuzz',11),('85691114','NL990415096B42','Jayo',17),('85842218','NL521187718B48','Einti',5),('85935746','NL563780348B70','Einti',1),('86139731','NL038370213B58','Ooba',11),('86510479','NL853501594B38','Fatz',8),('86818157','NL437051134B10','Twitternation',11),('86831892','NL752210602B16','Cogibox',14),('86935920','NL750289122B10','Skiba',9),('87012515','NL202406283B27','Twimbo',16),('87412166','NL991082644B67','Gigashots',18),('87805589','NL175895820B15','Fivespan',14),('87855540','NL358130542B35','Browsedrive',7),('87916935','NL482784156B14','Dabfeed',10),('87944982','NL935032291B62','Gabtune',7),('88017527','NL270359843B71','Kwinu',5),('88045576','NL709135586B84','Livetube',15),('88064808','NL356581504B04','Rhycero',8),('88211416','NL316704160B40','Eadel',7),('88255719','NL027879092B24','Edgeblab',6),('88274891','NL289434199B73','Zoomlounge',5),('88275788','NL072584272B36','Wikizz',11),('88279207','NL844356622B89','Photolist',16),('88305655','NL763341502B67','Brainverse',16),('88361379','NL417312945B56','Skipfire',15),('88596898','NL037690618B17','Lazzy',17),('88624958','NL055069147B45','Tavu',4),('88627142','NL915268925B55','Flashpoint',2),('88717573','NL880559760B45','Voonder',1),('88805733','NL051267391B03','Yata',15),('88815605','NL395210003B46','Dynava',4),('88905828','NL755724995B89','Livetube',1),('89161660','NL603038309B29','Katz',12),('89169730','NL848390869B60','Jaloo',2),('89417196','NL932183472B66','Agimba',3),('89441999','NL684264062B47','Riffwire',12),('89443598','NL148106344B40','Latz',10),('89503897','NL584126094B50','Flipbug',12),('89583995','NL360253646B39','Shufflebeat',4),('89606747','NL319766710B23','Edgepulse',13),('89714296','NL666810442B66','Buzzshare',8),('89771930','NL417266966B28','Dabtype',1),('89804084','NL933381498B06','Rhynoodle',18),('90071388','NL619054486B27','Ntag',8),('90187364','NL340348713B72','Twitterworks',15),('90210610','NL625008789B05','Pixope',6),('90287783','NL507671407B51','Flashspan',6),('90312809','NL360702263B29','Twiyo',2),('90474886','NL802822338B68','Podcat',16),('90481312','NL971477308B86','Skivee',7),('90577067','NL042325362B41','Skipstorm',11),('90811877','NL174673652B69','Quimba',17),('90982144','NL937490420B30','Jabbersphere',9),('91163844','NL014052218B12','Buzzshare',15),('91293941','NL560294756B24','Ntags',10),('91446819','NL605709957B47','Talane',9),('91458049','NL955947105B88','Zoozzy',15),('91549305','NL777543797B27','Zoonder',6),('91583632','NL446788246B28','Rhynyx',4),('92125392','NL491809092B61','Realcube',5),('92264497','NL253031297B15','Skinix',2),('92299322','NL914849805B77','Divavu',5),('92429326','NL617158121B43','Mynte',7),('92666409','NL675797667B80','Voonyx',9),('93050055','NL672456983B44','Browsezoom',10),('93232609','NL722650444B89','Katz',3),('93411629','NL944836829B62','Thoughtmix',18),('93525990','NL223251315B53','Buzzster',14),('93747257','NL999220893B28','Topicware',1),('93760666','NL207220775B07','Jaloo',1),('93835701','NL134574324B15','Gigabox',8),('93854201','NL648034070B03','Dynava',16),('94192670','NL949571221B35','Feedfish',1),('94287629','NL631096022B12','Eamia',3),('94306485','NL873883585B52','Jabbertype',1),('94414514','NL390523585B81','Trilith',3),('94435513','NL069938393B79','Chatterbridge',15),('94457128','NL904151793B49','Photospace',18),('94604454','NL696881028B72','Voolia',17),('94757385','NL272963011B80','Kwilith',16),('94946317','NL673985150B54','Tazzy',2),('94948802','NL285791987B61','Bubbletube',14),('94950322','NL197162929B30','Zoonder',1),('94965798','NL744916355B91','Shuffletag',2),('95087025','NL858294967B31','JumpXS',9),('95182227','NL610096019B14','Voonyx',6),('95246881','NL621381669B62','Eidel',12),('95296429','NL300643094B47','Vipe',13),('95501039','NL711920525B70','Kazu',17),('95560806','NL506517241B16','Mybuzz',4),('95696956','NL898234542B85','Latz',13),('95814250','NL537506997B15','Flipstorm',13),('95859101','NL487946167B77','Browsebug',4),('95936580','NL764524323B34','Tagpad',11),('95962580','NL311987251B67','Edgewire',17),('95973147','NL014073466B87','Jayo',18),('96058085','NL319927540B78','LiveZ',12),('96212820','NL150287875B03','Blogtags',10),('96250919','NL035337857B48','Photobug',3),('96381721','NL685992237B89','Mynte',16),('96422875','NL500206683B62','Brightdog',12),('96568136','NL645899227B78','LiveZ',6),('96713980','NL189690113B88','Twimbo',2),('96743593','NL738556735B59','Innojam',7),('96760746','NL538023160B62','Browsetype',14),('96915110','NL657384111B35','Abatz',2),('96941202','NL635325377B39','Katz',16),('96967428','NL581880050B23','Jabbercube',17),('97006090','NL956355023B86','Mydo',17),('97068461','NL450768499B01','Zooxo',18),('97076229','NL159876857B33','Twitterbeat',5),('97105473','NL879734830B86','Brainbox',3),('97155544','NL673539109B66','Rhycero',18),('97210401','NL989001519B18','Edgepulse',3),('97228839','NL108856939B42','Quamba',5),('97270532','NL848428124B53','Thoughtblab',15),('97326690','NL265383882B75','Youspan',4),('97389016','NL443615177B44','Jabbersphere',3),('97423678','NL804674607B53','Skippad',2),('97562186','NL284036856B75','Fivespan',17),('97574525','NL533254945B77','Meeveo',8),('97695145','NL852458685B86','Innotype',10),('97798382','NL032514187B74','Quinu',17),('97894261','NL738580810B13','Fivechat',2),('97915680','NL187802101B17','Ntags',17),('97925335','NL124328312B33','Quire',2),('98012455','NL793147156B08','Kwilith',15),('98028762','NL102957671B62','Photobug',14),('98073689','NL208684859B06','Rooxo',6),('98210245','NL684610535B18','Topdrive',5),('98227453','NL128478853B00','Katz',4),('98231197','NL984418090B62','Devshare',11),('98321237','NL883026331B01','Yoveo',5),('98349215','NL076726023B87','Dablist',7),('98361559','NL017269723B42','Avavee',6),('98441071','NL363549746B93','Dabjam',11),('98480216','NL616924806B46','Realbridge',10),('98632124','NL671210141B25','Twitterwire',16),('98828430','NL843168195B17','Jabbercube',11),('98916115','NL011093916B91','Photobug',15),('99014017','NL004296465B02','Gabcube',5),('99030281','NL023700478B26','Quimm',4),('99051411','NL542776488B69','Eazzy',8),('99060744','NL965326587B79','Jabbertype',6),('99074532','NL601582435B17','Tambee',1),('99276577','NL590106746B65','Ailane',3),('99306415','NL517604110B23','Lazzy',1),('99416246','NL371008864B37','Vinte',11),('99469256','NL101571309B04','Bubblebox',1),('99832113','NL782112273B26','Yakidoo',16),('99918737','NL367354192B63','Yacero',9),('99934911','NL195855325B20','Tagtune',2);
/*!40000 ALTER TABLE `company` ENABLE KEYS */;
UNLOCK TABLES;

--
-- Table structure for table `payment_account`
--

DROP TABLE IF EXISTS `payment_account`;
/*!40101 SET @saved_cs_client     = @@character_set_client */;
/*!50503 SET character_set_client = utf8mb4 */;
CREATE TABLE `payment_account` (
  `dtype` varchar(31) NOT NULL,
  `iban` varchar(255) NOT NULL,
  `balance_cent` bigint NOT NULL,
  `accountmanager_id` bigint DEFAULT NULL,
  `company_kvk_nr` varchar(255) DEFAULT NULL,
  PRIMARY KEY (`iban`),
  KEY `FKf3xtv8njnylas16fml53pfphs` (`accountmanager_id`),
  KEY `FKe769vbwb67q4nqjb3xwaobe1p` (`company_kvk_nr`),
  CONSTRAINT `FKe769vbwb67q4nqjb3xwaobe1p` FOREIGN KEY (`company_kvk_nr`) REFERENCES `company` (`kvk_nr`),
  CONSTRAINT `FKf3xtv8njnylas16fml53pfphs` FOREIGN KEY (`accountmanager_id`) REFERENCES `user` (`id`)
) ENGINE=InnoDB DEFAULT CHARSET=utf8mb4 COLLATE=utf8mb4_0900_ai_ci;
/*!40101 SET character_set_client = @saved_cs_client */;

--
-- Dumping data for table `payment_account`
--

LOCK TABLES `payment_account` WRITE;
/*!40000 ALTER TABLE `payment_account` DISABLE KEYS */;
INSERT INTO `payment_account` VALUES ('businessaccount','NL00PARQ0072303267',4596132,6,'97155544'),('privateaccount','NL00PARQ0089784026',492741,NULL,NULL),('businessaccount','NL00PARQ0135878047',89472767,11,'47040019'),('privateaccount','NL00PARQ0147668078',6762,NULL,NULL),('privateaccount','NL00PARQ0180119828',715575,NULL,NULL),('privateaccount','NL00PARQ0202137436',64925,NULL,NULL),('businessaccount','NL00PARQ0266960513',31598341,14,'88017527'),('privateaccount','NL00PARQ0277215366',23668,NULL,NULL),('businessaccount','NL00PARQ0278833695',78661168,14,'53946247'),('privateaccount','NL00PARQ0371113558',176636,NULL,NULL),('businessaccount','NL00PARQ0450405110',6975295,6,'33359762'),('businessaccount','NL00PARQ0485706768',62056696,6,'41761179'),('businessaccount','NL00PARQ0492107282',88618296,11,'59263601'),('privateaccount','NL00PARQ0527355538',609675,NULL,NULL),('privateaccount','NL00PARQ0539491698',970457,NULL,NULL),('businessaccount','NL00PARQ0678735498',94425148,6,'86139731'),('businessaccount','NL00PARQ0806610622',26855997,3,'00088109'),('businessaccount','NL00PARQ0827800684',6659872,2,'89771930'),('businessaccount','NL00PARQ0936648126',34004686,11,'95560806'),('privateaccount','NL00PARQ0950308327',798583,NULL,NULL),('privateaccount','NL00PARQ0985111998',368732,NULL,NULL),('businessaccount','NL01PARQ0006779927',99437464,3,'03567506'),('businessaccount','NL01PARQ0028464505',52025086,6,'88596898'),('privateaccount','NL01PARQ0031642180',351078,NULL,NULL),('businessaccount','NL01PARQ0116715193',88345412,3,'41543782'),('privateaccount','NL01PARQ0187435210',41298,NULL,NULL),('businessaccount','NL01PARQ0215280615',35598275,2,'54050148'),('privateaccount','NL01PARQ0229446078',26139,NULL,NULL),('privateaccount','NL01PARQ0301896577',647337,NULL,NULL),('privateaccount','NL01PARQ0379598967',209578,NULL,NULL),('privateaccount','NL01PARQ0389894576',584956,NULL,NULL),('businessaccount','NL01PARQ0422544747',54101754,6,'83609666'),('privateaccount','NL01PARQ0453192155',33888,NULL,NULL),('businessaccount','NL01PARQ0464621113',48717903,3,'22614324'),('privateaccount','NL01PARQ0487230151',955602,NULL,NULL),('businessaccount','NL01PARQ0501936782',4447516,2,'39541211'),('privateaccount','NL01PARQ0516778521',584428,NULL,NULL),('privateaccount','NL01PARQ0548311752',585937,NULL,NULL),('privateaccount','NL01PARQ0548908145',47486,NULL,NULL),('businessaccount','NL01PARQ0590491655',16890582,14,'38078696'),('businessaccount','NL01PARQ0631415532',77040836,2,'89417196'),('privateaccount','NL01PARQ0671301111',996188,NULL,NULL),('businessaccount','NL01PARQ0703377424',3772829,11,'17736098'),('businessaccount','NL01PARQ0709967014',74134279,6,'34297461'),('privateaccount','NL01PARQ0713744709',988224,NULL,NULL),('businessaccount','NL01PARQ0738196440',51093843,2,'39392359'),('businessaccount','NL01PARQ0756982418',67688088,11,'36097762'),('privateaccount','NL01PARQ0847370918',693774,NULL,NULL),('privateaccount','NL01PARQ0893338876',722423,NULL,NULL),('privateaccount','NL01PARQ0912403941',26666,NULL,NULL),('businessaccount','NL01PARQ0917006447',772149,3,'05167581'),('businessaccount','NL01PARQ0960375726',32874710,2,'44815483'),('businessaccount','NL01PARQ0994152966',8532507,11,'49071083'),('privateaccount','NL02PARQ0051434801',487121,NULL,NULL),('privateaccount','NL02PARQ0113505925',79435,NULL,NULL),('privateaccount','NL02PARQ0230607570',279864,NULL,NULL),('privateaccount','NL02PARQ0243704675',743435,NULL,NULL),('businessaccount','NL02PARQ0258015009',17160581,11,'10278462'),('privateaccount','NL02PARQ0346045747',894508,NULL,NULL),('businessaccount','NL02PARQ0446620195',82037286,11,'37829616'),('privateaccount','NL02PARQ0466837680',855790,NULL,NULL),('privateaccount','NL02PARQ0550346967',457132,NULL,NULL),('privateaccount','NL02PARQ0580470959',201277,NULL,NULL),('businessaccount','NL02PARQ0715212002',49590820,11,'41158486'),('privateaccount','NL02PARQ0737983854',731706,NULL,NULL),('businessaccount','NL02PARQ0779684499',45694178,6,'89583995'),('businessaccount','NL02PARQ0798618753',2551067,6,'84474014'),('privateaccount','NL02PARQ0799607743',958711,NULL,NULL),('privateaccount','NL02PARQ0824107889',221426,NULL,NULL),('businessaccount','NL02PARQ0908096082',58889476,11,'58656507'),('privateaccount','NL02PARQ0968767094',527909,NULL,NULL),('privateaccount','NL02PARQ0986747090',664659,NULL,NULL),('businessaccount','NL03PARQ0078627792',43793221,14,'01633871'),('businessaccount','NL03PARQ0157492454',21876754,11,'14721827'),('privateaccount','NL03PARQ0187527633',408389,NULL,NULL),('privateaccount','NL03PARQ0202130433',609207,NULL,NULL),('businessaccount','NL03PARQ0254539151',12321096,6,'88815605'),('businessaccount','NL03PARQ0405286370',72845028,2,'32278622'),('privateaccount','NL03PARQ0410124504',893459,NULL,NULL),('privateaccount','NL03PARQ0412233703',230768,NULL,NULL),('businessaccount','NL03PARQ0416128343',93632833,14,'17859603'),('privateaccount','NL03PARQ0475209327',354642,NULL,NULL),('businessaccount','NL03PARQ0512246135',13658560,2,'50957483'),('businessaccount','NL03PARQ0528499558',59355359,14,'74810708'),('privateaccount','NL03PARQ0711000641',78153,NULL,NULL),('businessaccount','NL03PARQ0740686804',63451684,6,'46467145'),('privateaccount','NL03PARQ0823343667',140984,NULL,NULL),('privateaccount','NL03PARQ0828952874',372424,NULL,NULL),('businessaccount','NL03PARQ0879464949',31857386,3,'60759455'),('privateaccount','NL03PARQ0901948547',33335,NULL,NULL),('businessaccount','NL03PARQ0958186805',19620184,3,'74587764'),('businessaccount','NL04PARQ0048101670',6018816,2,'67189176'),('privateaccount','NL04PARQ0186041730',815636,NULL,NULL),('businessaccount','NL04PARQ0189998380',40424560,6,'71722712'),('businessaccount','NL04PARQ0297772471',2198598,3,'03453386'),('privateaccount','NL04PARQ0319448187',454668,NULL,NULL),('privateaccount','NL04PARQ0364087122',169032,NULL,NULL),('businessaccount','NL04PARQ0558825202',76990801,3,'28759113'),('privateaccount','NL04PARQ0577125435',432022,NULL,NULL),('businessaccount','NL04PARQ0627800736',18686264,11,'58175455'),('privateaccount','NL04PARQ0678456043',284590,NULL,NULL),('businessaccount','NL04PARQ0691407078',15085174,14,'34273330'),('businessaccount','NL04PARQ0722632224',8083629,2,'09567125'),('businessaccount','NL04PARQ0726719480',53065068,2,'07942531'),('privateaccount','NL04PARQ0750049308',643447,NULL,NULL),('businessaccount','NL04PARQ0816672755',49729333,2,'09286127'),('businessaccount','NL04PARQ0821804038',83339586,14,'16387923'),('privateaccount','NL05PARQ0014033065',618494,NULL,NULL),('businessaccount','NL05PARQ0032829680',85416721,6,'76774120'),('businessaccount','NL05PARQ0296600642',59442107,2,'41530173'),('privateaccount','NL05PARQ0352068954',718822,NULL,NULL),('privateaccount','NL05PARQ0413015738',128759,NULL,NULL),('privateaccount','NL05PARQ0593607989',377331,NULL,NULL),('businessaccount','NL05PARQ0637601947',78473137,11,'39400385'),('businessaccount','NL05PARQ0718782081',47862851,14,'08884058'),('privateaccount','NL05PARQ0761868195',988939,NULL,NULL),('privateaccount','NL05PARQ0783643598',229632,NULL,NULL),('privateaccount','NL05PARQ0959565850',287541,NULL,NULL),('businessaccount','NL06PARQ0008879031',9590940,14,'24868475'),('privateaccount','NL06PARQ0208694020',466988,NULL,NULL),('privateaccount','NL06PARQ0246951056',952892,NULL,NULL),('privateaccount','NL06PARQ0281392549',559630,NULL,NULL),('privateaccount','NL06PARQ0332686485',670922,NULL,NULL),('privateaccount','NL06PARQ0396373383',72863,NULL,NULL),('privateaccount','NL06PARQ0408272907',33439,NULL,NULL),('businessaccount','NL06PARQ0420923955',51612471,11,'70555337'),('privateaccount','NL06PARQ0461236301',238161,NULL,NULL),('privateaccount','NL06PARQ0474382741',488798,NULL,NULL),('privateaccount','NL06PARQ0511780763',577379,NULL,NULL),('businessaccount','NL06PARQ0539487565',90136602,11,'10066365'),('privateaccount','NL06PARQ0604591166',512890,NULL,NULL),('privateaccount','NL06PARQ0618391796',345929,NULL,NULL),('privateaccount','NL06PARQ0679326466',624608,NULL,NULL),('privateaccount','NL06PARQ0743397950',347028,NULL,NULL),('privateaccount','NL06PARQ0870216460',520607,NULL,NULL),('privateaccount','NL06PARQ0912787308',877747,NULL,NULL),('businessaccount','NL06PARQ0924239899',61709499,11,'84395265'),('privateaccount','NL07PARQ0104213413',988585,NULL,NULL),('privateaccount','NL07PARQ0156114390',882569,NULL,NULL),('businessaccount','NL07PARQ0185033048',63896887,14,'31392571'),('privateaccount','NL07PARQ0262665528',600814,NULL,NULL),('privateaccount','NL07PARQ0297962590',211764,NULL,NULL),('privateaccount','NL07PARQ0363683386',756170,NULL,NULL),('privateaccount','NL07PARQ0423766813',220362,NULL,NULL),('businessaccount','NL07PARQ0456326682',73098476,3,'47021532'),('privateaccount','NL07PARQ0465608375',9987,NULL,NULL),('businessaccount','NL07PARQ0591938504',79197179,3,'69736546'),('businessaccount','NL07PARQ0611461061',74051802,2,'79935760'),('privateaccount','NL07PARQ0675715223',278493,NULL,NULL),('businessaccount','NL07PARQ0686171291',59212866,11,'48667321'),('privateaccount','NL07PARQ0935268775',415495,NULL,NULL),('privateaccount','NL07PARQ0939686322',119328,NULL,NULL),('privateaccount','NL07PARQ0946497674',351628,NULL,NULL),('businessaccount','NL07PARQ0953084185',37867070,6,'26456474'),('privateaccount','NL08PARQ0010588477',20142,NULL,NULL),('businessaccount','NL08PARQ0083230249',79911033,14,'28033351'),('privateaccount','NL08PARQ0178641604',527652,NULL,NULL),('businessaccount','NL08PARQ0199078001',13991697,6,'42739083'),('businessaccount','NL08PARQ0252183033',44139214,3,'01876159'),('businessaccount','NL08PARQ0286499776',95872761,6,'40896317'),('businessaccount','NL08PARQ0325392119',98314908,3,'33897103'),('businessaccount','NL08PARQ0335251921',6947278,11,'23154384'),('privateaccount','NL08PARQ0354268769',684612,NULL,NULL),('businessaccount','NL08PARQ0364275509',69009923,6,'07758654'),('businessaccount','NL08PARQ0470269639',310379,3,'40830642'),('businessaccount','NL08PARQ0491527570',15094490,6,'52973489'),('privateaccount','NL08PARQ0502705482',239755,NULL,NULL),('privateaccount','NL08PARQ0605065630',754366,NULL,NULL),('privateaccount','NL08PARQ0616642271',115534,NULL,NULL),('privateaccount','NL08PARQ0621141929',300479,NULL,NULL),('privateaccount','NL08PARQ0639437575',708600,NULL,NULL),('businessaccount','NL08PARQ0699086330',5006517,11,'19591177'),('privateaccount','NL08PARQ0767295720',587071,NULL,NULL),('businessaccount','NL08PARQ0787067310',82231568,11,'15077933'),('businessaccount','NL08PARQ0797093921',83865453,6,'85307636'),('privateaccount','NL08PARQ0820061205',936820,NULL,NULL),('businessaccount','NL08PARQ0900052302',15614541,11,'66327334'),('businessaccount','NL08PARQ0952984341',37935512,14,'35931677'),('privateaccount','NL08PARQ0992130146',678296,NULL,NULL),('privateaccount','NL09PARQ0243522998',819489,NULL,NULL),('privateaccount','NL09PARQ0307593534',626723,NULL,NULL),('privateaccount','NL09PARQ0322144848',253032,NULL,NULL),('privateaccount','NL09PARQ0458580447',331772,NULL,NULL),('privateaccount','NL09PARQ0535563355',548990,NULL,NULL),('privateaccount','NL09PARQ0606170649',525197,NULL,NULL),('privateaccount','NL09PARQ0636306917',786085,NULL,NULL),('businessaccount','NL09PARQ0652479863',15298647,6,'83562195'),('businessaccount','NL09PARQ0694724419',97424720,6,'42536019'),('businessaccount','NL09PARQ0749697642',26330634,2,'12259071'),('privateaccount','NL09PARQ0794953985',677997,NULL,NULL),('businessaccount','NL09PARQ0797442712',93175541,11,'85691114'),('privateaccount','NL09PARQ0811046733',514087,NULL,NULL),('privateaccount','NL09PARQ0881225991',872312,NULL,NULL),('privateaccount','NL09PARQ0914106349',871337,NULL,NULL),('privateaccount','NL09PARQ0916581284',517176,NULL,NULL),('privateaccount','NL09PARQ0950796066',854289,NULL,NULL),('businessaccount','NL09PARQ0959069201',46494488,2,'72523633'),('businessaccount','NL09PARQ0973534828',54786816,6,'84047096'),('privateaccount','NL09PARQ0982074270',816169,NULL,NULL),('privateaccount','NL10PARQ0028076597',604513,NULL,NULL),('privateaccount','NL10PARQ0107027464',409626,NULL,NULL),('businessaccount','NL10PARQ0132739705',39530080,14,'00267946'),('privateaccount','NL10PARQ0172652529',16350,NULL,NULL),('businessaccount','NL10PARQ0191748031',58492480,6,'32340946'),('businessaccount','NL10PARQ0202361221',62947899,3,'12925449'),('businessaccount','NL10PARQ0272484917',30894889,3,'98349215'),('privateaccount','NL10PARQ0298288047',357389,NULL,NULL),('businessaccount','NL10PARQ0338480186',61331917,11,'15235570'),('businessaccount','NL10PARQ0339905453',23245241,11,'22271742'),('businessaccount','NL10PARQ0426849975',47251789,6,'77605253'),('businessaccount','NL10PARQ0435296063',40210002,3,'08634512'),('privateaccount','NL10PARQ0510520114',392514,NULL,NULL),('privateaccount','NL10PARQ0740660117',868773,NULL,NULL),('privateaccount','NL10PARQ0741382153',407801,NULL,NULL),('businessaccount','NL10PARQ0911506599',25798864,14,'32609993'),('privateaccount','NL10PARQ0919657455',324855,NULL,NULL),('businessaccount','NL10PARQ0947966426',7268699,14,'65376684'),('privateaccount','NL10PARQ0961536167',158908,NULL,NULL),('businessaccount','NL11PARQ0260818988',45767164,14,'27118909'),('businessaccount','NL11PARQ0314763455',91895839,11,'12189554'),('privateaccount','NL11PARQ0332378879',990099,NULL,NULL),('privateaccount','NL11PARQ0352441706',980389,NULL,NULL),('businessaccount','NL11PARQ0383556036',67098177,2,'64935452'),('privateaccount','NL11PARQ0443794411',568376,NULL,NULL),('privateaccount','NL11PARQ0503498284',268871,NULL,NULL),('businessaccount','NL11PARQ0658732563',34240705,14,'59973444'),('businessaccount','NL11PARQ0663246293',2895639,11,'47538356'),('businessaccount','NL11PARQ0663287840',19078208,11,'74910374'),('privateaccount','NL11PARQ0667539072',955869,NULL,NULL),('businessaccount','NL11PARQ0670764015',4635553,11,'54766839'),('businessaccount','NL11PARQ0687547089',45841448,3,'44536900'),('privateaccount','NL11PARQ0774385138',409055,NULL,NULL),('businessaccount','NL11PARQ0894472882',85839204,6,'09352170'),('businessaccount','NL11PARQ0897802772',68550536,3,'19229756'),('privateaccount','NL11PARQ0927129326',116745,NULL,NULL),('businessaccount','NL12PARQ0028699460',77002893,2,'41697463'),('privateaccount','NL12PARQ0059726995',210976,NULL,NULL),('businessaccount','NL12PARQ0073496143',48097201,14,'49896368'),('businessaccount','NL12PARQ0150093619',61724404,6,'35861647'),('privateaccount','NL12PARQ0228398992',170279,NULL,NULL),('businessaccount','NL12PARQ0235720617',16548298,14,'95962580'),('privateaccount','NL12PARQ0280053852',352926,NULL,NULL),('privateaccount','NL12PARQ0297991166',759268,NULL,NULL),('businessaccount','NL12PARQ0307706408',23447572,3,'74345846'),('privateaccount','NL12PARQ0398481658',788333,NULL,NULL),('privateaccount','NL12PARQ0406573614',598403,NULL,NULL),('businessaccount','NL12PARQ0431977809',95320654,11,'00822288'),('businessaccount','NL12PARQ0570942403',43381302,11,'18212176'),('privateaccount','NL12PARQ0638859800',642857,NULL,NULL),('businessaccount','NL12PARQ0663294599',17890698,11,'73789334'),('privateaccount','NL12PARQ0700547935',317740,NULL,NULL),('privateaccount','NL12PARQ0735244971',136315,NULL,NULL),('businessaccount','NL12PARQ0741134658',87734187,6,'97228839'),('privateaccount','NL12PARQ0751942387',235259,NULL,NULL),('privateaccount','NL12PARQ0894422055',342811,NULL,NULL),('businessaccount','NL12PARQ0923495379',13119174,6,'09941226'),('businessaccount','NL12PARQ0947400571',73941418,6,'46579224'),('privateaccount','NL13PARQ0041264833',155283,NULL,NULL),('businessaccount','NL13PARQ0096845489',70757284,3,'36159846'),('businessaccount','NL13PARQ0153129538',9337261,11,'10728578'),('businessaccount','NL13PARQ0326823175',50489027,2,'67985888'),('businessaccount','NL13PARQ0341004441',63953851,3,'15382820'),('privateaccount','NL13PARQ0398504193',180084,NULL,NULL),('businessaccount','NL13PARQ0493266073',48128196,11,'96967428'),('privateaccount','NL13PARQ0563114707',736586,NULL,NULL),('privateaccount','NL13PARQ0577423157',309057,NULL,NULL),('businessaccount','NL13PARQ0598031028',75222473,3,'85254828'),('privateaccount','NL13PARQ0868284193',398660,NULL,NULL),('businessaccount','NL13PARQ0925847430',67015124,11,'09005006'),('businessaccount','NL13PARQ0941942516',6902525,14,'63708020'),('businessaccount','NL13PARQ0963484070',99152628,3,'61746187'),('businessaccount','NL13PARQ0996250078',38222216,6,'19492473'),('businessaccount','NL14PARQ0102975614',71423554,14,'68496854'),('businessaccount','NL14PARQ0108658128',1728153,11,'10425631'),('businessaccount','NL14PARQ0144201677',45151580,6,'86818157'),('businessaccount','NL14PARQ0329496313',34247339,3,'83279083'),('privateaccount','NL14PARQ0331086341',295890,NULL,NULL),('businessaccount','NL14PARQ0447559782',99554020,11,'30704761'),('businessaccount','NL14PARQ0539123624',12483628,3,'46388912'),('businessaccount','NL14PARQ0606434281',66421184,3,'95814250'),('businessaccount','NL14PARQ0622211677',76383527,6,'66716926'),('businessaccount','NL14PARQ0684832549',67672147,2,'44282094'),('privateaccount','NL14PARQ0708238788',838365,NULL,NULL),('privateaccount','NL14PARQ0749847400',473191,NULL,NULL),('businessaccount','NL14PARQ0862792956',39991134,2,'41215043'),('privateaccount','NL14PARQ0929536889',358738,NULL,NULL),('businessaccount','NL15PARQ0047502556',21188362,6,'03517465'),('privateaccount','NL15PARQ0052685542',209512,NULL,NULL),('privateaccount','NL15PARQ0063571818',975946,NULL,NULL),('businessaccount','NL15PARQ0125081596',36798285,3,'25044594'),('privateaccount','NL15PARQ0136143745',765011,NULL,NULL),('businessaccount','NL15PARQ0229700774',56908064,3,'42167033'),('businessaccount','NL15PARQ0448089647',26797652,2,'96212820'),('businessaccount','NL15PARQ0460480990',78241122,3,'13596839'),('privateaccount','NL15PARQ0480532125',144727,NULL,NULL),('privateaccount','NL15PARQ0604480288',706479,NULL,NULL),('privateaccount','NL15PARQ0670570803',787776,NULL,NULL),('businessaccount','NL15PARQ0774030558',34751532,11,'05954137'),('privateaccount','NL15PARQ0799569550',849230,NULL,NULL),('privateaccount','NL15PARQ0859929324',509799,NULL,NULL),('businessaccount','NL15PARQ0860340550',83467639,3,'53816462'),('businessaccount','NL15PARQ0888638543',97207325,6,'83631154'),('businessaccount','NL15PARQ0947859373',16057539,6,'06043626'),('businessaccount','NL16PARQ0045114219',222961,11,'94757385'),('privateaccount','NL16PARQ0072968148',65720,NULL,NULL),('privateaccount','NL16PARQ0081874357',88492,NULL,NULL),('businessaccount','NL16PARQ0092857761',56694961,6,'63809168'),('privateaccount','NL16PARQ0131690907',861621,NULL,NULL),('privateaccount','NL16PARQ0188084700',652731,NULL,NULL),('businessaccount','NL16PARQ0194905567',51198073,14,'20053030'),('privateaccount','NL16PARQ0256267748',432720,NULL,NULL),('privateaccount','NL16PARQ0281795932',116288,NULL,NULL),('businessaccount','NL16PARQ0307174316',22656000,3,'88211416'),('privateaccount','NL16PARQ0345397531',326782,NULL,NULL),('businessaccount','NL16PARQ0410729429',20601208,2,'06863157'),('privateaccount','NL16PARQ0415184700',832662,NULL,NULL),('businessaccount','NL16PARQ0434103602',17681501,3,'91583632'),('privateaccount','NL16PARQ0441521002',259189,NULL,NULL),('businessaccount','NL16PARQ0471571082',5048282,14,'25437945'),('privateaccount','NL16PARQ0542910975',225029,NULL,NULL),('privateaccount','NL16PARQ0595920957',652739,NULL,NULL),('privateaccount','NL16PARQ0651675258',25800,NULL,NULL),('privateaccount','NL16PARQ0711708557',468609,NULL,NULL),('businessaccount','NL16PARQ0807461226',729385,2,'59949462'),('privateaccount','NL16PARQ0813172420',527204,NULL,NULL),('privateaccount','NL16PARQ0848848393',26878,NULL,NULL),('privateaccount','NL16PARQ0902371503',321384,NULL,NULL),('businessaccount','NL16PARQ0914763727',64693833,14,'70148207'),('privateaccount','NL16PARQ0919190856',585665,NULL,NULL),('privateaccount','NL16PARQ0989108395',851909,NULL,NULL),('businessaccount','NL17PARQ0178046254',85492948,14,'31382294'),('businessaccount','NL17PARQ0226620371',42131949,3,'82263022'),('privateaccount','NL17PARQ0251050699',835646,NULL,NULL),('businessaccount','NL17PARQ0275389659',52146897,3,'73779890'),('privateaccount','NL17PARQ0303640578',686745,NULL,NULL),('businessaccount','NL17PARQ0342636122',37644085,14,'75957846'),('privateaccount','NL17PARQ0380316290',996915,NULL,NULL),('businessaccount','NL17PARQ0509762226',21982525,11,'52879737'),('businessaccount','NL17PARQ0580655602',89531397,11,'50254515'),('businessaccount','NL17PARQ0638242021',54434754,2,'12923156'),('privateaccount','NL17PARQ0639756863',331023,NULL,NULL),('privateaccount','NL17PARQ0766958468',454425,NULL,NULL),('privateaccount','NL17PARQ0785848669',159185,NULL,NULL),('businessaccount','NL17PARQ0827381306',23364800,3,'37026420'),('businessaccount','NL17PARQ0984686889',47692491,6,'50220789'),('businessaccount','NL17PARQ0997744915',97873499,6,'26747315'),('privateaccount','NL18PARQ0048649056',938994,NULL,NULL),('businessaccount','NL18PARQ0188764286',74158844,2,'87805589'),('privateaccount','NL18PARQ0227231827',331093,NULL,NULL),('businessaccount','NL18PARQ0254133472',63236024,6,'59104823'),('privateaccount','NL18PARQ0521178684',248486,NULL,NULL),('businessaccount','NL18PARQ0597998346',32140823,11,'29927399'),('businessaccount','NL18PARQ0599158836',60572403,3,'59848092'),('privateaccount','NL18PARQ0632727788',114931,NULL,NULL),('privateaccount','NL18PARQ0670099471',111044,NULL,NULL),('privateaccount','NL18PARQ0752979442',767673,NULL,NULL),('privateaccount','NL18PARQ0846029578',175308,NULL,NULL),('businessaccount','NL18PARQ0897441240',57620910,14,'58851156'),('businessaccount','NL18PARQ0916664932',98864925,6,'72684709'),('privateaccount','NL18PARQ0958969374',839754,NULL,NULL),('privateaccount','NL19PARQ0016719481',134136,NULL,NULL),('privateaccount','NL19PARQ0051434644',640727,NULL,NULL),('businessaccount','NL19PARQ0064455790',36009428,14,'05464510'),('privateaccount','NL19PARQ0115449034',672160,NULL,NULL),('privateaccount','NL19PARQ0116422993',459737,NULL,NULL),('businessaccount','NL19PARQ0168017578',93853117,11,'32727558'),('businessaccount','NL19PARQ0172129034',73257679,14,'27356211'),('privateaccount','NL19PARQ0210367352',858566,NULL,NULL),('privateaccount','NL19PARQ0277797302',446414,NULL,NULL),('privateaccount','NL19PARQ0285352811',289623,NULL,NULL),('businessaccount','NL19PARQ0325745778',13063023,14,'06947221'),('privateaccount','NL19PARQ0329557175',974683,NULL,NULL),('businessaccount','NL19PARQ0343251189',66283606,14,'08028277'),('businessaccount','NL19PARQ0379523957',50131877,2,'32096413'),('privateaccount','NL19PARQ0383076078',679889,NULL,NULL),('privateaccount','NL19PARQ0458027361',202836,NULL,NULL),('businessaccount','NL19PARQ0589854438',47884995,14,'98632124'),('privateaccount','NL19PARQ0607261419',333955,NULL,NULL),('privateaccount','NL19PARQ0673681281',252212,NULL,NULL),('privateaccount','NL19PARQ0676087679',459677,NULL,NULL),('privateaccount','NL19PARQ0678167168',324155,NULL,NULL),('privateaccount','NL19PARQ0691816233',132869,NULL,NULL),('businessaccount','NL19PARQ0694014453',18510115,3,'48447786'),('privateaccount','NL19PARQ0713244585',658668,NULL,NULL),('privateaccount','NL19PARQ0718539010',996984,NULL,NULL),('businessaccount','NL19PARQ0873027979',11145074,3,'47480487'),('businessaccount','NL19PARQ0933111044',18339993,14,'00274164'),('businessaccount','NL19PARQ0992020229',47088524,11,'31930830'),('businessaccount','NL20PARQ0147846366',53738923,3,'21585565'),('privateaccount','NL20PARQ0193439470',995124,NULL,NULL),('privateaccount','NL20PARQ0404767247',861440,NULL,NULL),('businessaccount','NL20PARQ0433706452',95039441,2,'22661712'),('businessaccount','NL20PARQ0443001391',26639174,3,'96760746'),('businessaccount','NL20PARQ0459029720',18847238,2,'47565962'),('privateaccount','NL20PARQ0482599564',625509,NULL,NULL),('businessaccount','NL20PARQ0528618378',35320220,11,'97423678'),('businessaccount','NL20PARQ0557149321',8719082,6,'00221193'),('businessaccount','NL20PARQ0592408032',38252640,11,'42193550'),('privateaccount','NL20PARQ0740189479',176442,NULL,NULL),('businessaccount','NL20PARQ0749207658',59938847,11,'01199526'),('privateaccount','NL20PARQ0749261829',886842,NULL,NULL),('privateaccount','NL20PARQ0778131964',980642,NULL,NULL),('businessaccount','NL20PARQ0834212322',65659490,11,'68649741'),('businessaccount','NL20PARQ0914637106',63495956,2,'33492038'),('businessaccount','NL20PARQ0914974004',84610352,2,'90287783'),('privateaccount','NL20PARQ0916895131',54012,NULL,NULL),('businessaccount','NL21PARQ0102748935',92386276,11,'76627215'),('businessaccount','NL21PARQ0118250019',34179806,14,'46866297'),('businessaccount','NL21PARQ0164330606',30601879,14,'44850728'),('privateaccount','NL21PARQ0354851478',95830,NULL,NULL),('businessaccount','NL21PARQ0354917581',35203545,2,'90071388'),('businessaccount','NL21PARQ0411478391',28507722,2,'79485688'),('businessaccount','NL21PARQ0423323058',3946031,6,'10344812'),('privateaccount','NL21PARQ0448405312',712815,NULL,NULL),('businessaccount','NL21PARQ0525426862',72179493,6,'23321396'),('businessaccount','NL21PARQ0562311130',29765660,3,'02196366'),('privateaccount','NL21PARQ0568861239',516982,NULL,NULL),('privateaccount','NL21PARQ0588257667',286849,NULL,NULL),('privateaccount','NL21PARQ0711459497',818009,NULL,NULL),('privateaccount','NL21PARQ0718329367',839585,NULL,NULL),('privateaccount','NL21PARQ0760202955',556172,NULL,NULL),('privateaccount','NL21PARQ0773503192',502184,NULL,NULL),('privateaccount','NL21PARQ0886759137',852452,NULL,NULL),('privateaccount','NL21PARQ0913808315',771003,NULL,NULL),('privateaccount','NL21PARQ0938224573',233338,NULL,NULL),('privateaccount','NL21PARQ0952054268',370266,NULL,NULL),('businessaccount','NL22PARQ0204794894',23335883,14,'61088056'),('businessaccount','NL22PARQ0269218999',21755840,6,'78423297'),('privateaccount','NL22PARQ0288618073',866467,NULL,NULL),('privateaccount','NL22PARQ0335504462',840792,NULL,NULL),('privateaccount','NL22PARQ0346710001',36885,NULL,NULL),('businessaccount','NL22PARQ0389828918',68728896,2,'97210401'),('privateaccount','NL22PARQ0402673763',825967,NULL,NULL),('privateaccount','NL22PARQ0458970956',711266,NULL,NULL),('businessaccount','NL22PARQ0514660347',69367254,6,'26402305'),('businessaccount','NL22PARQ0593364448',40055482,11,'81594581'),('businessaccount','NL22PARQ0636250001',29636049,11,'96381721'),('businessaccount','NL22PARQ0651103817',99913827,11,'79436061'),('businessaccount','NL22PARQ0845506614',88460912,11,'46239341'),('privateaccount','NL22PARQ0912004192',251613,NULL,NULL),('businessaccount','NL22PARQ0928813934',90284206,2,'05370791'),('businessaccount','NL22PARQ0948343219',98144460,6,'69869007'),('businessaccount','NL22PARQ0965073190',82422730,3,'19537883'),('businessaccount','NL23PARQ0002563619',67372833,11,'88305655'),('businessaccount','NL23PARQ0004809942',49924120,2,'49962800'),('privateaccount','NL23PARQ0060654616',638971,NULL,NULL),('privateaccount','NL23PARQ0126200560',317384,NULL,NULL),('businessaccount','NL23PARQ0161443200',46309384,2,'47393762'),('privateaccount','NL23PARQ0191170328',124660,NULL,NULL),('privateaccount','NL23PARQ0303016601',155866,NULL,NULL),('businessaccount','NL23PARQ0342443093',82647573,6,'36896149'),('privateaccount','NL23PARQ0354214764',714891,NULL,NULL),('privateaccount','NL23PARQ0445250441',647756,NULL,NULL),('businessaccount','NL23PARQ0528640643',34271846,6,'95696956'),('privateaccount','NL23PARQ0549262168',832071,NULL,NULL),('privateaccount','NL23PARQ0551231086',8822,NULL,NULL),('businessaccount','NL23PARQ0571717716',91004698,6,'69834847'),('privateaccount','NL23PARQ0657629119',87220,NULL,NULL),('privateaccount','NL23PARQ0701316643',502038,NULL,NULL),('privateaccount','NL23PARQ0849408368',80893,NULL,NULL),('businessaccount','NL24PARQ0072880416',35829079,14,'53023561'),('businessaccount','NL24PARQ0093594082',2908651,14,'00803647'),('businessaccount','NL24PARQ0099210569',33683375,3,'21774304'),('privateaccount','NL24PARQ0218830326',255738,NULL,NULL),('privateaccount','NL24PARQ0233592826',13500,NULL,NULL),('businessaccount','NL24PARQ0386769547',34559381,14,'39611719'),('businessaccount','NL24PARQ0395638818',93081140,2,'53871898'),('businessaccount','NL24PARQ0444098686',97522285,11,'95182227'),('privateaccount','NL24PARQ0694835689',539782,NULL,NULL),('businessaccount','NL24PARQ0715158963',32116233,11,'24431202'),('businessaccount','NL24PARQ0727894561',4882730,14,'24123834'),('privateaccount','NL24PARQ0750675914',918982,NULL,NULL),('businessaccount','NL24PARQ0758785130',68976068,3,'83581068'),('privateaccount','NL24PARQ0791657009',825588,NULL,NULL),('businessaccount','NL24PARQ0804469485',32574449,6,'13340805'),('businessaccount','NL24PARQ0833185785',3311832,11,'18843013'),('privateaccount','NL24PARQ0862229605',595304,NULL,NULL),('businessaccount','NL24PARQ0866363952',90403002,14,'97915680'),('businessaccount','NL24PARQ0987082366',96028523,14,'34192561'),('businessaccount','NL24PARQ0998576449',33965335,14,'57448846'),('businessaccount','NL25PARQ0342842709',2383291,14,'42957800'),('businessaccount','NL25PARQ0374258448',44258274,6,'10298360'),('privateaccount','NL25PARQ0392278500',129778,NULL,NULL),('businessaccount','NL25PARQ0406605710',95229770,3,'07692712'),('businessaccount','NL25PARQ0416112924',86678098,11,'44534199'),('businessaccount','NL25PARQ0499520506',52880011,2,'47134530'),('privateaccount','NL25PARQ0606617164',690303,NULL,NULL),('privateaccount','NL25PARQ0632929612',344841,NULL,NULL),('businessaccount','NL25PARQ0637205337',62127970,3,'07916325'),('privateaccount','NL25PARQ0672790936',316000,NULL,NULL),('privateaccount','NL25PARQ0901083328',385252,NULL,NULL),('privateaccount','NL25PARQ0957498280',180281,NULL,NULL),('privateaccount','NL26PARQ0033772739',826588,NULL,NULL),('businessaccount','NL26PARQ0088722639',93383472,3,'60635822'),('businessaccount','NL26PARQ0216716467',46172060,3,'09786891'),('businessaccount','NL26PARQ0224766879',80325873,14,'26393430'),('businessaccount','NL26PARQ0240119027',11989605,2,'65643254'),('privateaccount','NL26PARQ0252725809',390779,NULL,NULL),('businessaccount','NL26PARQ0321112704',32474540,6,'48953080'),('businessaccount','NL26PARQ0402760439',3744508,11,'14832392'),('privateaccount','NL26PARQ0413764950',430959,NULL,NULL),('privateaccount','NL26PARQ0440191715',237130,NULL,NULL),('businessaccount','NL26PARQ0505332046',43039112,14,'93525990'),('businessaccount','NL26PARQ0505675200',43871530,6,'55494401'),('privateaccount','NL26PARQ0540271911',608202,NULL,NULL),('privateaccount','NL26PARQ0543202033',726297,NULL,NULL),('businessaccount','NL26PARQ0550330774',51254587,11,'34335284'),('privateaccount','NL26PARQ0586896149',410160,NULL,NULL),('businessaccount','NL26PARQ0588182562',76176721,11,'80611907'),('businessaccount','NL26PARQ0614026898',78949889,6,'94287629'),('privateaccount','NL26PARQ0630875739',855283,NULL,NULL),('privateaccount','NL26PARQ0671476723',826795,NULL,NULL),('privateaccount','NL26PARQ0675042978',732701,NULL,NULL),('privateaccount','NL26PARQ0698016852',847474,NULL,NULL),('privateaccount','NL26PARQ0708415897',854396,NULL,NULL),('privateaccount','NL26PARQ0758211885',761678,NULL,NULL),('privateaccount','NL26PARQ0768779316',415260,NULL,NULL),('privateaccount','NL26PARQ0772309274',900906,NULL,NULL),('businessaccount','NL26PARQ0789776170',70475961,2,'14332698'),('privateaccount','NL26PARQ0798618393',453333,NULL,NULL),('businessaccount','NL26PARQ0819394976',23350446,2,'22308270'),('businessaccount','NL26PARQ0936400690',84083452,6,'75303369'),('businessaccount','NL26PARQ0990082041',52070546,6,'89714296'),('privateaccount','NL27PARQ0119863932',560012,NULL,NULL),('privateaccount','NL27PARQ0153564832',716765,NULL,NULL),('businessaccount','NL27PARQ0157144749',9204566,6,'31245272'),('privateaccount','NL27PARQ0189957263',29269,NULL,NULL),('privateaccount','NL27PARQ0236866917',91623,NULL,NULL),('privateaccount','NL27PARQ0279673461',851291,NULL,NULL),('businessaccount','NL27PARQ0322964796',33113195,6,'29819033'),('businessaccount','NL27PARQ0367646290',14985137,2,'52383894'),('businessaccount','NL27PARQ0406143426',36153022,6,'91163844'),('businessaccount','NL27PARQ0441323391',52367629,2,'49271532'),('privateaccount','NL27PARQ0446559558',356563,NULL,NULL),('privateaccount','NL27PARQ0575802283',979510,NULL,NULL),('privateaccount','NL27PARQ0729910212',481672,NULL,NULL),('businessaccount','NL27PARQ0734932521',31155648,6,'56712268'),('privateaccount','NL27PARQ0774779059',396522,NULL,NULL),('businessaccount','NL27PARQ0826192758',1652762,3,'70837346'),('privateaccount','NL27PARQ0858843743',961999,NULL,NULL),('businessaccount','NL27PARQ0957657555',12779481,6,'20298015'),('businessaccount','NL28PARQ0083751133',94052674,3,'33901988'),('privateaccount','NL28PARQ0090707391',725039,NULL,NULL),('privateaccount','NL28PARQ0238572711',776733,NULL,NULL),('businessaccount','NL28PARQ0274815097',15592109,14,'76713285'),('businessaccount','NL28PARQ0307628193',14873922,14,'88624958'),('businessaccount','NL28PARQ0344131811',77364789,2,'18514149'),('businessaccount','NL28PARQ0348079824',58117387,3,'72469517'),('businessaccount','NL28PARQ0366182112',1791503,6,'20856191'),('businessaccount','NL28PARQ0406641167',59002619,6,'70005608'),('privateaccount','NL28PARQ0500349151',738134,NULL,NULL),('privateaccount','NL28PARQ0510035398',568561,NULL,NULL),('businessaccount','NL28PARQ0524238674',2441561,11,'99918737'),('privateaccount','NL28PARQ0545351511',21822,NULL,NULL),('privateaccount','NL28PARQ0629199746',760138,NULL,NULL),('businessaccount','NL28PARQ0663755918',4422976,14,'93050055'),('businessaccount','NL28PARQ0669508892',32223996,2,'73544963'),('businessaccount','NL28PARQ0789463359',27120563,11,'56081048'),('businessaccount','NL28PARQ0815954609',88458604,11,'69274209'),('businessaccount','NL28PARQ0958886416',23411153,6,'64759352'),('privateaccount','NL28PARQ0975115651',904503,NULL,NULL),('privateaccount','NL29PARQ0037258465',186750,NULL,NULL),('privateaccount','NL29PARQ0113260380',25672,NULL,NULL),('businessaccount','NL29PARQ0286285148',84053753,11,'96713980'),('businessaccount','NL29PARQ0306484002',13572335,2,'75008171'),('privateaccount','NL29PARQ0342544487',588238,NULL,NULL),('businessaccount','NL29PARQ0377207898',74824495,11,'90474886'),('businessaccount','NL29PARQ0386315060',95749433,2,'52197854'),('businessaccount','NL29PARQ0442332050',6119821,6,'83421469'),('privateaccount','NL29PARQ0618139412',424207,NULL,NULL),('privateaccount','NL29PARQ0660492181',747388,NULL,NULL),('businessaccount','NL29PARQ0692273397',97551852,2,'53722313'),('businessaccount','NL29PARQ0720039805',38341116,6,'10771833'),('businessaccount','NL29PARQ0790076080',80512987,6,'67142954'),('businessaccount','NL29PARQ0807022326',2395425,14,'58974982'),('businessaccount','NL29PARQ0830381913',9638730,6,'82809334'),('privateaccount','NL29PARQ0902943321',618110,NULL,NULL),('privateaccount','NL29PARQ0904077236',361098,NULL,NULL),('privateaccount','NL30PARQ0077193265',540219,NULL,NULL),('businessaccount','NL30PARQ0100978054',3702349,11,'54590689'),('businessaccount','NL30PARQ0108409991',96691271,11,'95246881'),('businessaccount','NL30PARQ0327821188',55336402,14,'11106621'),('businessaccount','NL30PARQ0539579090',37722181,14,'09524281'),('businessaccount','NL30PARQ0540803445',55167457,6,'28818224'),('privateaccount','NL30PARQ0577411965',876529,NULL,NULL),('businessaccount','NL30PARQ0603759354',86836960,14,'41233343'),('privateaccount','NL30PARQ0631754592',57015,NULL,NULL),('businessaccount','NL30PARQ0655084481',70295476,2,'83492641'),('businessaccount','NL30PARQ0788694914',70435572,14,'46899542'),('businessaccount','NL30PARQ0834795687',28246632,11,'30499541'),('businessaccount','NL30PARQ0853549324',88347190,11,'01033471'),('businessaccount','NL30PARQ0935785038',69885780,2,'91549305'),('businessaccount','NL30PARQ0940950436',9307801,14,'51384110'),('businessaccount','NL31PARQ0120130320',70374908,11,'24851024'),('businessaccount','NL31PARQ0181046720',49852544,6,'98361559'),('privateaccount','NL31PARQ0193030510',209220,NULL,NULL),('privateaccount','NL31PARQ0370824388',47571,NULL,NULL),('privateaccount','NL31PARQ0396997566',896775,NULL,NULL),('businessaccount','NL31PARQ0412823574',29070581,2,'30001220'),('businessaccount','NL31PARQ0484361550',85440670,6,'47050891'),('businessaccount','NL31PARQ0503217173',53192159,14,'70528622'),('businessaccount','NL31PARQ0508767059',95599280,11,'01373816'),('privateaccount','NL31PARQ0517361477',669610,NULL,NULL),('privateaccount','NL31PARQ0536843761',429652,NULL,NULL),('privateaccount','NL31PARQ0582688773',21047,NULL,NULL),('privateaccount','NL31PARQ0598304805',252426,NULL,NULL),('businessaccount','NL31PARQ0693432132',69064949,3,'32462392'),('businessaccount','NL31PARQ0802434669',18849371,6,'15047426'),('privateaccount','NL31PARQ0806225432',130758,NULL,NULL),('businessaccount','NL31PARQ0816492105',59793088,6,'25163409'),('businessaccount','NL31PARQ0867268283',6864650,2,'19527077'),('privateaccount','NL31PARQ0892838288',956906,NULL,NULL),('privateaccount','NL31PARQ0916874002',318364,NULL,NULL),('businessaccount','NL31PARQ0927108618',68867682,3,'61873055'),('businessaccount','NL31PARQ0970627451',3113895,6,'14105853'),('businessaccount','NL32PARQ0015718085',29924021,6,'23331308'),('privateaccount','NL32PARQ0056874827',130784,NULL,NULL),('privateaccount','NL32PARQ0076204177',148975,NULL,NULL),('businessaccount','NL32PARQ0146832241',13435556,14,'71778250'),('businessaccount','NL32PARQ0201608282',33128725,14,'27968161'),('businessaccount','NL32PARQ0279728445',92132822,11,'04862239'),('privateaccount','NL32PARQ0283338197',669665,NULL,NULL),('businessaccount','NL32PARQ0303010827',74487860,2,'71943568'),('privateaccount','NL32PARQ0310365300',383121,NULL,NULL),('businessaccount','NL32PARQ0318794769',12515958,11,'65140180'),('businessaccount','NL32PARQ0333420156',69223195,11,'70596285'),('businessaccount','NL32PARQ0343657456',90240979,3,'51542546'),('businessaccount','NL32PARQ0464252071',87061517,6,'78336925'),('privateaccount','NL32PARQ0550743148',219645,NULL,NULL),('businessaccount','NL32PARQ0591862397',17129422,6,'39374139'),('privateaccount','NL32PARQ0607194336',27941,NULL,NULL),('privateaccount','NL32PARQ0623631594',764466,NULL,NULL),('privateaccount','NL32PARQ0699826972',351978,NULL,NULL),('businessaccount','NL32PARQ0756620864',35418530,14,'71539837'),('businessaccount','NL32PARQ0836841715',13238664,6,'60948251'),('businessaccount','NL32PARQ0892463211',49240145,14,'55218150'),('privateaccount','NL32PARQ0991541342',771992,NULL,NULL),('businessaccount','NL33PARQ0108210078',82281396,14,'61264251'),('privateaccount','NL33PARQ0127094010',519524,NULL,NULL),('privateaccount','NL33PARQ0140143942',80347,NULL,NULL),('businessaccount','NL33PARQ0172270458',38621276,2,'14561270'),('businessaccount','NL33PARQ0200849877',97884981,11,'97798382'),('businessaccount','NL33PARQ0209833373',25879419,6,'75367263'),('privateaccount','NL33PARQ0283284963',652091,NULL,NULL),('businessaccount','NL33PARQ0284359362',18006831,3,'48204609'),('businessaccount','NL33PARQ0308184834',65806407,2,'50063700'),('privateaccount','NL33PARQ0409313957',845467,NULL,NULL),('businessaccount','NL33PARQ0439407068',52536212,6,'41241985'),('businessaccount','NL33PARQ0550197433',15521864,6,'27084295'),('businessaccount','NL33PARQ0616387766',27501938,14,'49701998'),('businessaccount','NL33PARQ0750139634',61152795,11,'63695936'),('privateaccount','NL33PARQ0831157478',553579,NULL,NULL),('privateaccount','NL33PARQ0889464953',793646,NULL,NULL),('privateaccount','NL33PARQ0900868488',365984,NULL,NULL),('businessaccount','NL33PARQ0921297998',73115624,3,'55397820'),('privateaccount','NL33PARQ0923497864',399660,NULL,NULL),('privateaccount','NL33PARQ0986059267',425237,NULL,NULL),('businessaccount','NL33PARQ0999681667',17078237,3,'75929124'),('privateaccount','NL34PARQ0043892319',119982,NULL,NULL),('privateaccount','NL34PARQ0047884183',864517,NULL,NULL),('privateaccount','NL34PARQ0079222624',902249,NULL,NULL),('businessaccount','NL34PARQ0125803617',99789234,2,'54646292'),('privateaccount','NL34PARQ0135908962',661860,NULL,NULL),('privateaccount','NL34PARQ0158887446',916752,NULL,NULL),('privateaccount','NL34PARQ0183641546',607199,NULL,NULL),('privateaccount','NL34PARQ0225328349',172858,NULL,NULL),('privateaccount','NL34PARQ0351045955',370294,NULL,NULL),('businessaccount','NL34PARQ0369905770',85557455,6,'15706216'),('businessaccount','NL34PARQ0387629955',80232477,14,'77846256'),('businessaccount','NL34PARQ0413840345',91433671,6,'21055798'),('privateaccount','NL34PARQ0428110891',361363,NULL,NULL),('businessaccount','NL34PARQ0433119557',70469713,2,'50581053'),('privateaccount','NL34PARQ0467225579',495612,NULL,NULL),('privateaccount','NL34PARQ0478545656',644025,NULL,NULL),('businessaccount','NL34PARQ0592770039',67385652,11,'17690437'),('businessaccount','NL34PARQ0623848187',31077764,2,'21098020'),('privateaccount','NL34PARQ0700835602',217201,NULL,NULL),('businessaccount','NL34PARQ0721491516',77104458,3,'30335822'),('businessaccount','NL34PARQ0834475811',23653040,3,'26919337'),('privateaccount','NL34PARQ0899731374',27354,NULL,NULL),('privateaccount','NL34PARQ0902303511',48799,NULL,NULL),('businessaccount','NL34PARQ0928122260',17324982,11,'82150405'),('privateaccount','NL34PARQ0936410115',206482,NULL,NULL),('businessaccount','NL34PARQ0989629586',21311705,6,'93854201'),('businessaccount','NL35PARQ0031505225',74029707,14,'82433424'),('privateaccount','NL35PARQ0062488454',324795,NULL,NULL),('businessaccount','NL35PARQ0197183009',7399273,6,'63032950'),('privateaccount','NL35PARQ0335147792',487128,NULL,NULL),('businessaccount','NL35PARQ0341896311',70220888,6,'16614690'),('businessaccount','NL35PARQ0451411757',64722820,14,'48052796'),('privateaccount','NL35PARQ0487160751',98548,NULL,NULL),('privateaccount','NL35PARQ0557041953',557292,NULL,NULL),('businessaccount','NL35PARQ0571818929',6195047,14,'36192778'),('businessaccount','NL35PARQ0594862306',72386422,14,'42565633'),('privateaccount','NL35PARQ0617112312',786279,NULL,NULL),('privateaccount','NL35PARQ0706291682',242328,NULL,NULL),('businessaccount','NL35PARQ0713690380',68381450,11,'66710937'),('businessaccount','NL35PARQ0779280001',93820845,6,'86831892'),('businessaccount','NL35PARQ0837898532',43049293,2,'46012354'),('businessaccount','NL36PARQ0016204966',25436156,3,'96941202'),('privateaccount','NL36PARQ0020541351',417854,NULL,NULL),('privateaccount','NL36PARQ0068203734',487809,NULL,NULL),('privateaccount','NL36PARQ0109903411',908373,NULL,NULL),('privateaccount','NL36PARQ0116745132',499935,NULL,NULL),('privateaccount','NL36PARQ0138081380',92088,NULL,NULL),('privateaccount','NL36PARQ0216487581',48098,NULL,NULL),('privateaccount','NL36PARQ0229212958',889574,NULL,NULL),('businessaccount','NL36PARQ0262608566',61093052,14,'70532686'),('businessaccount','NL36PARQ0382587463',75896543,14,'95859101'),('privateaccount','NL36PARQ0493572122',34556,NULL,NULL),('businessaccount','NL36PARQ0497040776',31563892,14,'23396032'),('businessaccount','NL36PARQ0519694826',67265587,6,'15108044'),('businessaccount','NL36PARQ0525118196',47115548,11,'23480170'),('businessaccount','NL36PARQ0564631665',57999309,6,'40812502'),('privateaccount','NL36PARQ0592055658',568837,NULL,NULL),('businessaccount','NL36PARQ0629982063',54026686,14,'99469256'),('privateaccount','NL36PARQ0672498398',710942,NULL,NULL),('businessaccount','NL36PARQ0698680548',14470543,14,'78128226'),('businessaccount','NL36PARQ0734924985',24172663,3,'28979612'),('privateaccount','NL36PARQ0738533881',424074,NULL,NULL),('privateaccount','NL36PARQ0769152593',290166,NULL,NULL),('businessaccount','NL36PARQ0795486525',15822432,3,'79056349'),('privateaccount','NL36PARQ0870181384',777006,NULL,NULL),('businessaccount','NL36PARQ0904156409',93365990,3,'25808684'),('privateaccount','NL36PARQ0951090373',499481,NULL,NULL),('businessaccount','NL36PARQ0956406323',5375180,2,'16773761'),('privateaccount','NL37PARQ0036673258',697115,NULL,NULL),('privateaccount','NL37PARQ0061830131',492288,NULL,NULL),('businessaccount','NL37PARQ0102052117',24441585,3,'83344467'),('businessaccount','NL37PARQ0162878021',90073391,3,'98441071'),('businessaccount','NL37PARQ0222865254',14812301,14,'64979273'),('privateaccount','NL37PARQ0232285992',715926,NULL,NULL),('businessaccount','NL37PARQ0241029082',69972190,2,'32524321'),('businessaccount','NL37PARQ0324310149',35958371,3,'19196560'),('privateaccount','NL37PARQ0365486843',418751,NULL,NULL),('privateaccount','NL37PARQ0394406779',922440,NULL,NULL),('privateaccount','NL37PARQ0547807141',767623,NULL,NULL),('businessaccount','NL37PARQ0657252664',62305825,11,'36394731'),('businessaccount','NL37PARQ0669860526',22753304,14,'06649584'),('privateaccount','NL37PARQ0701206978',804837,NULL,NULL),('businessaccount','NL37PARQ0737657970',52129814,6,'68745439'),('privateaccount','NL37PARQ0873785769',763165,NULL,NULL),('businessaccount','NL37PARQ0904090484',34323716,14,'61630649'),('privateaccount','NL37PARQ0909640506',690153,NULL,NULL),('privateaccount','NL37PARQ0925354547',215459,NULL,NULL),('privateaccount','NL37PARQ0976593598',320853,NULL,NULL),('privateaccount','NL37PARQ0997668339',424428,NULL,NULL),('businessaccount','NL38PARQ0052274534',73746739,14,'85402089'),('businessaccount','NL38PARQ0072408487',64697869,2,'53956915'),('privateaccount','NL38PARQ0245211587',340776,NULL,NULL),('privateaccount','NL38PARQ0321227990',953482,NULL,NULL),('businessaccount','NL38PARQ0328666763',81396326,2,'43769466'),('privateaccount','NL38PARQ0393317363',897070,NULL,NULL),('businessaccount','NL38PARQ0397483280',71381602,11,'21891521'),('businessaccount','NL38PARQ0439202476',60332586,3,'56030618'),('privateaccount','NL38PARQ0439705617',479394,NULL,NULL),('privateaccount','NL38PARQ0451663824',693913,NULL,NULL),('businessaccount','NL38PARQ0470365161',88856200,3,'16153427'),('privateaccount','NL38PARQ0538709662',592876,NULL,NULL),('privateaccount','NL38PARQ0548662069',973091,NULL,NULL),('privateaccount','NL38PARQ0548977351',992246,NULL,NULL),('businessaccount','NL38PARQ0555152746',34771413,3,'35240049'),('businessaccount','NL38PARQ0592333699',20116573,2,'49986585'),('businessaccount','NL38PARQ0674105395',98954931,6,'36745098'),('privateaccount','NL38PARQ0693356029',20923,NULL,NULL),('businessaccount','NL38PARQ0784132831',48254290,11,'30206618'),('businessaccount','NL38PARQ0864530341',91610571,14,'87012515'),('businessaccount','NL38PARQ0990759169',23304028,14,'38612184'),('businessaccount','NL39PARQ0075251541',47355711,6,'94435513'),('businessaccount','NL39PARQ0140301629',3650171,14,'27402606'),('businessaccount','NL39PARQ0203812784',90525013,6,'67378824'),('businessaccount','NL39PARQ0210267167',57137660,11,'65698715'),('businessaccount','NL39PARQ0270321652',60864186,11,'62842684'),('privateaccount','NL39PARQ0303909039',807173,NULL,NULL),('businessaccount','NL39PARQ0308340922',92529863,3,'37062792'),('businessaccount','NL39PARQ0426139459',22758427,6,'52461259'),('businessaccount','NL39PARQ0478980524',97958500,14,'88361379'),('businessaccount','NL39PARQ0498290897',13227767,3,'88255719'),('businessaccount','NL39PARQ0518631078',87378481,2,'40400962'),('businessaccount','NL39PARQ0532734442',92396634,11,'83135176'),('businessaccount','NL39PARQ0537532036',74264982,3,'08707549'),('businessaccount','NL39PARQ0553063598',46905811,3,'32877887'),('privateaccount','NL39PARQ0569043516',555769,NULL,NULL),('privateaccount','NL39PARQ0602533490',638480,NULL,NULL),('privateaccount','NL39PARQ0610727747',84655,NULL,NULL),('privateaccount','NL39PARQ0675954162',384472,NULL,NULL),('businessaccount','NL39PARQ0682889995',29042260,11,'62064410'),('businessaccount','NL39PARQ0709307656',84159349,14,'76337253'),('businessaccount','NL39PARQ0711336209',57434005,14,'20973302'),('businessaccount','NL39PARQ0716596052',94638562,14,'25672431'),('privateaccount','NL39PARQ0737591687',846178,NULL,NULL),('businessaccount','NL39PARQ0740380641',31944024,3,'33342255'),('privateaccount','NL39PARQ0746771809',866597,NULL,NULL),('businessaccount','NL39PARQ0784881643',28601850,14,'21374347'),('privateaccount','NL39PARQ0922575782',704396,NULL,NULL),('privateaccount','NL40PARQ0192156603',439361,NULL,NULL),('privateaccount','NL40PARQ0223129279',846294,NULL,NULL),('businessaccount','NL40PARQ0237019988',25114003,2,'61442392'),('businessaccount','NL40PARQ0261956597',11626568,2,'00856828'),('businessaccount','NL40PARQ0287009244',90819447,2,'16383447'),('businessaccount','NL40PARQ0294786494',23066796,2,'46579494'),('businessaccount','NL40PARQ0317302158',42933976,6,'99060744'),('businessaccount','NL40PARQ0437372683',30162215,3,'66829908'),('businessaccount','NL40PARQ0463947063',80176648,11,'15977048'),('businessaccount','NL40PARQ0479466973',17799345,2,'65123274'),('privateaccount','NL40PARQ0493599466',223785,NULL,NULL),('privateaccount','NL40PARQ0602313493',499827,NULL,NULL),('privateaccount','NL40PARQ0636525427',501900,NULL,NULL),('businessaccount','NL40PARQ0677574338',26773794,14,'26932479'),('privateaccount','NL40PARQ0703603911',237217,NULL,NULL),('businessaccount','NL40PARQ0725329590',35401783,6,'41986590'),('privateaccount','NL40PARQ0747884545',754829,NULL,NULL),('privateaccount','NL40PARQ0755360774',951532,NULL,NULL),('privateaccount','NL40PARQ0755568811',422201,NULL,NULL),('businessaccount','NL40PARQ0790081783',47218834,11,'88279207'),('privateaccount','NL40PARQ0814111423',195061,NULL,NULL),('privateaccount','NL40PARQ0839853503',959955,NULL,NULL),('businessaccount','NL40PARQ0854334924',50816900,3,'46514854'),('businessaccount','NL40PARQ0894557724',61038608,11,'50178016'),('privateaccount','NL40PARQ0903806871',137696,NULL,NULL),('privateaccount','NL40PARQ0927372661',774243,NULL,NULL),('privateaccount','NL41PARQ0006479978',103609,NULL,NULL),('privateaccount','NL41PARQ0105750714',137377,NULL,NULL),('privateaccount','NL41PARQ0264254282',402582,NULL,NULL),('privateaccount','NL41PARQ0275523191',614137,NULL,NULL),('businessaccount','NL41PARQ0339703366',40493347,6,'97574525'),('privateaccount','NL41PARQ0397102015',848788,NULL,NULL),('privateaccount','NL41PARQ0508253214',731107,NULL,NULL),('businessaccount','NL41PARQ0522050949',62265828,3,'76652636'),('privateaccount','NL41PARQ0552901678',997908,NULL,NULL),('privateaccount','NL41PARQ0643624610',312922,NULL,NULL),('privateaccount','NL41PARQ0708628665',108297,NULL,NULL),('businessaccount','NL41PARQ0718829091',96565348,11,'35512236'),('privateaccount','NL41PARQ0734058838',288906,NULL,NULL),('privateaccount','NL41PARQ0739461418',220460,NULL,NULL),('businessaccount','NL41PARQ0763353588',37085386,3,'45892314'),('businessaccount','NL41PARQ0848917003',43311732,14,'25850370'),('businessaccount','NL41PARQ0852636445',65820799,3,'19210582'),('privateaccount','NL41PARQ0862645972',669950,NULL,NULL),('privateaccount','NL41PARQ0979959356',29036,NULL,NULL),('businessaccount','NL42PARQ0019755789',85117714,2,'28878952'),('privateaccount','NL42PARQ0054805672',638415,NULL,NULL),('privateaccount','NL42PARQ0064600219',440783,NULL,NULL),('privateaccount','NL42PARQ0074030375',761241,NULL,NULL),('privateaccount','NL42PARQ0234313186',995717,NULL,NULL),('privateaccount','NL42PARQ0236077812',348218,NULL,NULL),('privateaccount','NL42PARQ0278883741',872994,NULL,NULL),('businessaccount','NL42PARQ0321502317',21227388,11,'15658988'),('privateaccount','NL42PARQ0325698040',147474,NULL,NULL),('privateaccount','NL42PARQ0328423770',102855,NULL,NULL),('businessaccount','NL42PARQ0343144787',7188463,6,'13384724'),('privateaccount','NL42PARQ0410528524',843692,NULL,NULL),('businessaccount','NL42PARQ0451585239',61083871,3,'43455251'),('businessaccount','NL42PARQ0452640630',87893036,3,'71728623'),('businessaccount','NL42PARQ0521575310',42297971,3,'63482189'),('businessaccount','NL42PARQ0567795642',77312066,6,'63906498'),('businessaccount','NL42PARQ0610738060',7100432,3,'30989638'),('privateaccount','NL42PARQ0634629018',362072,NULL,NULL),('privateaccount','NL42PARQ0752191545',840811,NULL,NULL),('privateaccount','NL42PARQ0754250190',880110,NULL,NULL),('businessaccount','NL42PARQ0820201287',89877428,3,'00174065'),('privateaccount','NL42PARQ0848060822',902340,NULL,NULL),('businessaccount','NL42PARQ0920047619',63625647,6,'38723032'),('privateaccount','NL42PARQ0952874693',765381,NULL,NULL),('businessaccount','NL43PARQ0097232576',83870322,6,'69307965'),('privateaccount','NL43PARQ0183604482',732557,NULL,NULL),('businessaccount','NL43PARQ0199605752',41048834,2,'91446819'),('privateaccount','NL43PARQ0261522642',420159,NULL,NULL),('privateaccount','NL43PARQ0277680269',335785,NULL,NULL),('businessaccount','NL43PARQ0367055551',31378604,3,'72433685'),('privateaccount','NL43PARQ0379466074',229537,NULL,NULL),('privateaccount','NL43PARQ0401624214',83723,NULL,NULL),('businessaccount','NL43PARQ0517788844',302157,2,'27924870'),('privateaccount','NL43PARQ0597558928',845760,NULL,NULL),('privateaccount','NL43PARQ0603916002',410794,NULL,NULL),('privateaccount','NL43PARQ0632548234',806675,NULL,NULL),('privateaccount','NL43PARQ0643017118',717223,NULL,NULL),('privateaccount','NL43PARQ0656147640',298071,NULL,NULL),('businessaccount','NL43PARQ0689604349',65098362,3,'48239214'),('businessaccount','NL43PARQ0708614673',37973406,2,'01038112'),('businessaccount','NL43PARQ0812777015',79681418,2,'85935746'),('businessaccount','NL43PARQ0813689058',89551057,3,'58722780'),('privateaccount','NL43PARQ0928455501',297320,NULL,NULL),('businessaccount','NL44PARQ0054065976',41367996,11,'43559726'),('privateaccount','NL44PARQ0065386450',460018,NULL,NULL),('businessaccount','NL44PARQ0077268863',45902494,3,'88805733'),('businessaccount','NL44PARQ0110951912',30106383,11,'51394169'),('privateaccount','NL44PARQ0176327218',454668,NULL,NULL),('businessaccount','NL44PARQ0228275645',77864694,2,'15071488'),('privateaccount','NL44PARQ0243568539',537823,NULL,NULL),('businessaccount','NL44PARQ0277565243',4101410,6,'49790317'),('businessaccount','NL44PARQ0442097994',27390824,2,'39630737'),('businessaccount','NL44PARQ0532831399',37997221,2,'69910674'),('privateaccount','NL44PARQ0583370611',350495,NULL,NULL),('businessaccount','NL44PARQ0595241831',22669062,6,'99014017'),('businessaccount','NL44PARQ0602589479',31001919,11,'49427083'),('businessaccount','NL44PARQ0726032050',53001012,6,'96250919'),('privateaccount','NL44PARQ0819566977',700619,NULL,NULL),('businessaccount','NL44PARQ0839405893',73895362,14,'82234310'),('businessaccount','NL44PARQ0976098592',54593552,2,'08459731'),('businessaccount','NL45PARQ0136565085',28571302,3,'07533059'),('privateaccount','NL45PARQ0214281423',590503,NULL,NULL),('privateaccount','NL45PARQ0360828579',241457,NULL,NULL),('businessaccount','NL45PARQ0399380038',67372760,2,'18809171'),('businessaccount','NL45PARQ0496784095',47943405,14,'59563392'),('businessaccount','NL45PARQ0601516028',1791822,6,'31925136'),('privateaccount','NL45PARQ0661320674',267725,NULL,NULL),('businessaccount','NL45PARQ0782905446',94611873,6,'04139851'),('businessaccount','NL45PARQ0914647290',20465479,14,'50767565'),('privateaccount','NL46PARQ0048026217',529678,NULL,NULL),('businessaccount','NL46PARQ0178795516',36094777,14,'07933057'),('privateaccount','NL46PARQ0224016709',180216,NULL,NULL),('businessaccount','NL46PARQ0306006171',43462608,14,'77280526'),('privateaccount','NL46PARQ0375332175',560757,NULL,NULL),('businessaccount','NL46PARQ0435772055',21977604,11,'78446677'),('privateaccount','NL46PARQ0458182743',760897,NULL,NULL),('privateaccount','NL46PARQ0494143352',590648,NULL,NULL),('businessaccount','NL46PARQ0497949129',25453079,11,'47611503'),('privateaccount','NL46PARQ0506440836',684555,NULL,NULL),('privateaccount','NL46PARQ0546372366',508261,NULL,NULL),('businessaccount','NL46PARQ0552104116',57690920,3,'58154875'),('businessaccount','NL46PARQ0561106715',41067425,3,'00995536'),('businessaccount','NL46PARQ0584424033',61297078,14,'09868089'),('businessaccount','NL46PARQ0590990166',16975106,3,'02679716'),('privateaccount','NL46PARQ0591262878',662879,NULL,NULL),('privateaccount','NL46PARQ0616002152',403951,NULL,NULL),('businessaccount','NL46PARQ0668941357',93251822,2,'26574294'),('businessaccount','NL46PARQ0737735866',64658215,11,'85654527'),('privateaccount','NL46PARQ0800469010',134212,NULL,NULL),('businessaccount','NL46PARQ0801726240',14501691,2,'46408152'),('businessaccount','NL46PARQ0806110433',3660822,2,'76496999'),('businessaccount','NL46PARQ0857390659',13250045,14,'82069863'),('privateaccount','NL46PARQ0865812050',245585,NULL,NULL),('businessaccount','NL46PARQ0953044438',89362490,6,'90811877'),('businessaccount','NL47PARQ0108728929',43151929,14,'41447793'),('businessaccount','NL47PARQ0119694180',81812371,6,'58470033'),('privateaccount','NL47PARQ0190750250',429214,NULL,NULL),('businessaccount','NL47PARQ0207327328',10030305,14,'31067309'),('businessaccount','NL47PARQ0220706368',31354025,3,'98210245'),('businessaccount','NL47PARQ0271365764',48071136,11,'69846059'),('businessaccount','NL47PARQ0273685328',44097154,14,'74093404'),('businessaccount','NL47PARQ0279485559',10892184,14,'57499844'),('businessaccount','NL47PARQ0313402253',1377848,6,'96422875'),('businessaccount','NL47PARQ0335458879',42136454,2,'69069059'),('businessaccount','NL47PARQ0431023809',67452907,6,'09566470'),('privateaccount','NL47PARQ0444433483',802396,NULL,NULL),('privateaccount','NL47PARQ0447901374',262769,NULL,NULL),('businessaccount','NL47PARQ0458772235',65540462,2,'54165145'),('privateaccount','NL47PARQ0485062426',849880,NULL,NULL),('businessaccount','NL47PARQ0507723508',55084081,6,'69608270'),('privateaccount','NL47PARQ0541235636',861916,NULL,NULL),('privateaccount','NL47PARQ0569895263',81671,NULL,NULL),('businessaccount','NL47PARQ0636238768',39942093,2,'54348212'),('privateaccount','NL47PARQ0668894180',862227,NULL,NULL),('privateaccount','NL47PARQ0704322091',35567,NULL,NULL),('privateaccount','NL47PARQ0704830863',397119,NULL,NULL),('privateaccount','NL47PARQ0717955790',49376,NULL,NULL),('privateaccount','NL47PARQ0741766796',601356,NULL,NULL),('privateaccount','NL47PARQ0744840289',987016,NULL,NULL),('businessaccount','NL47PARQ0815637068',45671734,6,'54385153'),('privateaccount','NL47PARQ0917869975',225885,NULL,NULL),('privateaccount','NL47PARQ0941832567',433288,NULL,NULL),('businessaccount','NL47PARQ0967366670',56920636,6,'43821366'),('businessaccount','NL48PARQ0002698744',61404849,11,'17765398'),('businessaccount','NL48PARQ0004708596',9126318,3,'35248490'),('businessaccount','NL48PARQ0070889936',3345358,6,'49014339'),('businessaccount','NL48PARQ0091771092',45006317,14,'94604454'),('privateaccount','NL48PARQ0118212174',899228,NULL,NULL),('businessaccount','NL48PARQ0301057228',21503506,14,'76423441'),('privateaccount','NL48PARQ0400042237',7525,NULL,NULL),('businessaccount','NL48PARQ0400404545',85039144,3,'40951351'),('businessaccount','NL48PARQ0408461948',83515641,6,'01653222'),('businessaccount','NL48PARQ0488564674',71429063,6,'03588345'),('businessaccount','NL48PARQ0532587346',49391098,14,'45588227'),('businessaccount','NL48PARQ0534851637',44119393,6,'33888448'),('businessaccount','NL48PARQ0539639601',88640104,11,'32904802'),('businessaccount','NL48PARQ0542348358',55874783,3,'27723121'),('privateaccount','NL48PARQ0566545243',377941,NULL,NULL),('businessaccount','NL48PARQ0570018556',10601194,14,'52993289'),('businessaccount','NL48PARQ0576084328',58854427,2,'57272615'),('businessaccount','NL48PARQ0600029504',74732171,6,'53007974'),('businessaccount','NL48PARQ0767359707',53139488,14,'33384137'),('privateaccount','NL48PARQ0771524130',33641,NULL,NULL),('privateaccount','NL48PARQ0773258944',927222,NULL,NULL),('businessaccount','NL48PARQ0860166928',84575219,3,'68361668'),('businessaccount','NL48PARQ0882573330',72472433,3,'44272326'),('businessaccount','NL48PARQ0906934560',91625072,14,'16241091'),('privateaccount','NL48PARQ0918523619',412917,NULL,NULL),('businessaccount','NL48PARQ0935095997',79496655,14,'45631099'),('privateaccount','NL48PARQ0949457006',801295,NULL,NULL),('businessaccount','NL48PARQ0959043125',16314501,11,'56828611'),('privateaccount','NL48PARQ0961970023',544086,NULL,NULL),('businessaccount','NL48PARQ0994848326',45731710,2,'97389016'),('privateaccount','NL49PARQ0010737626',357713,NULL,NULL),('privateaccount','NL49PARQ0064303284',886080,NULL,NULL),('privateaccount','NL49PARQ0129723013',435919,NULL,NULL),('privateaccount','NL49PARQ0272548174',750055,NULL,NULL),('businessaccount','NL49PARQ0284647544',67095587,11,'44853259'),('privateaccount','NL49PARQ0290498768',569905,NULL,NULL),('privateaccount','NL49PARQ0299300324',839901,NULL,NULL),('businessaccount','NL49PARQ0301203949',18287811,6,'65768126'),('privateaccount','NL49PARQ0335253290',31192,NULL,NULL),('privateaccount','NL49PARQ0419210515',782080,NULL,NULL),('businessaccount','NL49PARQ0487373630',27753155,2,'58583118'),('privateaccount','NL49PARQ0515942521',786852,NULL,NULL),('businessaccount','NL49PARQ0533509460',46167613,2,'20307548'),('privateaccount','NL49PARQ0561633358',500055,NULL,NULL),('businessaccount','NL49PARQ0576130426',30769261,3,'31236649'),('privateaccount','NL49PARQ0580315560',256960,NULL,NULL),('privateaccount','NL49PARQ0591985285',25665,NULL,NULL),('privateaccount','NL49PARQ0623789079',215618,NULL,NULL),('businessaccount','NL49PARQ0643293030',21703274,3,'36976868'),('privateaccount','NL49PARQ0662965163',211285,NULL,NULL),('businessaccount','NL49PARQ0664436149',77057105,6,'25510506'),('privateaccount','NL49PARQ0719689846',170090,NULL,NULL),('privateaccount','NL49PARQ0734226462',613569,NULL,NULL),('businessaccount','NL49PARQ0738109498',70056637,3,'98321237'),('privateaccount','NL49PARQ0776316623',718620,NULL,NULL),('privateaccount','NL49PARQ0793876742',640658,NULL,NULL),('privateaccount','NL49PARQ0832606404',175868,NULL,NULL),('privateaccount','NL49PARQ0840736132',422521,NULL,NULL),('businessaccount','NL49PARQ0845731827',71426986,11,'70563791'),('businessaccount','NL49PARQ0882097229',92278748,6,'76520068'),('privateaccount','NL49PARQ0923478769',579830,NULL,NULL),('businessaccount','NL49PARQ0942027526',44234607,6,'18606744'),('privateaccount','NL50PARQ0023776604',667652,NULL,NULL),('businessaccount','NL50PARQ0113667264',1836860,11,'46556281'),('businessaccount','NL50PARQ0130105588',2430144,14,'90481312'),('privateaccount','NL50PARQ0138790413',822698,NULL,NULL),('businessaccount','NL50PARQ0217096285',70724025,3,'41620076'),('businessaccount','NL50PARQ0258443399',88994250,14,'00378743'),('privateaccount','NL50PARQ0309417959',894443,NULL,NULL),('privateaccount','NL50PARQ0328711168',985749,NULL,NULL),('privateaccount','NL50PARQ0358124643',118118,NULL,NULL),('privateaccount','NL50PARQ0364734891',747065,NULL,NULL),('privateaccount','NL50PARQ0407156979',222736,NULL,NULL),('businessaccount','NL50PARQ0413777824',1564688,14,'49466464'),('privateaccount','NL50PARQ0486763613',985875,NULL,NULL),('privateaccount','NL50PARQ0507565608',329385,NULL,NULL),('businessaccount','NL50PARQ0539941475',95598660,3,'66953836'),('businessaccount','NL50PARQ0592702669',94623092,11,'11804490'),('privateaccount','NL50PARQ0632730571',429313,NULL,NULL),('businessaccount','NL50PARQ0797949620',55384954,2,'80535736'),('privateaccount','NL50PARQ0887337355',748046,NULL,NULL),('privateaccount','NL51PARQ0028131906',172692,NULL,NULL),('businessaccount','NL51PARQ0141566368',37421027,2,'15397758'),('privateaccount','NL51PARQ0187730654',282723,NULL,NULL),('businessaccount','NL51PARQ0312806679',28569123,3,'24346991'),('businessaccount','NL51PARQ0447625330',96950416,14,'65669024'),('businessaccount','NL51PARQ0459022027',25758177,2,'06953835'),('businessaccount','NL51PARQ0473983761',31920450,14,'52752395'),('privateaccount','NL51PARQ0489131921',961581,NULL,NULL),('businessaccount','NL51PARQ0578417514',32554362,11,'56703824'),('businessaccount','NL51PARQ0614711023',33466095,6,'72387824'),('privateaccount','NL51PARQ0632290850',27806,NULL,NULL),('privateaccount','NL51PARQ0650170129',499955,NULL,NULL),('privateaccount','NL51PARQ0722443090',318196,NULL,NULL),('privateaccount','NL51PARQ0768051626',582532,NULL,NULL),('privateaccount','NL51PARQ0804341067',65712,NULL,NULL),('businessaccount','NL51PARQ0827144222',23292379,14,'61827905'),('privateaccount','NL51PARQ0896523978',185668,NULL,NULL),('businessaccount','NL51PARQ0978488450',26658317,11,'71057523'),('privateaccount','NL52PARQ0069674462',846202,NULL,NULL),('privateaccount','NL52PARQ0097551653',47740,NULL,NULL),('privateaccount','NL52PARQ0130641852',640782,NULL,NULL),('privateaccount','NL52PARQ0216887222',605209,NULL,NULL),('businessaccount','NL52PARQ0297266976',28915992,3,'71084951'),('privateaccount','NL52PARQ0364957348',792302,NULL,NULL),('privateaccount','NL52PARQ0412410702',230481,NULL,NULL),('businessaccount','NL52PARQ0429901344',93940752,6,'56189010'),('businessaccount','NL52PARQ0492874530',93577099,14,'23576569'),('privateaccount','NL52PARQ0511099396',26591,NULL,NULL),('privateaccount','NL52PARQ0513476629',105142,NULL,NULL),('businessaccount','NL52PARQ0609452779',85057735,2,'04710087'),('privateaccount','NL52PARQ0676722890',710065,NULL,NULL),('businessaccount','NL52PARQ0806953410',24259476,2,'95936580'),('privateaccount','NL52PARQ0967554268',917621,NULL,NULL),('businessaccount','NL52PARQ0986158178',74522623,3,'41079870'),('privateaccount','NL53PARQ0045266939',266122,NULL,NULL),('businessaccount','NL53PARQ0220070020',17529368,2,'16082961'),('privateaccount','NL53PARQ0321439652',273847,NULL,NULL),('privateaccount','NL53PARQ0443408321',376905,NULL,NULL),('businessaccount','NL53PARQ0559916632',14395319,6,'21671426'),('businessaccount','NL53PARQ0612621746',44697662,6,'72533647'),('privateaccount','NL53PARQ0621100911',358183,NULL,NULL),('privateaccount','NL53PARQ0742518567',126125,NULL,NULL),('businessaccount','NL53PARQ0743195729',79532229,3,'89169730'),('privateaccount','NL53PARQ0778770751',855009,NULL,NULL),('businessaccount','NL53PARQ0873010170',95707107,14,'19009070'),('businessaccount','NL53PARQ0893617517',40595313,6,'17361510'),('privateaccount','NL53PARQ0902808198',643071,NULL,NULL),('businessaccount','NL53PARQ0922459664',44046505,2,'80726174'),('businessaccount','NL53PARQ0992863475',31368955,11,'46280970'),('businessaccount','NL54PARQ0053848288',52316274,6,'12820095'),('businessaccount','NL54PARQ0073132253',20420764,3,'34104775'),('privateaccount','NL54PARQ0130559376',136532,NULL,NULL),('businessaccount','NL54PARQ0185384253',1070625,6,'57876687'),('businessaccount','NL54PARQ0387925856',41323796,3,'11995755'),('businessaccount','NL54PARQ0416484214',22056794,6,'48760662'),('privateaccount','NL54PARQ0494280815',7103,NULL,NULL),('businessaccount','NL54PARQ0512521234',79040372,3,'43323946'),('privateaccount','NL54PARQ0636000791',465796,NULL,NULL),('businessaccount','NL54PARQ0684934053',52335680,14,'84498174'),('businessaccount','NL54PARQ0719112094',57868037,6,'60139580'),('privateaccount','NL54PARQ0751952801',941294,NULL,NULL),('businessaccount','NL54PARQ0785952142',87187673,3,'71373584'),('privateaccount','NL55PARQ0021643503',830583,NULL,NULL),('businessaccount','NL55PARQ0046236075',38373476,2,'79922241'),('privateaccount','NL55PARQ0122653539',664455,NULL,NULL),('privateaccount','NL55PARQ0581343889',702081,NULL,NULL),('privateaccount','NL55PARQ0677941731',438375,NULL,NULL),('businessaccount','NL55PARQ0680668658',1289081,6,'71759412'),('businessaccount','NL55PARQ0792413887',30755686,6,'15242773'),('businessaccount','NL55PARQ0808814258',70286944,2,'70827320'),('businessaccount','NL55PARQ0829624387',34447175,3,'28232930'),('privateaccount','NL55PARQ0994310905',594346,NULL,NULL),('businessaccount','NL56PARQ0048415352',47431491,2,'82861518'),('businessaccount','NL56PARQ0182303150',16805897,6,'95296429'),('privateaccount','NL56PARQ0214008899',874625,NULL,NULL),('businessaccount','NL56PARQ0290973579',82029697,11,'96058085'),('businessaccount','NL56PARQ0293302049',80137005,2,'33388237'),('privateaccount','NL56PARQ0306251843',164994,NULL,NULL),('businessaccount','NL56PARQ0351219098',30222334,14,'17983023'),('businessaccount','NL56PARQ0529511415',22112098,3,'56048442'),('businessaccount','NL56PARQ0614048666',59925962,3,'17122219'),('businessaccount','NL56PARQ0644194347',76207846,14,'67028789'),('businessaccount','NL56PARQ0672798017',68169027,11,'38250364'),('privateaccount','NL56PARQ0682868481',218729,NULL,NULL),('businessaccount','NL56PARQ0702547433',81577397,11,'80331995'),('businessaccount','NL56PARQ0705972301',47711698,6,'76214221'),('privateaccount','NL56PARQ0723242631',292524,NULL,NULL),('businessaccount','NL56PARQ0726225455',61783300,6,'12108046'),('privateaccount','NL56PARQ0728495679',859901,NULL,NULL),('businessaccount','NL56PARQ0795946953',32508398,3,'17278967'),('privateaccount','NL56PARQ0839241362',214571,NULL,NULL),('privateaccount','NL56PARQ0924961829',399718,NULL,NULL),('privateaccount','NL56PARQ0983659831',926178,NULL,NULL),('privateaccount','NL56PARQ0998120996',993816,NULL,NULL),('privateaccount','NL57PARQ0113002074',619562,NULL,NULL),('privateaccount','NL57PARQ0175414344',835948,NULL,NULL),('privateaccount','NL57PARQ0210062919',664867,NULL,NULL),('privateaccount','NL57PARQ0217716029',486468,NULL,NULL),('privateaccount','NL57PARQ0258815641',153508,NULL,NULL),('businessaccount','NL57PARQ0333331660',97424629,11,'41619835'),('businessaccount','NL57PARQ0365027624',24127179,2,'06436062'),('businessaccount','NL57PARQ0382944900',37565649,3,'70240012'),('privateaccount','NL57PARQ0423171035',92413,NULL,NULL),('businessaccount','NL57PARQ0481820105',87951542,3,'81244989'),('privateaccount','NL57PARQ0792883987',45967,NULL,NULL),('privateaccount','NL57PARQ0825058361',742976,NULL,NULL),('privateaccount','NL57PARQ0888840691',948336,NULL,NULL),('privateaccount','NL57PARQ0929825261',135638,NULL,NULL),('businessaccount','NL58PARQ0018466751',86334606,3,'46741059'),('businessaccount','NL58PARQ0066029664',20953445,6,'64156246'),('privateaccount','NL58PARQ0088229240',662513,NULL,NULL),('businessaccount','NL58PARQ0200988160',39457789,2,'42792236'),('businessaccount','NL58PARQ0266524235',37862236,6,'65429016'),('privateaccount','NL58PARQ0274516424',664157,NULL,NULL),('privateaccount','NL58PARQ0537191003',820853,NULL,NULL),('businessaccount','NL58PARQ0543545429',37630898,2,'98012455'),('privateaccount','NL58PARQ0580549960',77540,NULL,NULL),('privateaccount','NL58PARQ0583651087',919281,NULL,NULL),('businessaccount','NL58PARQ0608200425',17555512,3,'37369056'),('privateaccount','NL58PARQ0730942210',144649,NULL,NULL),('businessaccount','NL58PARQ0733371158',40158506,2,'17878230'),('privateaccount','NL58PARQ0762829123',908526,NULL,NULL),('privateaccount','NL58PARQ0876515117',266206,NULL,NULL),('businessaccount','NL59PARQ0041918187',98002427,6,'11427492'),('privateaccount','NL59PARQ0198862368',790666,NULL,NULL),('businessaccount','NL59PARQ0212676216',85472874,6,'97894261'),('businessaccount','NL59PARQ0212935171',92036108,14,'54577034'),('privateaccount','NL59PARQ0228925523',321483,NULL,NULL),('privateaccount','NL59PARQ0235495383',985213,NULL,NULL),('businessaccount','NL59PARQ0244190796',43298830,2,'93411629'),('privateaccount','NL59PARQ0422092987',709345,NULL,NULL),('businessaccount','NL59PARQ0463746841',53208853,2,'77894359'),('privateaccount','NL59PARQ0473599810',455631,NULL,NULL),('businessaccount','NL59PARQ0504315855',22557196,2,'80472771'),('privateaccount','NL59PARQ0582370082',340443,NULL,NULL),('privateaccount','NL59PARQ0704637252',332754,NULL,NULL),('businessaccount','NL59PARQ0743101048',2906141,14,'53799491'),('businessaccount','NL59PARQ0818684443',62269522,14,'15674056'),('businessaccount','NL59PARQ0828345634',2788449,3,'44736271'),('businessaccount','NL59PARQ0831731975',41430256,2,'80573453'),('privateaccount','NL59PARQ0903921328',603085,NULL,NULL),('businessaccount','NL59PARQ0909869947',39171411,2,'10189828'),('businessaccount','NL59PARQ0911422261',3284294,6,'98028762'),('privateaccount','NL59PARQ0964793048',812390,NULL,NULL),('privateaccount','NL59PARQ0967231843',261363,NULL,NULL),('privateaccount','NL60PARQ0082038569',359668,NULL,NULL),('privateaccount','NL60PARQ0087922384',190819,NULL,NULL),('privateaccount','NL60PARQ0127811566',256587,NULL,NULL),('businessaccount','NL60PARQ0176659963',65409753,2,'00827524'),('businessaccount','NL60PARQ0190775705',53359980,6,'10233479'),('businessaccount','NL60PARQ0220134782',92709809,6,'50209747'),('privateaccount','NL60PARQ0239025940',59084,NULL,NULL),('privateaccount','NL60PARQ0265040275',820086,NULL,NULL),('businessaccount','NL60PARQ0315051017',23455654,6,'18129094'),('privateaccount','NL60PARQ0436358993',480501,NULL,NULL),('businessaccount','NL60PARQ0503559976',10414903,3,'00601884'),('businessaccount','NL60PARQ0509986845',52900427,2,'22958641'),('privateaccount','NL60PARQ0530150816',279246,NULL,NULL),('privateaccount','NL60PARQ0568912210',918532,NULL,NULL),('businessaccount','NL60PARQ0576290847',35233410,11,'84765055'),('businessaccount','NL60PARQ0578357311',90744293,11,'37794956'),('businessaccount','NL60PARQ0596735466',3332296,11,'18895286'),('privateaccount','NL60PARQ0714770692',678364,NULL,NULL),('privateaccount','NL60PARQ0717135154',552841,NULL,NULL),('businessaccount','NL60PARQ0721369788',24454316,2,'79194264'),('businessaccount','NL60PARQ0737640754',7613305,3,'58328364'),('privateaccount','NL60PARQ0862821264',261005,NULL,NULL),('privateaccount','NL60PARQ0924659207',40997,NULL,NULL),('privateaccount','NL60PARQ0991183667',340395,NULL,NULL),('privateaccount','NL61PARQ0033361144',246427,NULL,NULL),('privateaccount','NL61PARQ0074221587',467456,NULL,NULL),('privateaccount','NL61PARQ0076232052',848583,NULL,NULL),('businessaccount','NL61PARQ0095243228',42394289,11,'45392997'),('businessaccount','NL61PARQ0143019439',81999408,3,'41134027'),('privateaccount','NL61PARQ0145259094',653068,NULL,NULL),('privateaccount','NL61PARQ0173445363',487800,NULL,NULL),('privateaccount','NL61PARQ0185944344',178494,NULL,NULL),('privateaccount','NL61PARQ0201493010',590178,NULL,NULL),('privateaccount','NL61PARQ0219111740',493960,NULL,NULL),('businessaccount','NL61PARQ0264615444',28345302,11,'73478373'),('privateaccount','NL61PARQ0390906588',782779,NULL,NULL),('businessaccount','NL61PARQ0458752852',86117872,14,'90210610'),('businessaccount','NL61PARQ0550868128',2784692,3,'84236886'),('privateaccount','NL61PARQ0739340312',689645,NULL,NULL),('privateaccount','NL61PARQ0772191950',208946,NULL,NULL),('privateaccount','NL61PARQ0791971689',399632,NULL,NULL),('privateaccount','NL61PARQ0805580034',71598,NULL,NULL),('privateaccount','NL61PARQ0815444243',608352,NULL,NULL),('privateaccount','NL61PARQ0838847468',703941,NULL,NULL),('privateaccount','NL61PARQ0974803038',198900,NULL,NULL),('businessaccount','NL61PARQ0988877908',75494178,6,'98916115'),('privateaccount','NL61PARQ0998317703',718604,NULL,NULL),('businessaccount','NL62PARQ0089349190',28160156,14,'94306485'),('privateaccount','NL62PARQ0135720715',945944,NULL,NULL),('businessaccount','NL62PARQ0197195715',21234303,3,'97068461'),('privateaccount','NL62PARQ0304666698',407639,NULL,NULL),('businessaccount','NL62PARQ0333645956',38508286,14,'36800827'),('privateaccount','NL62PARQ0381498753',950649,NULL,NULL),('privateaccount','NL62PARQ0455987646',902874,NULL,NULL),('privateaccount','NL62PARQ0457411851',243927,NULL,NULL),('businessaccount','NL62PARQ0467551361',66593816,14,'42815928'),('businessaccount','NL62PARQ0541840776',87389520,6,'99276577'),('businessaccount','NL62PARQ0569385856',69773557,2,'13249492'),('businessaccount','NL62PARQ0599540374',55509770,3,'53923049'),('privateaccount','NL62PARQ0619070578',511398,NULL,NULL),('businessaccount','NL62PARQ0626279301',9877814,11,'89441999'),('privateaccount','NL62PARQ0635987937',950944,NULL,NULL),('privateaccount','NL62PARQ0694602026',504718,NULL,NULL),('privateaccount','NL62PARQ0715692505',5384,NULL,NULL),('businessaccount','NL62PARQ0778502284',1970941,2,'60162929'),('privateaccount','NL62PARQ0840230272',70953,NULL,NULL),('privateaccount','NL62PARQ0849649707',955252,NULL,NULL),('businessaccount','NL62PARQ0868903236',67491834,11,'00634317'),('businessaccount','NL62PARQ0875074375',725018,14,'56895854'),('privateaccount','NL62PARQ0910544458',966856,NULL,NULL),('privateaccount','NL62PARQ0936110071',3053,NULL,NULL),('businessaccount','NL62PARQ0997870904',48997694,11,'41338901'),('businessaccount','NL63PARQ0005754460',78877208,6,'92299322'),('businessaccount','NL63PARQ0072248439',35745125,3,'90982144'),('businessaccount','NL63PARQ0137706098',33952109,2,'67510382'),('privateaccount','NL63PARQ0185680895',703047,NULL,NULL),('businessaccount','NL63PARQ0192258372',45975677,6,'97695145'),('businessaccount','NL63PARQ0245712524',77349531,2,'99030281'),('privateaccount','NL63PARQ0307652549',987257,NULL,NULL),('businessaccount','NL63PARQ0391274443',33169173,6,'58122410'),('businessaccount','NL63PARQ0440622727',61786669,11,'37386403'),('businessaccount','NL63PARQ0587216221',65962400,2,'82010878'),('privateaccount','NL63PARQ0610613599',22195,NULL,NULL),('businessaccount','NL63PARQ0802094021',15281528,6,'71998811'),('privateaccount','NL63PARQ0834879556',479231,NULL,NULL),('privateaccount','NL63PARQ0877324442',209515,NULL,NULL),('businessaccount','NL64PARQ0017952875',26781856,11,'11631859'),('privateaccount','NL64PARQ0068479996',376341,NULL,NULL),('privateaccount','NL64PARQ0180731502',153079,NULL,NULL),('privateaccount','NL64PARQ0263998313',946402,NULL,NULL),('privateaccount','NL64PARQ0291651524',405451,NULL,NULL),('privateaccount','NL64PARQ0351829660',727470,NULL,NULL),('privateaccount','NL64PARQ0397614537',792296,NULL,NULL),('privateaccount','NL64PARQ0470110473',507609,NULL,NULL),('privateaccount','NL64PARQ0542387717',465298,NULL,NULL),('privateaccount','NL64PARQ0638439421',568410,NULL,NULL),('businessaccount','NL64PARQ0693034489',27948388,11,'04876153'),('businessaccount','NL64PARQ0698296909',10946000,14,'30162012'),('privateaccount','NL64PARQ0786479865',500814,NULL,NULL),('privateaccount','NL64PARQ0799809366',412128,NULL,NULL),('businessaccount','NL64PARQ0805034208',97630324,6,'39017464'),('privateaccount','NL64PARQ0825104042',403370,NULL,NULL),('privateaccount','NL64PARQ0868130307',461731,NULL,NULL),('privateaccount','NL64PARQ0899049597',87612,NULL,NULL),('privateaccount','NL64PARQ0934256873',421345,NULL,NULL),('businessaccount','NL65PARQ0122731302',68100277,2,'91293941'),('privateaccount','NL65PARQ0127133938',40321,NULL,NULL),('privateaccount','NL65PARQ0139351132',548935,NULL,NULL),('privateaccount','NL65PARQ0210502173',596819,NULL,NULL),('businessaccount','NL65PARQ0265691283',47323607,3,'95501039'),('privateaccount','NL65PARQ0285974530',466362,NULL,NULL),('privateaccount','NL65PARQ0340857314',261932,NULL,NULL),('businessaccount','NL65PARQ0387582075',85431286,14,'28256128'),('privateaccount','NL65PARQ0513361677',114999,NULL,NULL),('businessaccount','NL65PARQ0513522856',78452370,6,'31885335'),('businessaccount','NL65PARQ0520474412',72686622,3,'95087025'),('privateaccount','NL65PARQ0526698408',472475,NULL,NULL),('businessaccount','NL65PARQ0562331164',65251312,6,'60560799'),('privateaccount','NL65PARQ0584128020',693687,NULL,NULL),('businessaccount','NL65PARQ0631945143',1462437,6,'84375207'),('businessaccount','NL65PARQ0694561194',11021331,2,'80582538'),('businessaccount','NL65PARQ0696883744',66986161,11,'69029879'),('businessaccount','NL65PARQ0818937545',45673540,11,'17773590'),('businessaccount','NL65PARQ0854282037',37308972,3,'63770877'),('privateaccount','NL65PARQ0876615018',112062,NULL,NULL),('businessaccount','NL65PARQ0899407848',2493825,11,'65482967'),('privateaccount','NL65PARQ0901000737',112550,NULL,NULL),('businessaccount','NL65PARQ0912967785',19677617,2,'66285571'),('businessaccount','NL65PARQ0969229603',16564527,3,'01094546'),('privateaccount','NL66PARQ0082145400',796994,NULL,NULL),('businessaccount','NL66PARQ0104950796',98286111,6,'14696180'),('businessaccount','NL66PARQ0132865680',67856686,11,'03816215'),('businessaccount','NL66PARQ0154635580',96998812,6,'46193709'),('privateaccount','NL66PARQ0275664426',102145,NULL,NULL),('privateaccount','NL66PARQ0307701719',626723,NULL,NULL),('privateaccount','NL66PARQ0334116514',507465,NULL,NULL),('businessaccount','NL66PARQ0379965562',58718776,6,'33930395'),('businessaccount','NL66PARQ0423402559',79182456,2,'51295127'),('businessaccount','NL66PARQ0427811948',880809,3,'63270724'),('privateaccount','NL66PARQ0519082710',663248,NULL,NULL),('businessaccount','NL66PARQ0556205535',97945818,6,'53649427'),('privateaccount','NL66PARQ0563060829',2021,NULL,NULL),('businessaccount','NL66PARQ0570569209',51711592,11,'03326234'),('privateaccount','NL66PARQ0594462405',624269,NULL,NULL),('businessaccount','NL66PARQ0618189148',35399124,14,'21456496'),('privateaccount','NL66PARQ0669946226',79771,NULL,NULL),('privateaccount','NL66PARQ0690018639',718600,NULL,NULL),('privateaccount','NL66PARQ0708913059',692379,NULL,NULL),('privateaccount','NL66PARQ0726285951',792038,NULL,NULL),('businessaccount','NL66PARQ0825278405',87093915,14,'18645120'),('privateaccount','NL66PARQ0832892954',506478,NULL,NULL),('privateaccount','NL66PARQ0863614200',137923,NULL,NULL),('privateaccount','NL66PARQ0864160409',583719,NULL,NULL),('businessaccount','NL66PARQ0892722698',77812568,11,'41074915'),('businessaccount','NL66PARQ0950518679',50781786,14,'88905828'),('privateaccount','NL66PARQ0956784239',797517,NULL,NULL),('privateaccount','NL66PARQ0996401015',383793,NULL,NULL),('businessaccount','NL67PARQ0016838071',24994050,6,'44045494'),('privateaccount','NL67PARQ0120139345',87656,NULL,NULL),('privateaccount','NL67PARQ0139656138',140711,NULL,NULL),('privateaccount','NL67PARQ0211731381',5982,NULL,NULL),('businessaccount','NL67PARQ0327217344',55883328,3,'89161660'),('privateaccount','NL67PARQ0422456996',378153,NULL,NULL),('businessaccount','NL67PARQ0444099177',97346496,11,'96743593'),('privateaccount','NL67PARQ0450959789',87130,NULL,NULL),('privateaccount','NL67PARQ0457882439',644188,NULL,NULL),('privateaccount','NL67PARQ0476220527',453075,NULL,NULL),('businessaccount','NL67PARQ0503657603',39392005,11,'07993069'),('businessaccount','NL67PARQ0513359197',51807949,2,'88275788'),('businessaccount','NL67PARQ0537877295',90932353,11,'17180486'),('businessaccount','NL67PARQ0609293450',82017734,3,'84574120'),('privateaccount','NL67PARQ0742338840',628051,NULL,NULL),('privateaccount','NL67PARQ0771189017',948228,NULL,NULL),('privateaccount','NL67PARQ0782144860',52003,NULL,NULL),('privateaccount','NL67PARQ0815263203',180944,NULL,NULL),('businessaccount','NL67PARQ0888216163',3042712,14,'48629074'),('businessaccount','NL67PARQ0907806910',92228489,2,'15689963'),('businessaccount','NL67PARQ0945577168',87492668,11,'89606747'),('privateaccount','NL67PARQ0995584071',936610,NULL,NULL),('businessaccount','NL68PARQ0013987532',69423104,11,'24415977'),('businessaccount','NL68PARQ0021687426',3909581,6,'44067087'),('privateaccount','NL68PARQ0067014231',933923,NULL,NULL),('privateaccount','NL68PARQ0093422497',648919,NULL,NULL),('privateaccount','NL68PARQ0197102193',336420,NULL,NULL),('privateaccount','NL68PARQ0253611638',159776,NULL,NULL),('privateaccount','NL68PARQ0464106893',999049,NULL,NULL),('privateaccount','NL68PARQ0534310364',239723,NULL,NULL),('businessaccount','NL68PARQ0567431335',94854595,2,'69752649'),('privateaccount','NL68PARQ0597829605',407572,NULL,NULL),('businessaccount','NL68PARQ0611413445',57497482,6,'11149215'),('privateaccount','NL68PARQ0667764980',846869,NULL,NULL),('privateaccount','NL68PARQ0684930373',366324,NULL,NULL),('businessaccount','NL68PARQ0686865481',73726577,2,'98073689'),('privateaccount','NL68PARQ0698878235',95974,NULL,NULL),('businessaccount','NL68PARQ0700501281',79892236,11,'92666409'),('privateaccount','NL68PARQ0830481417',840759,NULL,NULL),('businessaccount','NL68PARQ0831160041',50434274,3,'31975571'),('privateaccount','NL68PARQ0928066570',368082,NULL,NULL),('privateaccount','NL68PARQ0994066655',536925,NULL,NULL),('businessaccount','NL69PARQ0070196096',51301641,3,'59749845'),('businessaccount','NL69PARQ0071974595',5805511,3,'77656530'),('businessaccount','NL69PARQ0142212724',11463091,2,'32015674'),('businessaccount','NL69PARQ0330065359',16102943,6,'44173858'),('privateaccount','NL69PARQ0424826663',169739,NULL,NULL),('privateaccount','NL69PARQ0459777935',273109,NULL,NULL),('businessaccount','NL69PARQ0491557622',67952890,11,'80813447'),('businessaccount','NL69PARQ0498913244',18846976,11,'16230408'),('privateaccount','NL69PARQ0510337205',518536,NULL,NULL),('businessaccount','NL69PARQ0607163319',35593182,2,'54856854'),('businessaccount','NL69PARQ0703506523',95419789,2,'36755924'),('privateaccount','NL69PARQ0707163128',353759,NULL,NULL),('businessaccount','NL69PARQ0723464148',7871875,6,'94965798'),('businessaccount','NL69PARQ0724874738',31410654,11,'08811314'),('privateaccount','NL69PARQ0753648784',324380,NULL,NULL),('privateaccount','NL69PARQ0803364602',398738,NULL,NULL),('businessaccount','NL69PARQ0861532556',95563226,6,'93760666'),('privateaccount','NL69PARQ0866320768',635302,NULL,NULL),('businessaccount','NL69PARQ0876518101',95299781,3,'99832113'),('privateaccount','NL69PARQ0882267838',789029,NULL,NULL),('businessaccount','NL69PARQ0956816269',61164523,11,'72139229'),('businessaccount','NL69PARQ0973602231',84743894,3,'11441729'),('privateaccount','NL69PARQ0994267464',750884,NULL,NULL),('privateaccount','NL70PARQ0019190085',907441,NULL,NULL),('businessaccount','NL70PARQ0022108523',4838504,2,'57542606'),('businessaccount','NL70PARQ0176618474',50170413,11,'67738741'),('businessaccount','NL70PARQ0203863761',2243449,2,'93232609'),('privateaccount','NL70PARQ0257688759',155293,NULL,NULL),('privateaccount','NL70PARQ0273744203',336607,NULL,NULL),('privateaccount','NL70PARQ0409709848',952958,NULL,NULL),('privateaccount','NL70PARQ0424383140',853596,NULL,NULL),('businessaccount','NL70PARQ0446125433',14429076,14,'97326690'),('privateaccount','NL70PARQ0492680936',795589,NULL,NULL),('businessaccount','NL70PARQ0511155691',95072356,2,'78578688'),('privateaccount','NL70PARQ0628548843',848907,NULL,NULL),('businessaccount','NL70PARQ0663928141',23803399,3,'50630871'),('businessaccount','NL70PARQ0761809954',33707123,2,'54164664'),('businessaccount','NL70PARQ0797948117',59476261,3,'44159950'),('businessaccount','NL70PARQ0881018252',45373404,2,'42138120'),('privateaccount','NL70PARQ0890036694',460688,NULL,NULL),('businessaccount','NL70PARQ0915457568',18861261,3,'85842218'),('businessaccount','NL70PARQ0935683098',34603327,6,'38826574'),('privateaccount','NL70PARQ0949245037',887040,NULL,NULL),('privateaccount','NL71PARQ0028099101',556804,NULL,NULL),('businessaccount','NL71PARQ0134886516',15965977,14,'86510479'),('businessaccount','NL71PARQ0140198464',18828456,11,'84596266'),('businessaccount','NL71PARQ0168813032',34844308,3,'52258663'),('privateaccount','NL71PARQ0183142759',441521,NULL,NULL),('privateaccount','NL71PARQ0222518495',109955,NULL,NULL),('businessaccount','NL71PARQ0249255644',85969424,2,'64459771'),('privateaccount','NL71PARQ0264615081',686068,NULL,NULL),('businessaccount','NL71PARQ0314105264',61849745,2,'82539147'),('privateaccount','NL71PARQ0457602925',953196,NULL,NULL),('businessaccount','NL71PARQ0490891627',38507962,3,'26352275'),('businessaccount','NL71PARQ0498008913',49840223,14,'32602431'),('businessaccount','NL71PARQ0524821945',15825571,2,'00962077'),('privateaccount','NL71PARQ0559629094',71179,NULL,NULL),('privateaccount','NL71PARQ0572590442',801095,NULL,NULL),('privateaccount','NL71PARQ0754627129',620447,NULL,NULL),('businessaccount','NL71PARQ0765189227',81374042,3,'24301210'),('privateaccount','NL71PARQ0767670994',22477,NULL,NULL),('privateaccount','NL71PARQ0771870693',864648,NULL,NULL),('privateaccount','NL71PARQ0920755712',131559,NULL,NULL),('businessaccount','NL71PARQ0930771200',43324624,2,'94950322'),('businessaccount','NL71PARQ0949634723',89118799,11,'51377458'),('businessaccount','NL71PARQ0977546145',55646478,3,'20880457'),('businessaccount','NL72PARQ0032843701',37998318,6,'23083199'),('businessaccount','NL72PARQ0035616328',43841549,2,'78424862'),('businessaccount','NL72PARQ0054166525',95916126,11,'30016062'),('businessaccount','NL72PARQ0080029121',57280848,11,'19921386'),('businessaccount','NL72PARQ0163955806',84450562,11,'72519326'),('businessaccount','NL72PARQ0301538448',60707570,6,'24480705'),('businessaccount','NL72PARQ0487116709',81670774,3,'62396507'),('businessaccount','NL72PARQ0687892658',98973648,11,'27065141'),('businessaccount','NL72PARQ0751018334',66157166,14,'84235250'),('businessaccount','NL72PARQ0797161827',92276030,2,'08205309'),('privateaccount','NL72PARQ0835166934',544701,NULL,NULL),('privateaccount','NL72PARQ0861048738',430145,NULL,NULL),('privateaccount','NL72PARQ0887278346',695808,NULL,NULL),('privateaccount','NL72PARQ0944629441',63415,NULL,NULL),('privateaccount','NL72PARQ0967988759',634608,NULL,NULL),('businessaccount','NL73PARQ0194382516',78767752,11,'59997083'),('privateaccount','NL73PARQ0387011942',843317,NULL,NULL),('privateaccount','NL73PARQ0398790286',585719,NULL,NULL),('businessaccount','NL73PARQ0430684943',16513850,2,'32210003'),('businessaccount','NL73PARQ0516887003',50588132,2,'06290692'),('businessaccount','NL73PARQ0552351820',88022134,3,'42127897'),('businessaccount','NL73PARQ0579248974',1935350,3,'75142818'),('privateaccount','NL73PARQ0619837994',376392,NULL,NULL),('privateaccount','NL73PARQ0662236719',688955,NULL,NULL),('businessaccount','NL73PARQ0692545892',39936558,11,'76095714'),('privateaccount','NL73PARQ0785513498',574082,NULL,NULL),('privateaccount','NL73PARQ0874822230',136560,NULL,NULL),('privateaccount','NL73PARQ0884466187',55930,NULL,NULL),('businessaccount','NL73PARQ0923659610',19381422,11,'71758234'),('privateaccount','NL73PARQ0988400452',63130,NULL,NULL),('privateaccount','NL73PARQ0994387301',751966,NULL,NULL),('businessaccount','NL74PARQ0093212255',7777310,3,'15752393'),('privateaccount','NL74PARQ0122751297',311243,NULL,NULL),('privateaccount','NL74PARQ0141891700',721640,NULL,NULL),('businessaccount','NL74PARQ0173543441',17481423,3,'65595036'),('businessaccount','NL74PARQ0295512973',94736286,14,'53426707'),('businessaccount','NL74PARQ0309787067',35213554,6,'00197586'),('privateaccount','NL74PARQ0492351397',983081,NULL,NULL),('businessaccount','NL74PARQ0495758451',72822081,3,'17117214'),('privateaccount','NL74PARQ0495934701',252451,NULL,NULL),('privateaccount','NL74PARQ0514974313',747459,NULL,NULL),('businessaccount','NL74PARQ0556021268',64848643,14,'18778473'),('businessaccount','NL74PARQ0593641772',72222341,3,'30805380'),('businessaccount','NL74PARQ0661697302',61437138,14,'41322350'),('businessaccount','NL74PARQ0687812812',39082836,2,'00529520'),('privateaccount','NL74PARQ0723984091',409398,NULL,NULL),('privateaccount','NL74PARQ0843494900',381802,NULL,NULL),('privateaccount','NL74PARQ0851618493',24640,NULL,NULL),('privateaccount','NL74PARQ0896365697',991088,NULL,NULL),('privateaccount','NL74PARQ0899199341',359819,NULL,NULL),('businessaccount','NL75PARQ0085151250',77424514,2,'05025525'),('privateaccount','NL75PARQ0148030951',183749,NULL,NULL),('privateaccount','NL75PARQ0183460718',106358,NULL,NULL),('privateaccount','NL75PARQ0251335173',940931,NULL,NULL),('privateaccount','NL75PARQ0440379345',437813,NULL,NULL),('privateaccount','NL75PARQ0490930237',3708,NULL,NULL),('privateaccount','NL75PARQ0523707714',325841,NULL,NULL),('businessaccount','NL75PARQ0525712763',41273742,2,'70677239'),('businessaccount','NL75PARQ0594474128',54691430,6,'27841203'),('privateaccount','NL75PARQ0615279969',397931,NULL,NULL),('businessaccount','NL75PARQ0658491619',76159532,11,'56930170'),('businessaccount','NL75PARQ0673068513',98071857,2,'50884996'),('businessaccount','NL75PARQ0720819983',72054400,6,'76474252'),('privateaccount','NL75PARQ0806338675',717478,NULL,NULL),('businessaccount','NL75PARQ0811441295',94161550,11,'30519169'),('privateaccount','NL75PARQ0872012558',106234,NULL,NULL),('privateaccount','NL75PARQ0930431178',505,NULL,NULL),('privateaccount','NL75PARQ0971472259',263540,NULL,NULL),('businessaccount','NL76PARQ0014351793',38529562,6,'27147266'),('businessaccount','NL76PARQ0021202375',30902756,11,'52659617'),('businessaccount','NL76PARQ0120026626',97072410,6,'74921505'),('privateaccount','NL76PARQ0179127210',577176,NULL,NULL),('privateaccount','NL76PARQ0330190281',835123,NULL,NULL),('businessaccount','NL76PARQ0333871803',92914290,14,'53319276'),('businessaccount','NL76PARQ0349265953',6254883,14,'82917419'),('privateaccount','NL76PARQ0391514287',451300,NULL,NULL),('privateaccount','NL76PARQ0473823595',620222,NULL,NULL),('privateaccount','NL76PARQ0481150980',430943,NULL,NULL),('businessaccount','NL76PARQ0624211135',18811152,11,'40583679'),('businessaccount','NL76PARQ0710880052',61363636,11,'40939488'),('businessaccount','NL76PARQ0714398252',2925660,6,'48021033'),('businessaccount','NL76PARQ0846599714',62329974,3,'94192670'),('businessaccount','NL76PARQ0988839205',19383737,14,'32050746'),('privateaccount','NL76PARQ0998668523',860381,NULL,NULL),('businessaccount','NL77PARQ0005198115',90412330,6,'07139132'),('businessaccount','NL77PARQ0061637256',8891319,11,'45392727'),('privateaccount','NL77PARQ0086999360',162203,NULL,NULL),('businessaccount','NL77PARQ0142386141',21107567,6,'04906484'),('privateaccount','NL77PARQ0215359414',24001,NULL,NULL),('businessaccount','NL77PARQ0229396633',68957122,2,'33346675'),('businessaccount','NL77PARQ0290133595',3536176,3,'63601229'),('businessaccount','NL77PARQ0319932567',76054934,2,'69214672'),('businessaccount','NL77PARQ0493535821',99228220,11,'51989470'),('privateaccount','NL77PARQ0512434039',714091,NULL,NULL),('businessaccount','NL77PARQ0570869736',13417953,3,'20354370'),('businessaccount','NL77PARQ0644995675',35102657,14,'88064808'),('businessaccount','NL77PARQ0691405875',71694728,3,'55637278'),('privateaccount','NL77PARQ0890835260',435917,NULL,NULL),('privateaccount','NL78PARQ0013176514',326484,NULL,NULL),('privateaccount','NL78PARQ0028528867',436025,NULL,NULL),('privateaccount','NL78PARQ0034530372',942834,NULL,NULL),('businessaccount','NL78PARQ0049342949',34232257,11,'14741615'),('businessaccount','NL78PARQ0064911803',69726224,3,'93835701'),('businessaccount','NL78PARQ0094586215',7130161,14,'88627142'),('businessaccount','NL78PARQ0113589845',58813025,6,'94948802'),('privateaccount','NL78PARQ0182363188',840259,NULL,NULL),('businessaccount','NL78PARQ0183435017',249932,3,'20018810'),('privateaccount','NL78PARQ0280889604',528166,NULL,NULL),('privateaccount','NL78PARQ0323395501',193120,NULL,NULL),('businessaccount','NL78PARQ0362027456',41711102,6,'31190502'),('privateaccount','NL78PARQ0367021786',707805,NULL,NULL),('businessaccount','NL78PARQ0386293367',50016275,14,'13519104'),('businessaccount','NL78PARQ0387319262',54797148,11,'49260067'),('businessaccount','NL78PARQ0398285688',10313358,2,'33416220'),('businessaccount','NL78PARQ0421626816',44842786,6,'05179130'),('businessaccount','NL78PARQ0466454762',52011527,2,'90312809'),('privateaccount','NL78PARQ0492864752',601038,NULL,NULL),('privateaccount','NL78PARQ0535502257',632144,NULL,NULL),('privateaccount','NL78PARQ0660646665',849784,NULL,NULL),('privateaccount','NL78PARQ0684310861',761633,NULL,NULL),('businessaccount','NL78PARQ0903750389',43660733,2,'11961084'),('privateaccount','NL78PARQ0907744059',649786,NULL,NULL),('businessaccount','NL79PARQ0023032134',55634614,11,'00259273'),('businessaccount','NL79PARQ0264490067',6198280,3,'51286296'),('businessaccount','NL79PARQ0301125833',72334785,6,'87412166'),('privateaccount','NL79PARQ0376176060',611452,NULL,NULL),('businessaccount','NL79PARQ0393180823',12728763,2,'97076229'),('privateaccount','NL79PARQ0407473675',119597,NULL,NULL),('privateaccount','NL79PARQ0445687369',261153,NULL,NULL),('privateaccount','NL79PARQ0453988064',219753,NULL,NULL),('privateaccount','NL79PARQ0484323535',597583,NULL,NULL),('businessaccount','NL79PARQ0585364886',58292868,6,'55777803'),('businessaccount','NL79PARQ0587300449',17239991,6,'34819901'),('businessaccount','NL79PARQ0605841918',85546518,14,'21115091'),('privateaccount','NL79PARQ0645410472',515063,NULL,NULL),('privateaccount','NL79PARQ0687249986',56489,NULL,NULL),('businessaccount','NL79PARQ0723478128',35265149,11,'29277574'),('privateaccount','NL79PARQ0813960019',44838,NULL,NULL),('businessaccount','NL79PARQ0873838442',62533924,3,'66061355'),('businessaccount','NL79PARQ0891425919',87244357,6,'57574367'),('privateaccount','NL80PARQ0061249492',279372,NULL,NULL),('privateaccount','NL80PARQ0122433666',215250,NULL,NULL),('businessaccount','NL80PARQ0162118215',50679612,11,'90187364'),('businessaccount','NL80PARQ0244949011',73545814,6,'23731958'),('businessaccount','NL80PARQ0250569653',4714238,6,'10073347'),('businessaccount','NL80PARQ0261222318',4295646,2,'41762161'),('businessaccount','NL80PARQ0302292464',2640490,3,'58624921'),('privateaccount','NL80PARQ0303296928',826274,NULL,NULL),('businessaccount','NL80PARQ0358049759',19580252,3,'16690545'),('privateaccount','NL80PARQ0507817384',39399,NULL,NULL),('businessaccount','NL80PARQ0734832875',92227784,11,'51061427'),('privateaccount','NL80PARQ0809094417',289083,NULL,NULL),('businessaccount','NL80PARQ0884920701',98682239,11,'58832498'),('businessaccount','NL80PARQ0978912421',23578947,3,'30321597'),('businessaccount','NL81PARQ0012227936',14339495,14,'25150258'),('businessaccount','NL81PARQ0012563834',77405274,11,'09850198'),('privateaccount','NL81PARQ0069583526',955371,NULL,NULL),('privateaccount','NL81PARQ0095700426',513011,NULL,NULL),('businessaccount','NL81PARQ0118952569',90483310,6,'87944982'),('privateaccount','NL81PARQ0139494789',909954,NULL,NULL),('privateaccount','NL81PARQ0163386415',338668,NULL,NULL),('businessaccount','NL81PARQ0182039119',22710335,11,'44616579'),('privateaccount','NL81PARQ0200107699',477518,NULL,NULL),('privateaccount','NL81PARQ0232272086',228932,NULL,NULL),('businessaccount','NL81PARQ0245746410',31297958,14,'53243224'),('businessaccount','NL81PARQ0310546925',34259919,14,'28830812'),('businessaccount','NL81PARQ0316633883',18023331,14,'99306415'),('privateaccount','NL81PARQ0336661803',882711,NULL,NULL),('privateaccount','NL81PARQ0504875689',114728,NULL,NULL),('businessaccount','NL81PARQ0569095098',21726025,14,'89503897'),('privateaccount','NL81PARQ0601517001',616972,NULL,NULL),('businessaccount','NL81PARQ0661757534',7072409,6,'62412400'),('privateaccount','NL81PARQ0666906089',331090,NULL,NULL),('privateaccount','NL81PARQ0710302100',87829,NULL,NULL),('businessaccount','NL81PARQ0710971093',3750376,11,'56221261'),('privateaccount','NL81PARQ0800578118',431309,NULL,NULL),('businessaccount','NL81PARQ0815961751',53114501,14,'27228280'),('privateaccount','NL81PARQ0836190031',671647,NULL,NULL),('businessaccount','NL81PARQ0869460936',75182790,6,'97105473'),('businessaccount','NL81PARQ0880258136',52458559,11,'41169430'),('privateaccount','NL81PARQ0988837351',385200,NULL,NULL),('privateaccount','NL82PARQ0005432148',915870,NULL,NULL),('businessaccount','NL82PARQ0197835928',29056259,6,'18839964'),('businessaccount','NL82PARQ0211146951',51105249,6,'40649014'),('privateaccount','NL82PARQ0239086935',611682,NULL,NULL),('privateaccount','NL82PARQ0239188291',782999,NULL,NULL),('privateaccount','NL82PARQ0309502246',532553,NULL,NULL),('businessaccount','NL82PARQ0336387800',87325936,6,'61606684'),('privateaccount','NL82PARQ0357879367',829517,NULL,NULL),('privateaccount','NL82PARQ0517404701',307125,NULL,NULL),('privateaccount','NL82PARQ0529232454',537965,NULL,NULL),('privateaccount','NL82PARQ0585181223',929851,NULL,NULL),('privateaccount','NL82PARQ0610139787',383311,NULL,NULL),('businessaccount','NL82PARQ0629910381',14818342,6,'08270953'),('businessaccount','NL82PARQ0691605600',94560320,2,'96568136'),('businessaccount','NL82PARQ0825425184',70435359,3,'93747257'),('privateaccount','NL82PARQ0855949118',806871,NULL,NULL),('businessaccount','NL82PARQ0945086797',29607766,2,'53274226'),('businessaccount','NL82PARQ0957802874',60972322,3,'36774413'),('privateaccount','NL82PARQ0967476352',185963,NULL,NULL),('privateaccount','NL82PARQ0976185316',872248,NULL,NULL),('privateaccount','NL83PARQ0004313293',351165,NULL,NULL),('privateaccount','NL83PARQ0032833425',422589,NULL,NULL),('privateaccount','NL83PARQ0099475726',658834,NULL,NULL),('privateaccount','NL83PARQ0141559953',69739,NULL,NULL),('privateaccount','NL83PARQ0152547445',931713,NULL,NULL),('businessaccount','NL83PARQ0190845622',4129971,2,'83138862'),('privateaccount','NL83PARQ0270909465',150773,NULL,NULL),('businessaccount','NL83PARQ0285508373',73461401,11,'08938666'),('businessaccount','NL83PARQ0293462628',8762236,2,'61967293'),('privateaccount','NL83PARQ0361187839',248099,NULL,NULL),('privateaccount','NL83PARQ0455234828',564050,NULL,NULL),('businessaccount','NL83PARQ0457385458',43520106,2,'23320672'),('privateaccount','NL83PARQ0590963525',49506,NULL,NULL),('businessaccount','NL83PARQ0628217403',23296212,3,'91458049'),('privateaccount','NL83PARQ0711067261',654642,NULL,NULL),('privateaccount','NL83PARQ0827882410',305435,NULL,NULL),('businessaccount','NL83PARQ0861563163',63612396,3,'56076250'),('privateaccount','NL83PARQ0880936910',311135,NULL,NULL),('businessaccount','NL83PARQ0985714440',65925638,6,'34323278'),('privateaccount','NL84PARQ0011642663',689563,NULL,NULL),('businessaccount','NL84PARQ0040561978',12035931,3,'54807392'),('businessaccount','NL84PARQ0158383835',65709429,6,'88274891'),('businessaccount','NL84PARQ0169388755',52794622,14,'53370285'),('businessaccount','NL84PARQ0181056710',43351596,6,'12416899'),('privateaccount','NL84PARQ0193220102',330246,NULL,NULL),('privateaccount','NL84PARQ0216694820',334408,NULL,NULL),('privateaccount','NL84PARQ0243162564',498438,NULL,NULL),('privateaccount','NL84PARQ0251669215',339828,NULL,NULL),('privateaccount','NL84PARQ0254013673',140559,NULL,NULL),('businessaccount','NL84PARQ0276959743',8256932,3,'64509470'),('businessaccount','NL84PARQ0328432682',5702924,3,'34287507'),('businessaccount','NL84PARQ0342133504',51805636,11,'45460332'),('privateaccount','NL84PARQ0353845250',399105,NULL,NULL),('privateaccount','NL84PARQ0453342179',516017,NULL,NULL),('privateaccount','NL84PARQ0456467693',473549,NULL,NULL),('privateaccount','NL84PARQ0564810274',133088,NULL,NULL),('businessaccount','NL84PARQ0569368642',93636945,3,'92125392'),('businessaccount','NL84PARQ0570381761',81405135,14,'34986057'),('privateaccount','NL84PARQ0634599698',924109,NULL,NULL),('businessaccount','NL84PARQ0687583674',97427051,11,'89443598'),('privateaccount','NL84PARQ0749179588',452945,NULL,NULL),('privateaccount','NL84PARQ0816019758',281786,NULL,NULL),('businessaccount','NL84PARQ0870322437',75777653,2,'51610613'),('businessaccount','NL85PARQ0047191986',10909461,3,'98480216'),('businessaccount','NL85PARQ0125659617',96779471,2,'43090762'),('businessaccount','NL85PARQ0228941025',98500708,6,'58983232'),('privateaccount','NL85PARQ0239095054',983902,NULL,NULL),('businessaccount','NL85PARQ0251669347',91719064,2,'06844282'),('privateaccount','NL85PARQ0310670745',412247,NULL,NULL),('businessaccount','NL85PARQ0359228524',99178854,2,'58179543'),('businessaccount','NL85PARQ0365964078',37920392,14,'90577067'),('businessaccount','NL85PARQ0404526832',18557450,3,'95973147'),('privateaccount','NL85PARQ0443868565',698944,NULL,NULL),('businessaccount','NL85PARQ0452243391',95419187,6,'38254200'),('privateaccount','NL85PARQ0499766384',687373,NULL,NULL),('businessaccount','NL85PARQ0679472842',10678698,6,'49241174'),('businessaccount','NL85PARQ0696850827',18024016,6,'88045576'),('privateaccount','NL85PARQ0723440920',109006,NULL,NULL),('businessaccount','NL85PARQ0733453617',61029758,14,'83595484'),('privateaccount','NL85PARQ0792251454',50407,NULL,NULL),('privateaccount','NL85PARQ0828145093',733843,NULL,NULL),('privateaccount','NL85PARQ0836473384',91051,NULL,NULL),('privateaccount','NL85PARQ0924449575',49628,NULL,NULL),('privateaccount','NL85PARQ0935112121',383790,NULL,NULL),('businessaccount','NL85PARQ0947140239',83735470,14,'10853560'),('privateaccount','NL85PARQ0965483709',56633,NULL,NULL),('businessaccount','NL85PARQ0968936148',55981770,14,'79222576'),('privateaccount','NL85PARQ0986603656',689413,NULL,NULL),('privateaccount','NL86PARQ0025071719',742308,NULL,NULL),('privateaccount','NL86PARQ0147639569',862844,NULL,NULL),('privateaccount','NL86PARQ0233906428',146175,NULL,NULL),('businessaccount','NL86PARQ0311372919',12541603,11,'71311082'),('privateaccount','NL86PARQ0312791984',211200,NULL,NULL),('businessaccount','NL86PARQ0327253660',45111577,3,'98231197'),('privateaccount','NL86PARQ0375674378',248311,NULL,NULL),('businessaccount','NL86PARQ0395462513',16624057,11,'34418230'),('privateaccount','NL86PARQ0396944510',335124,NULL,NULL),('privateaccount','NL86PARQ0431808668',755756,NULL,NULL),('privateaccount','NL86PARQ0509197589',156069,NULL,NULL),('privateaccount','NL86PARQ0525609181',798158,NULL,NULL),('privateaccount','NL86PARQ0542116583',54033,NULL,NULL),('privateaccount','NL86PARQ0607850534',368735,NULL,NULL),('businessaccount','NL86PARQ0610510974',8581867,2,'68455955'),('privateaccount','NL86PARQ0632387824',961049,NULL,NULL),('privateaccount','NL86PARQ0708400639',436884,NULL,NULL),('businessaccount','NL86PARQ0716719540',20796791,11,'94457128'),('businessaccount','NL86PARQ0882166743',29890723,11,'75574889'),('privateaccount','NL86PARQ0882471701',316952,NULL,NULL),('privateaccount','NL86PARQ0913261214',722753,NULL,NULL),('privateaccount','NL86PARQ0947762644',907816,NULL,NULL),('privateaccount','NL87PARQ0048112970',915990,NULL,NULL),('businessaccount','NL87PARQ0115895145',41850227,6,'17315671'),('businessaccount','NL87PARQ0141442839',12328691,6,'66377247'),('businessaccount','NL87PARQ0274974092',24587032,6,'45144149'),('privateaccount','NL87PARQ0297337901',144119,NULL,NULL),('businessaccount','NL87PARQ0315338915',5915858,6,'69805753'),('businessaccount','NL87PARQ0403867581',40096184,11,'79911819'),('businessaccount','NL87PARQ0443157961',90258552,2,'48261033'),('privateaccount','NL87PARQ0490058465',724813,NULL,NULL),('privateaccount','NL87PARQ0527842905',59115,NULL,NULL),('privateaccount','NL87PARQ0657432239',343122,NULL,NULL),('businessaccount','NL87PARQ0712504590',74117927,6,'74846226'),('privateaccount','NL87PARQ0824741530',879467,NULL,NULL),('businessaccount','NL87PARQ0847045209',86722865,2,'22370146'),('businessaccount','NL87PARQ0899570670',62675325,11,'41163691'),('privateaccount','NL88PARQ0046356674',181181,NULL,NULL),('businessaccount','NL88PARQ0067043177',43893728,6,'62291507'),('businessaccount','NL88PARQ0085888180',2982913,6,'19948293'),('businessaccount','NL88PARQ0174482027',7480749,14,'36757405'),('businessaccount','NL88PARQ0192136122',65274382,6,'89804084'),('businessaccount','NL88PARQ0237379307',43702646,2,'99934911'),('businessaccount','NL88PARQ0322729708',44001956,2,'69305284'),('businessaccount','NL88PARQ0353592912',80474698,2,'97562186'),('businessaccount','NL88PARQ0366467703',27646227,3,'63412236'),('businessaccount','NL88PARQ0538719275',71080970,2,'47048886'),('privateaccount','NL88PARQ0641414053',770062,NULL,NULL),('privateaccount','NL88PARQ0654847588',897232,NULL,NULL),('businessaccount','NL88PARQ0816965695',68092888,3,'51162297'),('privateaccount','NL88PARQ0833554564',582315,NULL,NULL),('privateaccount','NL88PARQ0899603167',940351,NULL,NULL),('privateaccount','NL88PARQ0920490728',998842,NULL,NULL),('privateaccount','NL88PARQ0977294597',164642,NULL,NULL),('businessaccount','NL88PARQ0984822537',49838824,2,'17504830'),('businessaccount','NL88PARQ0997309510',36113887,14,'44231547'),('businessaccount','NL89PARQ0004159839',43039417,2,'45761072'),('privateaccount','NL89PARQ0023630638',357516,NULL,NULL),('privateaccount','NL89PARQ0080337282',548933,NULL,NULL),('businessaccount','NL89PARQ0253578899',78460204,11,'97006090'),('privateaccount','NL89PARQ0281516047',588064,NULL,NULL),('businessaccount','NL89PARQ0288921099',81918157,11,'27252786'),('privateaccount','NL89PARQ0391698858',471790,NULL,NULL),('businessaccount','NL89PARQ0440437085',65288359,3,'21745810'),('privateaccount','NL89PARQ0442210945',875579,NULL,NULL),('businessaccount','NL89PARQ0482320000',92874507,6,'13431732'),('privateaccount','NL89PARQ0499913560',999404,NULL,NULL),('privateaccount','NL89PARQ0529453769',154912,NULL,NULL),('businessaccount','NL89PARQ0559701472',65613688,2,'49745448'),('privateaccount','NL89PARQ0596961534',470134,NULL,NULL),('businessaccount','NL89PARQ0674671212',14176260,3,'99051411'),('businessaccount','NL89PARQ0681344895',84662214,3,'02272007'),('privateaccount','NL89PARQ0807289122',865825,NULL,NULL),('businessaccount','NL89PARQ0812530362',85221527,11,'82801160'),('privateaccount','NL89PARQ0969805901',448153,NULL,NULL),('privateaccount','NL90PARQ0004272576',283864,NULL,NULL),('privateaccount','NL90PARQ0041136555',529611,NULL,NULL),('privateaccount','NL90PARQ0073614885',935363,NULL,NULL),('businessaccount','NL90PARQ0173865185',81090751,14,'00935300'),('businessaccount','NL90PARQ0179727894',83878512,14,'17715177'),('businessaccount','NL90PARQ0179797788',28304685,2,'22261974'),('businessaccount','NL90PARQ0184070016',71203445,6,'08668143'),('businessaccount','NL90PARQ0256910206',18118799,11,'53005671'),('privateaccount','NL90PARQ0337286911',467224,NULL,NULL),('businessaccount','NL90PARQ0349835675',89785100,6,'26984484'),('privateaccount','NL90PARQ0384067539',570853,NULL,NULL),('businessaccount','NL90PARQ0465571434',53768763,2,'70837365'),('privateaccount','NL90PARQ0477386119',340668,NULL,NULL),('privateaccount','NL90PARQ0640263414',63614,NULL,NULL),('privateaccount','NL90PARQ0659403708',832574,NULL,NULL),('businessaccount','NL90PARQ0682247889',48095884,3,'82292901'),('businessaccount','NL90PARQ0696833663',39312136,11,'01992806'),('businessaccount','NL90PARQ0762275713',10396960,11,'87855540'),('privateaccount','NL90PARQ0790077751',667308,NULL,NULL),('privateaccount','NL90PARQ0844718797',692826,NULL,NULL),('businessaccount','NL90PARQ0928888115',94003860,14,'46021602'),('privateaccount','NL90PARQ0932402677',289743,NULL,NULL),('privateaccount','NL90PARQ0997567044',803787,NULL,NULL),('businessaccount','NL91PARQ0075641925',29476502,6,'83395038'),('privateaccount','NL91PARQ0175829144',975148,NULL,NULL),('privateaccount','NL91PARQ0207902031',495613,NULL,NULL),('privateaccount','NL91PARQ0244190293',854405,NULL,NULL),('businessaccount','NL91PARQ0247917093',394757,3,'66679996'),('privateaccount','NL91PARQ0341100422',605683,NULL,NULL),('businessaccount','NL91PARQ0365159827',53649443,11,'97925335'),('businessaccount','NL91PARQ0423115974',15295539,11,'99416246'),('businessaccount','NL91PARQ0428616203',63626912,14,'38202393'),('privateaccount','NL91PARQ0494669981',807335,NULL,NULL),('privateaccount','NL91PARQ0581853483',94287,NULL,NULL),('businessaccount','NL91PARQ0592022305',17636481,6,'69938034'),('privateaccount','NL91PARQ0643385778',486131,NULL,NULL),('businessaccount','NL91PARQ0710859676',877422,14,'20607291'),('businessaccount','NL91PARQ0736359059',12873405,11,'53546478'),('businessaccount','NL91PARQ0813966568',65494158,11,'96915110'),('privateaccount','NL91PARQ0833093909',952469,NULL,NULL),('businessaccount','NL92PARQ0004345257',70662122,6,'29306690'),('businessaccount','NL92PARQ0087265298',36061811,3,'67056141'),('privateaccount','NL92PARQ0136526079',71743,NULL,NULL),('businessaccount','NL92PARQ0151850386',12980832,3,'69264972'),('privateaccount','NL92PARQ0225334772',179485,NULL,NULL),('privateaccount','NL92PARQ0256078932',711271,NULL,NULL),('privateaccount','NL92PARQ0264323797',94430,NULL,NULL),('businessaccount','NL92PARQ0329949406',30454688,6,'62269573'),('businessaccount','NL92PARQ0412451911',18888496,14,'83038737'),('privateaccount','NL92PARQ0452113397',638252,NULL,NULL),('privateaccount','NL92PARQ0515264601',420318,NULL,NULL),('businessaccount','NL92PARQ0528879098',93692745,6,'61283956'),('businessaccount','NL92PARQ0539495094',67295184,11,'76189884'),('privateaccount','NL92PARQ0563051602',488027,NULL,NULL),('privateaccount','NL92PARQ0598751886',75753,NULL,NULL),('businessaccount','NL92PARQ0739539706',53121981,3,'53363019'),('businessaccount','NL92PARQ0776195050',5869356,14,'47221337'),('businessaccount','NL92PARQ0808832409',4117257,3,'34327152'),('businessaccount','NL92PARQ0955818110',73380863,2,'34787779'),('businessaccount','NL92PARQ0993597782',25389748,2,'88717573'),('businessaccount','NL93PARQ0060360718',72577306,3,'29219474'),('privateaccount','NL93PARQ0077267215',98738,NULL,NULL),('privateaccount','NL93PARQ0152048016',139866,NULL,NULL),('privateaccount','NL93PARQ0192031608',416400,NULL,NULL),('businessaccount','NL93PARQ0287842286',21243738,14,'92429326'),('privateaccount','NL93PARQ0333365781',703348,NULL,NULL),('privateaccount','NL93PARQ0369116927',132964,NULL,NULL),('businessaccount','NL93PARQ0399649493',62070313,2,'50692715'),('businessaccount','NL93PARQ0423168010',98382091,14,'58466947'),('businessaccount','NL93PARQ0461486325',68917217,14,'40381991'),('privateaccount','NL93PARQ0534941168',809551,NULL,NULL),('privateaccount','NL93PARQ0662973904',20874,NULL,NULL),('businessaccount','NL93PARQ0717235851',71091470,14,'46012170'),('businessaccount','NL93PARQ0735798903',71098587,2,'26538876'),('businessaccount','NL93PARQ0774589295',49449331,11,'84929269'),('privateaccount','NL93PARQ0880174971',852438,NULL,NULL),('businessaccount','NL93PARQ0880602661',77754798,14,'56108368'),('businessaccount','NL94PARQ0104033537',77855003,14,'59040936'),('businessaccount','NL94PARQ0114781538',95416799,14,'39405266'),('privateaccount','NL94PARQ0147616612',841695,NULL,NULL),('businessaccount','NL94PARQ0228966995',42127809,6,'32504792'),('businessaccount','NL94PARQ0266776891',85764633,6,'86935920'),('businessaccount','NL94PARQ0285514198',55756858,14,'17141848'),('privateaccount','NL94PARQ0294003502',29875,NULL,NULL),('businessaccount','NL94PARQ0321460102',5904502,2,'65123737'),('privateaccount','NL94PARQ0391536169',707670,NULL,NULL),('businessaccount','NL94PARQ0411743118',77664721,6,'98828430'),('privateaccount','NL94PARQ0432902371',304093,NULL,NULL),('businessaccount','NL94PARQ0450004473',75424794,3,'80420468'),('privateaccount','NL94PARQ0642299660',439674,NULL,NULL),('businessaccount','NL94PARQ0654310751',1980925,14,'10366249'),('privateaccount','NL94PARQ0723050109',941798,NULL,NULL),('privateaccount','NL94PARQ0811811969',171978,NULL,NULL),('privateaccount','NL94PARQ0826096818',805693,NULL,NULL),('privateaccount','NL94PARQ0891190528',13330,NULL,NULL),('privateaccount','NL94PARQ0891728410',227709,NULL,NULL),('privateaccount','NL94PARQ0911322941',237858,NULL,NULL),('businessaccount','NL94PARQ0941286506',70568114,6,'69767847'),('privateaccount','NL95PARQ0101268226',151626,NULL,NULL),('businessaccount','NL95PARQ0120492984',10702756,3,'35540578'),('businessaccount','NL95PARQ0312644447',97383772,11,'36124504'),('privateaccount','NL95PARQ0359276293',457642,NULL,NULL),('businessaccount','NL95PARQ0481847591',25984940,3,'24366657'),('privateaccount','NL95PARQ0571310755',390321,NULL,NULL),('privateaccount','NL95PARQ0592624346',859972,NULL,NULL),('businessaccount','NL95PARQ0762347266',10578392,2,'92264497'),('businessaccount','NL95PARQ0890699448',47057209,3,'61849730'),('businessaccount','NL95PARQ0916508359',37330936,2,'09878811'),('businessaccount','NL95PARQ0985113582',86956933,14,'56915912'),('businessaccount','NL96PARQ0002047786',65787672,11,'76067796'),('privateaccount','NL96PARQ0055462647',478106,NULL,NULL),('privateaccount','NL96PARQ0058689876',466114,NULL,NULL),('privateaccount','NL96PARQ0070031897',823165,NULL,NULL),('businessaccount','NL96PARQ0074442141',9295260,6,'78005433'),('privateaccount','NL96PARQ0092556750',274863,NULL,NULL),('privateaccount','NL96PARQ0117763418',717729,NULL,NULL),('businessaccount','NL96PARQ0148473318',74313438,3,'61853547'),('businessaccount','NL96PARQ0149822430',72998475,6,'10158342'),('businessaccount','NL96PARQ0168769729',79050683,3,'87916935'),('privateaccount','NL96PARQ0190292602',909739,NULL,NULL),('privateaccount','NL96PARQ0221785012',50778,NULL,NULL),('businessaccount','NL96PARQ0237845517',12503580,3,'80250846'),('privateaccount','NL96PARQ0307297042',610345,NULL,NULL),('privateaccount','NL96PARQ0314710083',68806,NULL,NULL),('privateaccount','NL96PARQ0376929809',137456,NULL,NULL),('businessaccount','NL96PARQ0399653522',91141859,14,'44460570'),('businessaccount','NL96PARQ0426906439',48563649,2,'17142605'),('privateaccount','NL96PARQ0522593383',921059,NULL,NULL),('privateaccount','NL96PARQ0595533661',92332,NULL,NULL),('businessaccount','NL96PARQ0815516748',62697628,6,'57960177'),('businessaccount','NL96PARQ0845193696',90857822,3,'36086897'),('businessaccount','NL96PARQ0847159460',8744785,6,'12461311'),('privateaccount','NL96PARQ0914781202',111368,NULL,NULL),('privateaccount','NL97PARQ0007793203',214485,NULL,NULL),('privateaccount','NL97PARQ0028700567',583900,NULL,NULL),('privateaccount','NL97PARQ0029103393',705311,NULL,NULL),('privateaccount','NL97PARQ0049680210',878990,NULL,NULL),('businessaccount','NL97PARQ0129683334',10080351,14,'75277669'),('privateaccount','NL97PARQ0169701710',209118,NULL,NULL),('businessaccount','NL97PARQ0193731924',67445513,6,'48854754'),('businessaccount','NL97PARQ0199176347',75066292,3,'49440724'),('privateaccount','NL97PARQ0228554903',649188,NULL,NULL),('privateaccount','NL97PARQ0230269235',497051,NULL,NULL),('privateaccount','NL97PARQ0364341619',392226,NULL,NULL),('businessaccount','NL97PARQ0419682479',52685215,3,'26141915'),('privateaccount','NL97PARQ0519686403',452164,NULL,NULL),('businessaccount','NL97PARQ0554279605',92444796,11,'06165533'),('businessaccount','NL97PARQ0579965345',17445407,3,'19967413'),('businessaccount','NL97PARQ0607936264',93511582,2,'56718502'),('businessaccount','NL97PARQ0658921664',37349357,3,'69871649'),('businessaccount','NL97PARQ0686850887',11341393,14,'77122791'),('businessaccount','NL97PARQ0738198973',91856347,6,'04725267'),('privateaccount','NL97PARQ0814768936',779822,NULL,NULL),('businessaccount','NL97PARQ0848745043',12861367,6,'44900146'),('businessaccount','NL97PARQ0860941977',52192232,11,'15820168'),('businessaccount','NL97PARQ0993414409',90778009,6,'41509788'),('privateaccount','NL98PARQ0024324875',135177,NULL,NULL),('privateaccount','NL98PARQ0050881207',168927,NULL,NULL),('privateaccount','NL98PARQ0132955110',911476,NULL,NULL),('privateaccount','NL98PARQ0136623976',534485,NULL,NULL),('privateaccount','NL98PARQ0143366617',249887,NULL,NULL),('privateaccount','NL98PARQ0156086261',942452,NULL,NULL),('businessaccount','NL98PARQ0164956899',24962843,2,'19922497'),('businessaccount','NL98PARQ0173496634',14969514,3,'73976346'),('businessaccount','NL98PARQ0180659123',21523732,11,'12114437'),('businessaccount','NL98PARQ0344114105',62088430,14,'94414514'),('privateaccount','NL98PARQ0423784189',883038,NULL,NULL),('privateaccount','NL98PARQ0559697082',987774,NULL,NULL),('privateaccount','NL98PARQ0570202219',787615,NULL,NULL),('privateaccount','NL98PARQ0630184005',92297,NULL,NULL),('privateaccount','NL98PARQ0690030049',555602,NULL,NULL),('privateaccount','NL98PARQ0722426385',405187,NULL,NULL),('businessaccount','NL98PARQ0727753694',55999884,6,'06063295'),('businessaccount','NL98PARQ0812090949',34819430,11,'94946317'),('privateaccount','NL98PARQ0933664828',57636,NULL,NULL),('businessaccount','NL98PARQ0936239488',80977791,6,'98227453'),('privateaccount','NL98PARQ0987982030',497406,NULL,NULL),('businessaccount','NL99PARQ0016187670',55100013,11,'48085492'),('privateaccount','NL99PARQ0035314800',200228,NULL,NULL),('businessaccount','NL99PARQ0069220538',94894190,11,'06155702'),('privateaccount','NL99PARQ0112692166',633338,NULL,NULL),('privateaccount','NL99PARQ0128336204',994438,NULL,NULL),('businessaccount','NL99PARQ0166300045',32780460,3,'72541889'),('privateaccount','NL99PARQ0224161048',581892,NULL,NULL),('privateaccount','NL99PARQ0246727199',687642,NULL,NULL),('businessaccount','NL99PARQ0254131028',97812978,2,'99074532'),('privateaccount','NL99PARQ0356144288',483632,NULL,NULL),('businessaccount','NL99PARQ0362978064',51054376,2,'30283805'),('privateaccount','NL99PARQ0431774666',835725,NULL,NULL),('businessaccount','NL99PARQ0477358155',91153015,2,'20264925'),('privateaccount','NL99PARQ0501824141',683559,NULL,NULL),('privateaccount','NL99PARQ0503412409',100889,NULL,NULL),('businessaccount','NL99PARQ0519772794',51551516,3,'44040310'),('privateaccount','NL99PARQ0635351908',353972,NULL,NULL),('privateaccount','NL99PARQ0662806750',258459,NULL,NULL),('privateaccount','NL99PARQ0692149471',415032,NULL,NULL),('businessaccount','NL99PARQ0702166745',22901054,14,'29182833'),('businessaccount','NL99PARQ0885617183',91485122,6,'05044330'),('businessaccount','NL99PARQ0934543031',86597768,6,'97270532'),('businessaccount','NL99PARQ0973108520',67541451,14,'00598939'),('businessaccount','NL99PARQ0973954627',57255941,14,'07129526'),('privateaccount','NL99PARQ0995662159',676474,NULL,NULL);
/*!40000 ALTER TABLE `payment_account` ENABLE KEYS */;
UNLOCK TABLES;

--
-- Table structure for table `payment_account_account_holders`
--

DROP TABLE IF EXISTS `payment_account_account_holders`;
/*!40101 SET @saved_cs_client     = @@character_set_client */;
/*!50503 SET character_set_client = utf8mb4 */;
CREATE TABLE `payment_account_account_holders` (
  `payment_accounts_iban` varchar(255) NOT NULL,
  `account_holders_id` bigint NOT NULL,
  KEY `FKnlx0oi9nabw486i66w9b255kg` (`account_holders_id`),
  KEY `FK4oo0qb9yc6e0yge1ukqcejkrp` (`payment_accounts_iban`),
  CONSTRAINT `FK4oo0qb9yc6e0yge1ukqcejkrp` FOREIGN KEY (`payment_accounts_iban`) REFERENCES `payment_account` (`iban`),
  CONSTRAINT `FKnlx0oi9nabw486i66w9b255kg` FOREIGN KEY (`account_holders_id`) REFERENCES `user` (`id`)
) ENGINE=InnoDB DEFAULT CHARSET=utf8mb4 COLLATE=utf8mb4_0900_ai_ci;
/*!40101 SET character_set_client = @saved_cs_client */;

--
-- Dumping data for table `payment_account_account_holders`
--

LOCK TABLES `payment_account_account_holders` WRITE;
/*!40000 ALTER TABLE `payment_account_account_holders` DISABLE KEYS */;
INSERT INTO `payment_account_account_holders` VALUES ('NL00PARQ0827800684',826),('NL01PARQ0215280615',1003),('NL01PARQ0501936782',854),('NL01PARQ0631415532',665),('NL01PARQ0738196440',481),('NL01PARQ0960375726',822),('NL03PARQ0405286370',890),('NL03PARQ0512246135',967),('NL04PARQ0048101670',874),('NL04PARQ0722632224',735),('NL04PARQ0726719480',968),('NL04PARQ0816672755',699),('NL05PARQ0296600642',982),('NL07PARQ0611461061',972),('NL09PARQ0749697642',583),('NL09PARQ0959069201',733),('NL11PARQ0383556036',430),('NL12PARQ0028699460',773),('NL13PARQ0326823175',450),('NL14PARQ0684832549',797),('NL14PARQ0862792956',869),('NL15PARQ0448089647',888),('NL16PARQ0410729429',449),('NL16PARQ0807461226',458),('NL17PARQ0638242021',912),('NL18PARQ0188764286',920),('NL19PARQ0379523957',882),('NL20PARQ0433706452',443),('NL20PARQ0459029720',867),('NL20PARQ0914637106',425),('NL20PARQ0914974004',458),('NL21PARQ0354917581',845),('NL21PARQ0411478391',847),('NL22PARQ0389828918',576),('NL22PARQ0928813934',640),('NL23PARQ0004809942',876),('NL23PARQ0161443200',645),('NL24PARQ0395638818',448),('NL25PARQ0499520506',567),('NL26PARQ0240119027',869),('NL26PARQ0789776170',798),('NL26PARQ0819394976',823),('NL27PARQ0367646290',606),('NL27PARQ0441323391',685),('NL28PARQ0344131811',931),('NL28PARQ0669508892',729),('NL29PARQ0306484002',609),('NL29PARQ0386315060',554),('NL29PARQ0692273397',448),('NL30PARQ0655084481',933),('NL30PARQ0935785038',892),('NL31PARQ0412823574',962),('NL31PARQ0867268283',642),('NL32PARQ0303010827',958),('NL33PARQ0172270458',732),('NL33PARQ0308184834',684),('NL34PARQ0125803617',863),('NL34PARQ0433119557',535),('NL34PARQ0623848187',643),('NL35PARQ0837898532',667),('NL36PARQ0956406323',865),('NL37PARQ0241029082',974),('NL38PARQ0072408487',840),('NL38PARQ0328666763',1013),('NL38PARQ0592333699',803),('NL39PARQ0518631078',545),('NL40PARQ0237019988',1005),('NL40PARQ0261956597',750),('NL40PARQ0287009244',458),('NL40PARQ0294786494',459),('NL40PARQ0479466973',852),('NL42PARQ0019755789',781),('NL43PARQ0199605752',927),('NL43PARQ0517788844',415),('NL43PARQ0708614673',776),('NL43PARQ0812777015',887),('NL44PARQ0228275645',431),('NL44PARQ0442097994',520),('NL44PARQ0532831399',508),('NL44PARQ0976098592',769),('NL45PARQ0399380038',1015),('NL46PARQ0668941357',1013),('NL46PARQ0801726240',640),('NL46PARQ0806110433',458),('NL47PARQ0335458879',606),('NL47PARQ0458772235',590),('NL47PARQ0636238768',563),('NL48PARQ0576084328',574),('NL48PARQ0994848326',580),('NL49PARQ0487373630',575),('NL49PARQ0533509460',889),('NL50PARQ0797949620',770),('NL51PARQ0141566368',473),('NL51PARQ0459022027',754),('NL52PARQ0609452779',829),('NL52PARQ0806953410',932),('NL53PARQ0220070020',457),('NL53PARQ0922459664',919),('NL55PARQ0046236075',486),('NL55PARQ0808814258',488),('NL56PARQ0048415352',875),('NL56PARQ0293302049',836),('NL57PARQ0365027624',780),('NL58PARQ0200988160',636),('NL58PARQ0543545429',759),('NL58PARQ0733371158',912),('NL59PARQ0244190796',455),('NL59PARQ0463746841',926),('NL59PARQ0504315855',532),('NL59PARQ0831731975',945),('NL59PARQ0909869947',989),('NL60PARQ0176659963',676),('NL60PARQ0509986845',733),('NL60PARQ0721369788',525),('NL62PARQ0569385856',437),('NL62PARQ0778502284',482),('NL63PARQ0137706098',735),('NL63PARQ0245712524',424),('NL63PARQ0587216221',489),('NL65PARQ0122731302',708),('NL65PARQ0694561194',993),('NL65PARQ0912967785',604),('NL66PARQ0423402559',599),('NL67PARQ0513359197',751),('NL67PARQ0907806910',583),('NL68PARQ0567431335',874),('NL68PARQ0686865481',564),('NL69PARQ0142212724',855),('NL69PARQ0607163319',411),('NL69PARQ0703506523',640),('NL70PARQ0022108523',730),('NL70PARQ0203863761',513),('NL70PARQ0511155691',966),('NL70PARQ0761809954',907),('NL70PARQ0881018252',741),('NL71PARQ0249255644',888),('NL71PARQ0314105264',954),('NL71PARQ0524821945',428),('NL71PARQ0930771200',931),('NL72PARQ0035616328',554),('NL72PARQ0797161827',834),('NL73PARQ0430684943',525),('NL73PARQ0516887003',653),('NL74PARQ0687812812',405),('NL75PARQ0085151250',868),('NL75PARQ0525712763',479),('NL75PARQ0673068513',954),('NL77PARQ0229396633',901),('NL77PARQ0319932567',455),('NL78PARQ0398285688',427),('NL78PARQ0466454762',409),('NL78PARQ0903750389',804),('NL79PARQ0393180823',547),('NL80PARQ0261222318',826),('NL82PARQ0691605600',474),('NL82PARQ0945086797',533),('NL83PARQ0190845622',717),('NL83PARQ0293462628',692),('NL83PARQ0457385458',871),('NL84PARQ0870322437',514),('NL85PARQ0125659617',988),('NL85PARQ0251669347',960),('NL85PARQ0359228524',552),('NL86PARQ0610510974',461),('NL87PARQ0443157961',942),('NL87PARQ0847045209',502),('NL88PARQ0237379307',1003),('NL88PARQ0322729708',511),('NL88PARQ0353592912',639),('NL88PARQ0538719275',947),('NL88PARQ0984822537',506),('NL89PARQ0004159839',720),('NL89PARQ0559701472',431),('NL90PARQ0179797788',590),('NL90PARQ0465571434',735),('NL92PARQ0955818110',464),('NL92PARQ0993597782',923),('NL93PARQ0399649493',982),('NL93PARQ0735798903',436),('NL94PARQ0321460102',792),('NL95PARQ0762347266',653),('NL95PARQ0916508359',481),('NL96PARQ0426906439',945),('NL97PARQ0607936264',587),('NL98PARQ0164956899',813),('NL99PARQ0254131028',459),('NL99PARQ0362978064',415),('NL99PARQ0477358155',975),('NL00PARQ0806610622',1004),('NL01PARQ0006779927',854),('NL01PARQ0116715193',1010),('NL01PARQ0464621113',884),('NL01PARQ0917006447',701),('NL03PARQ0879464949',1025),('NL03PARQ0958186805',518),('NL04PARQ0297772471',879),('NL04PARQ0558825202',771),('NL07PARQ0456326682',716),('NL07PARQ0591938504',609),('NL08PARQ0252183033',484),('NL08PARQ0325392119',955),('NL08PARQ0470269639',466),('NL10PARQ0202361221',721),('NL10PARQ0272484917',873),('NL10PARQ0435296063',593),('NL11PARQ0687547089',877),('NL11PARQ0897802772',839),('NL12PARQ0307706408',960),('NL13PARQ0096845489',753),('NL13PARQ0341004441',744),('NL13PARQ0598031028',745),('NL13PARQ0963484070',577),('NL14PARQ0329496313',822),('NL14PARQ0539123624',1014),('NL14PARQ0606434281',984),('NL15PARQ0125081596',493),('NL15PARQ0229700774',635),('NL15PARQ0460480990',552),('NL15PARQ0860340550',668),('NL16PARQ0307174316',446),('NL16PARQ0434103602',586),('NL17PARQ0226620371',665),('NL17PARQ0275389659',937),('NL17PARQ0827381306',896),('NL18PARQ0599158836',765),('NL19PARQ0694014453',497),('NL19PARQ0873027979',451),('NL20PARQ0147846366',694),('NL20PARQ0443001391',1001),('NL21PARQ0562311130',943),('NL22PARQ0965073190',817),('NL24PARQ0099210569',874),('NL24PARQ0758785130',551),('NL25PARQ0406605710',565),('NL25PARQ0637205337',428),('NL26PARQ0088722639',1005),('NL26PARQ0216716467',912),('NL27PARQ0826192758',1002),('NL28PARQ0083751133',923),('NL28PARQ0348079824',401),('NL31PARQ0693432132',886),('NL31PARQ0927108618',624),('NL32PARQ0343657456',866),('NL33PARQ0284359362',917),('NL33PARQ0921297998',973),('NL33PARQ0999681667',750),('NL34PARQ0721491516',594),('NL34PARQ0834475811',721),('NL36PARQ0016204966',865),('NL36PARQ0734924985',672),('NL36PARQ0795486525',665),('NL36PARQ0904156409',998),('NL37PARQ0102052117',824),('NL37PARQ0162878021',914),('NL37PARQ0324310149',753),('NL38PARQ0439202476',786),('NL38PARQ0470365161',644),('NL38PARQ0555152746',1017),('NL39PARQ0308340922',733),('NL39PARQ0498290897',553),('NL39PARQ0537532036',705),('NL39PARQ0553063598',962),('NL39PARQ0740380641',436),('NL40PARQ0437372683',955),('NL40PARQ0854334924',553),('NL41PARQ0522050949',407),('NL41PARQ0763353588',640),('NL41PARQ0852636445',617),('NL42PARQ0451585239',852),('NL42PARQ0452640630',964),('NL42PARQ0521575310',650),('NL42PARQ0610738060',859),('NL42PARQ0820201287',605),('NL43PARQ0367055551',647),('NL43PARQ0689604349',901),('NL43PARQ0813689058',963),('NL44PARQ0077268863',724),('NL45PARQ0136565085',792),('NL46PARQ0552104116',803),('NL46PARQ0561106715',682),('NL46PARQ0590990166',651),('NL47PARQ0220706368',910),('NL48PARQ0004708596',835),('NL48PARQ0400404545',965),('NL48PARQ0542348358',463),('NL48PARQ0860166928',925),('NL48PARQ0882573330',795),('NL49PARQ0576130426',1016),('NL49PARQ0643293030',955),('NL49PARQ0738109498',937),('NL50PARQ0217096285',578),('NL50PARQ0539941475',448),('NL51PARQ0312806679',788),('NL52PARQ0297266976',401),('NL52PARQ0986158178',821),('NL53PARQ0743195729',741),('NL54PARQ0073132253',942),('NL54PARQ0387925856',932),('NL54PARQ0512521234',709),('NL54PARQ0785952142',428),('NL55PARQ0829624387',734),('NL56PARQ0529511415',723),('NL56PARQ0614048666',553),('NL56PARQ0795946953',837),('NL57PARQ0382944900',566),('NL57PARQ0481820105',817),('NL58PARQ0018466751',423),('NL58PARQ0608200425',687),('NL59PARQ0828345634',945),('NL60PARQ0503559976',975),('NL60PARQ0737640754',1005),('NL61PARQ0143019439',443),('NL61PARQ0550868128',463),('NL62PARQ0197195715',954),('NL62PARQ0599540374',850),('NL63PARQ0072248439',680),('NL65PARQ0265691283',794),('NL65PARQ0520474412',845),('NL65PARQ0854282037',512),('NL65PARQ0969229603',416),('NL66PARQ0427811948',440),('NL67PARQ0327217344',1016),('NL67PARQ0609293450',761),('NL68PARQ0831160041',593),('NL69PARQ0070196096',657),('NL69PARQ0071974595',483),('NL69PARQ0876518101',842),('NL69PARQ0973602231',587),('NL70PARQ0663928141',594),('NL70PARQ0797948117',752),('NL70PARQ0915457568',402),('NL71PARQ0168813032',974),('NL71PARQ0490891627',421),('NL71PARQ0765189227',406),('NL71PARQ0977546145',797),('NL72PARQ0487116709',705),('NL73PARQ0552351820',777),('NL73PARQ0579248974',918),('NL74PARQ0093212255',646),('NL74PARQ0173543441',966),('NL74PARQ0495758451',556),('NL74PARQ0593641772',812),('NL76PARQ0846599714',613),('NL77PARQ0290133595',475),('NL77PARQ0570869736',563),('NL77PARQ0691405875',824),('NL78PARQ0064911803',794),('NL78PARQ0183435017',445),('NL79PARQ0264490067',480),('NL79PARQ0873838442',1012),('NL80PARQ0302292464',813),('NL80PARQ0358049759',888),('NL80PARQ0978912421',945),('NL82PARQ0825425184',812),('NL82PARQ0957802874',995),('NL83PARQ0628217403',588),('NL83PARQ0861563163',956),('NL84PARQ0040561978',991),('NL84PARQ0276959743',972),('NL84PARQ0328432682',836),('NL84PARQ0569368642',978),('NL85PARQ0047191986',798),('NL85PARQ0404526832',476),('NL86PARQ0327253660',504),('NL88PARQ0366467703',695),('NL88PARQ0816965695',799),('NL89PARQ0440437085',963),('NL89PARQ0674671212',667),('NL89PARQ0681344895',668),('NL90PARQ0682247889',925),('NL91PARQ0247917093',959),('NL92PARQ0087265298',464),('NL92PARQ0151850386',736),('NL92PARQ0739539706',497),('NL92PARQ0808832409',525),('NL93PARQ0060360718',508),('NL94PARQ0450004473',709),('NL95PARQ0120492984',641),('NL95PARQ0481847591',860),('NL95PARQ0890699448',672),('NL96PARQ0148473318',875),('NL96PARQ0168769729',480),('NL96PARQ0237845517',1025),('NL96PARQ0845193696',554),('NL97PARQ0199176347',690),('NL97PARQ0419682479',979),('NL97PARQ0579965345',935),('NL97PARQ0658921664',890),('NL98PARQ0173496634',730),('NL99PARQ0166300045',510),('NL99PARQ0519772794',721),('NL00PARQ0072303267',599),('NL00PARQ0450405110',766),('NL00PARQ0485706768',563),('NL00PARQ0678735498',887),('NL01PARQ0028464505',1007),('NL01PARQ0422544747',848),('NL01PARQ0709967014',803),('NL02PARQ0779684499',967),('NL02PARQ0798618753',406),('NL03PARQ0254539151',669),('NL03PARQ0740686804',508),('NL04PARQ0189998380',850),('NL05PARQ0032829680',621),('NL07PARQ0953084185',497),('NL08PARQ0199078001',941),('NL08PARQ0286499776',476),('NL08PARQ0364275509',625),('NL08PARQ0491527570',904),('NL08PARQ0797093921',564),('NL09PARQ0652479863',515),('NL09PARQ0694724419',943),('NL09PARQ0973534828',1024),('NL10PARQ0191748031',913),('NL10PARQ0426849975',411),('NL11PARQ0894472882',900),('NL12PARQ0150093619',583),('NL12PARQ0741134658',738),('NL12PARQ0923495379',827),('NL12PARQ0947400571',955),('NL13PARQ0996250078',597),('NL14PARQ0144201677',769),('NL14PARQ0622211677',761),('NL15PARQ0047502556',552),('NL15PARQ0888638543',480),('NL15PARQ0947859373',450),('NL16PARQ0092857761',1006),('NL17PARQ0984686889',550),('NL17PARQ0997744915',647),('NL18PARQ0254133472',816),('NL18PARQ0916664932',774),('NL20PARQ0557149321',687),('NL21PARQ0423323058',489),('NL21PARQ0525426862',875),('NL22PARQ0269218999',491),('NL22PARQ0514660347',439),('NL22PARQ0948343219',477),('NL23PARQ0342443093',807),('NL23PARQ0528640643',774),('NL23PARQ0571717716',489),('NL24PARQ0804469485',543),('NL25PARQ0374258448',519),('NL26PARQ0321112704',445),('NL26PARQ0505675200',858),('NL26PARQ0614026898',946),('NL26PARQ0936400690',423),('NL26PARQ0990082041',583),('NL27PARQ0157144749',647),('NL27PARQ0322964796',561),('NL27PARQ0406143426',488),('NL27PARQ0734932521',986),('NL27PARQ0957657555',949),('NL28PARQ0366182112',879),('NL28PARQ0406641167',505),('NL28PARQ0958886416',475),('NL29PARQ0442332050',912),('NL29PARQ0720039805',589),('NL29PARQ0790076080',631),('NL29PARQ0830381913',898),('NL30PARQ0540803445',833),('NL31PARQ0181046720',547),('NL31PARQ0484361550',636),('NL31PARQ0802434669',955),('NL31PARQ0816492105',682),('NL31PARQ0970627451',966),('NL32PARQ0015718085',949),('NL32PARQ0464252071',674),('NL32PARQ0591862397',801),('NL32PARQ0836841715',615),('NL33PARQ0209833373',637),('NL33PARQ0439407068',716),('NL33PARQ0550197433',939),('NL34PARQ0369905770',996),('NL34PARQ0413840345',902),('NL34PARQ0989629586',995),('NL35PARQ0197183009',802),('NL35PARQ0341896311',592),('NL35PARQ0779280001',576),('NL36PARQ0519694826',604),('NL36PARQ0564631665',653),('NL37PARQ0737657970',685),('NL38PARQ0674105395',528),('NL39PARQ0075251541',523),('NL39PARQ0203812784',1002),('NL39PARQ0426139459',688),('NL40PARQ0317302158',923),('NL40PARQ0725329590',677),('NL41PARQ0339703366',662),('NL42PARQ0343144787',1014),('NL42PARQ0567795642',997),('NL42PARQ0920047619',876),('NL43PARQ0097232576',863),('NL44PARQ0277565243',1011),('NL44PARQ0595241831',617),('NL44PARQ0726032050',731),('NL45PARQ0601516028',583),('NL45PARQ0782905446',954),('NL46PARQ0953044438',786),('NL47PARQ0119694180',599),('NL47PARQ0313402253',737),('NL47PARQ0431023809',562),('NL47PARQ0507723508',430),('NL47PARQ0815637068',501),('NL47PARQ0967366670',606),('NL48PARQ0070889936',400),('NL48PARQ0408461948',847),('NL48PARQ0488564674',845),('NL48PARQ0534851637',872),('NL48PARQ0600029504',511),('NL49PARQ0301203949',431),('NL49PARQ0664436149',907),('NL49PARQ0882097229',799),('NL49PARQ0942027526',979),('NL51PARQ0614711023',653),('NL52PARQ0429901344',678),('NL53PARQ0559916632',591),('NL53PARQ0612621746',862),('NL53PARQ0893617517',890),('NL54PARQ0053848288',540),('NL54PARQ0185384253',649),('NL54PARQ0416484214',758),('NL54PARQ0719112094',1011),('NL55PARQ0680668658',654),('NL55PARQ0792413887',545),('NL56PARQ0182303150',411),('NL56PARQ0705972301',549),('NL56PARQ0726225455',955),('NL58PARQ0066029664',772),('NL58PARQ0266524235',544),('NL59PARQ0041918187',724),('NL59PARQ0212676216',511),('NL59PARQ0911422261',951),('NL60PARQ0190775705',788),('NL60PARQ0220134782',995),('NL60PARQ0315051017',892),('NL61PARQ0988877908',541),('NL62PARQ0541840776',812),('NL63PARQ0005754460',865),('NL63PARQ0192258372',922),('NL63PARQ0391274443',460),('NL63PARQ0802094021',998),('NL64PARQ0805034208',685),('NL65PARQ0513522856',655),('NL65PARQ0562331164',522),('NL65PARQ0631945143',1021),('NL66PARQ0104950796',496),('NL66PARQ0154635580',1008),('NL66PARQ0379965562',567),('NL66PARQ0556205535',735),('NL67PARQ0016838071',460),('NL68PARQ0021687426',552),('NL68PARQ0611413445',805),('NL69PARQ0330065359',512),('NL69PARQ0723464148',572),('NL69PARQ0861532556',706),('NL70PARQ0935683098',688),('NL72PARQ0032843701',630),('NL72PARQ0301538448',572),('NL74PARQ0309787067',715),('NL75PARQ0594474128',600),('NL75PARQ0720819983',735),('NL76PARQ0014351793',877),('NL76PARQ0120026626',496),('NL76PARQ0714398252',843),('NL77PARQ0005198115',791),('NL77PARQ0142386141',530),('NL78PARQ0113589845',765),('NL78PARQ0362027456',653),('NL78PARQ0421626816',996),('NL79PARQ0301125833',929),('NL79PARQ0585364886',824),('NL79PARQ0587300449',858),('NL79PARQ0891425919',618),('NL80PARQ0244949011',861),('NL80PARQ0250569653',524),('NL81PARQ0118952569',921),('NL81PARQ0661757534',961),('NL81PARQ0869460936',1007),('NL82PARQ0197835928',908),('NL82PARQ0211146951',591),('NL82PARQ0336387800',574),('NL82PARQ0629910381',898),('NL83PARQ0985714440',999),('NL84PARQ0158383835',787),('NL84PARQ0181056710',758),('NL85PARQ0228941025',963),('NL85PARQ0452243391',743),('NL85PARQ0679472842',716),('NL85PARQ0696850827',587),('NL87PARQ0115895145',478),('NL87PARQ0141442839',485),('NL87PARQ0274974092',747),('NL87PARQ0315338915',951),('NL87PARQ0712504590',690),('NL88PARQ0067043177',510),('NL88PARQ0085888180',554),('NL88PARQ0192136122',810),('NL89PARQ0482320000',730),('NL90PARQ0184070016',415),('NL90PARQ0349835675',540),('NL91PARQ0075641925',534),('NL91PARQ0592022305',599),('NL92PARQ0004345257',720),('NL92PARQ0329949406',743),('NL92PARQ0528879098',993),('NL94PARQ0228966995',929),('NL94PARQ0266776891',924),('NL94PARQ0411743118',840),('NL94PARQ0941286506',685),('NL96PARQ0074442141',523),('NL96PARQ0149822430',672),('NL96PARQ0815516748',946),('NL96PARQ0847159460',452),('NL97PARQ0193731924',822),('NL97PARQ0738198973',996),('NL97PARQ0848745043',480),('NL97PARQ0993414409',615),('NL98PARQ0727753694',730),('NL98PARQ0936239488',593),('NL99PARQ0885617183',993),('NL99PARQ0934543031',485),('NL00PARQ0135878047',966),('NL00PARQ0492107282',542),('NL00PARQ0936648126',789),('NL01PARQ0703377424',884),('NL01PARQ0756982418',1004),('NL01PARQ0994152966',895),('NL02PARQ0258015009',924),('NL02PARQ0446620195',918),('NL02PARQ0715212002',743),('NL02PARQ0908096082',985),('NL03PARQ0157492454',518),('NL04PARQ0627800736',660),('NL05PARQ0637601947',842),('NL06PARQ0420923955',665),('NL06PARQ0539487565',998),('NL06PARQ0924239899',718),('NL07PARQ0686171291',506),('NL08PARQ0335251921',574),('NL08PARQ0699086330',758),('NL08PARQ0787067310',842),('NL08PARQ0900052302',655),('NL09PARQ0797442712',848),('NL10PARQ0338480186',1002),('NL10PARQ0339905453',595),('NL11PARQ0314763455',424),('NL11PARQ0663246293',977),('NL11PARQ0663287840',750),('NL11PARQ0670764015',459),('NL12PARQ0431977809',983),('NL12PARQ0570942403',795),('NL12PARQ0663294599',679),('NL13PARQ0153129538',624),('NL13PARQ0493266073',718),('NL13PARQ0925847430',544),('NL14PARQ0108658128',1002),('NL14PARQ0447559782',458),('NL15PARQ0774030558',582),('NL16PARQ0045114219',1000),('NL17PARQ0509762226',550),('NL17PARQ0580655602',906),('NL18PARQ0597998346',621),('NL19PARQ0168017578',817),('NL19PARQ0992020229',803),('NL20PARQ0528618378',935),('NL20PARQ0592408032',467),('NL20PARQ0749207658',578),('NL20PARQ0834212322',466),('NL21PARQ0102748935',651),('NL22PARQ0593364448',934),('NL22PARQ0636250001',471),('NL22PARQ0651103817',830),('NL22PARQ0845506614',741),('NL23PARQ0002563619',866),('NL24PARQ0444098686',700),('NL24PARQ0715158963',530),('NL24PARQ0833185785',525),('NL25PARQ0416112924',509),('NL26PARQ0402760439',1004),('NL26PARQ0550330774',899),('NL26PARQ0588182562',539),('NL28PARQ0524238674',851),('NL28PARQ0789463359',819),('NL28PARQ0815954609',763),('NL29PARQ0286285148',498),('NL29PARQ0377207898',556),('NL30PARQ0100978054',480),('NL30PARQ0108409991',881),('NL30PARQ0834795687',609),('NL30PARQ0853549324',880),('NL31PARQ0120130320',778),('NL31PARQ0508767059',411),('NL32PARQ0279728445',726),('NL32PARQ0318794769',808),('NL32PARQ0333420156',600),('NL33PARQ0200849877',478),('NL33PARQ0750139634',725),('NL34PARQ0592770039',958),('NL34PARQ0928122260',785),('NL35PARQ0713690380',650),('NL36PARQ0525118196',669),('NL37PARQ0657252664',1002),('NL38PARQ0397483280',490),('NL38PARQ0784132831',924),('NL39PARQ0210267167',845),('NL39PARQ0270321652',950),('NL39PARQ0532734442',402),('NL39PARQ0682889995',965),('NL40PARQ0463947063',585),('NL40PARQ0790081783',942),('NL40PARQ0894557724',908),('NL41PARQ0718829091',542),('NL42PARQ0321502317',721),('NL44PARQ0054065976',855),('NL44PARQ0110951912',970),('NL44PARQ0602589479',941),('NL46PARQ0435772055',915),('NL46PARQ0497949129',549),('NL46PARQ0737735866',542),('NL47PARQ0271365764',962),('NL48PARQ0002698744',870),('NL48PARQ0539639601',831),('NL48PARQ0959043125',734),('NL49PARQ0284647544',541),('NL49PARQ0845731827',973),('NL50PARQ0113667264',436),('NL50PARQ0592702669',807),('NL51PARQ0578417514',657),('NL51PARQ0978488450',707),('NL53PARQ0992863475',876),('NL56PARQ0290973579',997),('NL56PARQ0672798017',882),('NL56PARQ0702547433',981),('NL57PARQ0333331660',897),('NL60PARQ0576290847',861),('NL60PARQ0578357311',733),('NL60PARQ0596735466',711),('NL61PARQ0095243228',722),('NL61PARQ0264615444',558),('NL62PARQ0626279301',945),('NL62PARQ0868903236',515),('NL62PARQ0997870904',914),('NL63PARQ0440622727',1010),('NL64PARQ0017952875',841),('NL64PARQ0693034489',873),('NL65PARQ0696883744',471),('NL65PARQ0818937545',489),('NL65PARQ0899407848',968),('NL66PARQ0132865680',973),('NL66PARQ0570569209',633),('NL66PARQ0892722698',465),('NL67PARQ0444099177',501),('NL67PARQ0503657603',918),('NL67PARQ0537877295',698),('NL67PARQ0945577168',529),('NL68PARQ0013987532',663),('NL68PARQ0700501281',436),('NL69PARQ0491557622',1014),('NL69PARQ0498913244',708),('NL69PARQ0724874738',688),('NL69PARQ0956816269',403),('NL70PARQ0176618474',596),('NL71PARQ0140198464',876),('NL71PARQ0949634723',862),('NL72PARQ0054166525',767),('NL72PARQ0080029121',692),('NL72PARQ0163955806',652),('NL72PARQ0687892658',531),('NL73PARQ0194382516',546),('NL73PARQ0692545892',436),('NL73PARQ0923659610',402),('NL75PARQ0658491619',1022),('NL75PARQ0811441295',799),('NL76PARQ0021202375',637),('NL76PARQ0624211135',521),('NL76PARQ0710880052',516),('NL77PARQ0061637256',957),('NL77PARQ0493535821',586),('NL78PARQ0049342949',976),('NL78PARQ0387319262',781),('NL79PARQ0023032134',941),('NL79PARQ0723478128',709),('NL80PARQ0162118215',609),('NL80PARQ0734832875',512),('NL80PARQ0884920701',680),('NL81PARQ0012563834',737),('NL81PARQ0182039119',493),('NL81PARQ0710971093',709),('NL81PARQ0880258136',648),('NL83PARQ0285508373',892),('NL84PARQ0342133504',683),('NL84PARQ0687583674',562),('NL86PARQ0311372919',573),('NL86PARQ0395462513',477),('NL86PARQ0716719540',838),('NL86PARQ0882166743',421),('NL87PARQ0403867581',985),('NL87PARQ0899570670',541),('NL89PARQ0253578899',425),('NL89PARQ0288921099',574),('NL89PARQ0812530362',777),('NL90PARQ0256910206',856),('NL90PARQ0696833663',994),('NL90PARQ0762275713',874),('NL91PARQ0365159827',437),('NL91PARQ0423115974',442),('NL91PARQ0736359059',830),('NL91PARQ0813966568',838),('NL92PARQ0539495094',877),('NL93PARQ0774589295',825),('NL95PARQ0312644447',448),('NL96PARQ0002047786',556),('NL97PARQ0554279605',626),('NL97PARQ0860941977',632),('NL98PARQ0180659123',908),('NL98PARQ0812090949',548),('NL99PARQ0016187670',457),('NL99PARQ0069220538',960),('NL00PARQ0266960513',622),('NL00PARQ0278833695',667),('NL01PARQ0590491655',817),('NL03PARQ0078627792',823),('NL03PARQ0416128343',770),('NL03PARQ0528499558',907),('NL04PARQ0691407078',960),('NL04PARQ0821804038',550),('NL05PARQ0718782081',1006),('NL06PARQ0008879031',710),('NL07PARQ0185033048',537),('NL08PARQ0083230249',769),('NL08PARQ0952984341',781),('NL10PARQ0132739705',599),('NL10PARQ0911506599',789),('NL10PARQ0947966426',813),('NL11PARQ0260818988',636),('NL11PARQ0658732563',990),('NL12PARQ0073496143',818),('NL12PARQ0235720617',736),('NL13PARQ0941942516',948),('NL14PARQ0102975614',835),('NL16PARQ0194905567',1011),('NL16PARQ0471571082',628),('NL16PARQ0914763727',606),('NL17PARQ0178046254',643),('NL17PARQ0342636122',506),('NL18PARQ0897441240',460),('NL19PARQ0064455790',505),('NL19PARQ0172129034',502),('NL19PARQ0325745778',524),('NL19PARQ0343251189',697),('NL19PARQ0589854438',529),('NL19PARQ0933111044',586),('NL21PARQ0118250019',637),('NL21PARQ0164330606',594),('NL22PARQ0204794894',957),('NL24PARQ0072880416',776),('NL24PARQ0093594082',956),('NL24PARQ0386769547',760),('NL24PARQ0727894561',754),('NL24PARQ0866363952',570),('NL24PARQ0987082366',444),('NL24PARQ0998576449',877),('NL25PARQ0342842709',497),('NL26PARQ0224766879',460),('NL26PARQ0505332046',472),('NL28PARQ0274815097',998),('NL28PARQ0307628193',657),('NL28PARQ0663755918',697),('NL29PARQ0807022326',494),('NL30PARQ0327821188',843),('NL30PARQ0539579090',768),('NL30PARQ0603759354',658),('NL30PARQ0788694914',666),('NL30PARQ0940950436',924),('NL31PARQ0503217173',1020),('NL32PARQ0146832241',848),('NL32PARQ0201608282',618),('NL32PARQ0756620864',452),('NL32PARQ0892463211',632),('NL33PARQ0108210078',997),('NL33PARQ0616387766',599),('NL34PARQ0387629955',573),('NL35PARQ0031505225',776),('NL35PARQ0451411757',453),('NL35PARQ0571818929',511),('NL35PARQ0594862306',466),('NL36PARQ0262608566',489),('NL36PARQ0382587463',578),('NL36PARQ0497040776',482),('NL36PARQ0629982063',938),('NL36PARQ0698680548',553),('NL37PARQ0222865254',624),('NL37PARQ0669860526',532),('NL37PARQ0904090484',741),('NL38PARQ0052274534',1004),('NL38PARQ0864530341',697),('NL38PARQ0990759169',930),('NL39PARQ0140301629',511),('NL39PARQ0478980524',801),('NL39PARQ0709307656',515),('NL39PARQ0711336209',792),('NL39PARQ0716596052',973),('NL39PARQ0784881643',632),('NL40PARQ0677574338',599),('NL41PARQ0848917003',825),('NL44PARQ0839405893',595),('NL45PARQ0496784095',940),('NL45PARQ0914647290',808),('NL46PARQ0178795516',687),('NL46PARQ0306006171',785),('NL46PARQ0584424033',652),('NL46PARQ0857390659',562),('NL47PARQ0108728929',869),('NL47PARQ0207327328',441),('NL47PARQ0273685328',858),('NL47PARQ0279485559',429),('NL48PARQ0091771092',829),('NL48PARQ0301057228',602),('NL48PARQ0532587346',830),('NL48PARQ0570018556',641),('NL48PARQ0767359707',842),('NL48PARQ0906934560',971),('NL48PARQ0935095997',736),('NL50PARQ0130105588',952),('NL50PARQ0258443399',909),('NL50PARQ0413777824',421),('NL51PARQ0447625330',413),('NL51PARQ0473983761',986),('NL51PARQ0827144222',486),('NL52PARQ0492874530',667),('NL53PARQ0873010170',788),('NL54PARQ0684934053',512),('NL56PARQ0351219098',998),('NL56PARQ0644194347',652),('NL59PARQ0212935171',581),('NL59PARQ0743101048',758),('NL59PARQ0818684443',764),('NL61PARQ0458752852',881),('NL62PARQ0089349190',783),('NL62PARQ0333645956',406),('NL62PARQ0467551361',918),('NL62PARQ0875074375',932),('NL64PARQ0698296909',1003),('NL65PARQ0387582075',925),('NL66PARQ0618189148',489),('NL66PARQ0825278405',757),('NL66PARQ0950518679',517),('NL67PARQ0888216163',411),('NL70PARQ0446125433',788),('NL71PARQ0134886516',553),('NL71PARQ0498008913',763),('NL72PARQ0751018334',686),('NL74PARQ0295512973',775),('NL74PARQ0556021268',481),('NL74PARQ0661697302',870),('NL76PARQ0333871803',921),('NL76PARQ0349265953',972),('NL76PARQ0988839205',632),('NL77PARQ0644995675',420),('NL78PARQ0094586215',475),('NL78PARQ0386293367',690),('NL79PARQ0605841918',451),('NL81PARQ0012227936',949),('NL81PARQ0245746410',760),('NL81PARQ0310546925',763),('NL81PARQ0316633883',702),('NL81PARQ0569095098',807),('NL81PARQ0815961751',674),('NL84PARQ0169388755',464),('NL84PARQ0570381761',943),('NL85PARQ0365964078',574),('NL85PARQ0733453617',547),('NL85PARQ0947140239',903),('NL85PARQ0968936148',774),('NL88PARQ0174482027',895),('NL88PARQ0997309510',671),('NL90PARQ0173865185',950),('NL90PARQ0179727894',668),('NL90PARQ0928888115',950),('NL91PARQ0428616203',1020),('NL91PARQ0710859676',992),('NL92PARQ0412451911',477),('NL92PARQ0776195050',419),('NL93PARQ0287842286',732),('NL93PARQ0423168010',448),('NL93PARQ0461486325',873),('NL93PARQ0717235851',979),('NL93PARQ0880602661',513),('NL94PARQ0104033537',419),('NL94PARQ0114781538',531),('NL94PARQ0285514198',699),('NL94PARQ0654310751',905),('NL95PARQ0985113582',611),('NL96PARQ0399653522',917),('NL97PARQ0129683334',446),('NL97PARQ0686850887',939),('NL98PARQ0344114105',720),('NL99PARQ0702166745',786),('NL99PARQ0973108520',960),('NL99PARQ0973954627',457),('NL00PARQ0089784026',408),('NL00PARQ0147668078',329),('NL00PARQ0180119828',506),('NL00PARQ0202137436',109),('NL00PARQ0277215366',770),('NL00PARQ0371113558',201),('NL00PARQ0527355538',825),('NL00PARQ0539491698',868),('NL00PARQ0950308327',822),('NL00PARQ0985111998',796),('NL01PARQ0031642180',725),('NL01PARQ0187435210',957),('NL01PARQ0229446078',294),('NL01PARQ0301896577',615),('NL01PARQ0379598967',267),('NL01PARQ0389894576',722),('NL01PARQ0453192155',508),('NL01PARQ0487230151',895),('NL01PARQ0516778521',507),('NL01PARQ0548311752',834),('NL01PARQ0548908145',733),('NL01PARQ0671301111',288),('NL01PARQ0713744709',942),('NL01PARQ0847370918',639),('NL01PARQ0893338876',793),('NL01PARQ0912403941',240),('NL02PARQ0051434801',426),('NL02PARQ0113505925',614),('NL02PARQ0230607570',132),('NL02PARQ0243704675',508),('NL02PARQ0346045747',614),('NL02PARQ0466837680',891),('NL02PARQ0550346967',676),('NL02PARQ0580470959',483),('NL02PARQ0737983854',658),('NL02PARQ0799607743',232),('NL02PARQ0824107889',75),('NL02PARQ0968767094',894),('NL02PARQ0986747090',901),('NL03PARQ0187527633',845),('NL03PARQ0202130433',192),('NL03PARQ0410124504',574),('NL03PARQ0412233703',142),('NL03PARQ0475209327',845),('NL03PARQ0711000641',990),('NL03PARQ0823343667',603),('NL03PARQ0828952874',701),('NL03PARQ0901948547',500),('NL04PARQ0186041730',343),('NL04PARQ0319448187',674),('NL04PARQ0364087122',770),('NL04PARQ0577125435',401),('NL04PARQ0678456043',782),('NL04PARQ0750049308',448),('NL05PARQ0014033065',678),('NL05PARQ0352068954',637),('NL05PARQ0413015738',692),('NL05PARQ0593607989',755),('NL05PARQ0761868195',404),('NL05PARQ0783643598',363),('NL05PARQ0959565850',844),('NL06PARQ0208694020',810),('NL06PARQ0246951056',360),('NL06PARQ0281392549',683),('NL06PARQ0332686485',161),('NL06PARQ0396373383',515),('NL06PARQ0408272907',715),('NL06PARQ0461236301',981),('NL06PARQ0474382741',501),('NL06PARQ0511780763',134),('NL06PARQ0604591166',400),('NL06PARQ0618391796',273),('NL06PARQ0679326466',358),('NL06PARQ0743397950',1000),('NL06PARQ0870216460',233),('NL06PARQ0912787308',520),('NL07PARQ0104213413',416),('NL07PARQ0156114390',530),('NL07PARQ0262665528',833),('NL07PARQ0297962590',267),('NL07PARQ0363683386',112),('NL07PARQ0423766813',674),('NL07PARQ0465608375',888),('NL07PARQ0675715223',381),('NL07PARQ0935268775',369),('NL07PARQ0939686322',251),('NL07PARQ0946497674',865),('NL08PARQ0010588477',657),('NL08PARQ0178641604',275),('NL08PARQ0354268769',776),('NL08PARQ0502705482',347),('NL08PARQ0605065630',737),('NL08PARQ0616642271',471),('NL08PARQ0621141929',483),('NL08PARQ0639437575',195),('NL08PARQ0767295720',478),('NL08PARQ0820061205',138),('NL08PARQ0992130146',707),('NL09PARQ0243522998',774),('NL09PARQ0307593534',378),('NL09PARQ0322144848',683),('NL09PARQ0458580447',915),('NL09PARQ0535563355',284),('NL09PARQ0606170649',724),('NL09PARQ0636306917',691),('NL09PARQ0794953985',542),('NL09PARQ0811046733',819),('NL09PARQ0881225991',858),('NL09PARQ0914106349',845),('NL09PARQ0916581284',498),('NL09PARQ0950796066',238),('NL09PARQ0982074270',298),('NL10PARQ0028076597',833),('NL10PARQ0107027464',68),('NL10PARQ0172652529',900),('NL10PARQ0298288047',380),('NL10PARQ0510520114',861),('NL10PARQ0740660117',426),('NL10PARQ0741382153',532),('NL10PARQ0919657455',596),('NL10PARQ0961536167',878),('NL11PARQ0332378879',473),('NL11PARQ0352441706',104),('NL11PARQ0443794411',651),('NL11PARQ0503498284',601),('NL11PARQ0667539072',972),('NL11PARQ0774385138',774),('NL11PARQ0927129326',812),('NL12PARQ0059726995',621),('NL12PARQ0228398992',259),('NL12PARQ0280053852',824),('NL12PARQ0297991166',277),('NL12PARQ0398481658',935),('NL12PARQ0406573614',297),('NL12PARQ0638859800',726),('NL12PARQ0700547935',51),('NL12PARQ0735244971',816),('NL12PARQ0751942387',148),('NL12PARQ0894422055',269),('NL13PARQ0041264833',470),('NL13PARQ0398504193',543),('NL13PARQ0563114707',902),('NL13PARQ0577423157',871),('NL13PARQ0868284193',290),('NL14PARQ0331086341',127),('NL14PARQ0708238788',250),('NL14PARQ0749847400',206),('NL14PARQ0929536889',237),('NL15PARQ0052685542',212),('NL15PARQ0063571818',854),('NL15PARQ0136143745',530),('NL15PARQ0480532125',962),('NL15PARQ0604480288',609),('NL15PARQ0670570803',402),('NL15PARQ0799569550',713),('NL15PARQ0859929324',293),('NL16PARQ0072968148',802),('NL16PARQ0081874357',190),('NL16PARQ0131690907',947),('NL16PARQ0188084700',581),('NL16PARQ0256267748',511),('NL16PARQ0281795932',582),('NL16PARQ0345397531',199),('NL16PARQ0415184700',610),('NL16PARQ0441521002',111),('NL16PARQ0542910975',872),('NL16PARQ0595920957',418),('NL16PARQ0651675258',125),('NL16PARQ0711708557',827),('NL16PARQ0813172420',585),('NL16PARQ0848848393',415),('NL16PARQ0902371503',325),('NL16PARQ0919190856',191),('NL16PARQ0989108395',685),('NL17PARQ0251050699',643),('NL17PARQ0303640578',378),('NL17PARQ0380316290',593),('NL17PARQ0639756863',114),('NL17PARQ0766958468',670),('NL17PARQ0785848669',381),('NL18PARQ0048649056',352),('NL18PARQ0227231827',645),('NL18PARQ0521178684',876),('NL18PARQ0632727788',954),('NL18PARQ0670099471',580),('NL18PARQ0752979442',309),('NL18PARQ0846029578',248),('NL18PARQ0958969374',510),('NL19PARQ0016719481',917),('NL19PARQ0051434644',452),('NL19PARQ0115449034',122),('NL19PARQ0116422993',496),('NL19PARQ0210367352',438),('NL19PARQ0277797302',215),('NL19PARQ0285352811',797),('NL19PARQ0329557175',449),('NL19PARQ0383076078',193),('NL19PARQ0458027361',462),('NL19PARQ0607261419',348),('NL19PARQ0673681281',385),('NL19PARQ0676087679',772),('NL19PARQ0678167168',245),('NL19PARQ0691816233',68),('NL19PARQ0713244585',83),('NL19PARQ0718539010',119),('NL20PARQ0193439470',326),('NL20PARQ0404767247',733),('NL20PARQ0482599564',94),('NL20PARQ0740189479',719),('NL20PARQ0749261829',790),('NL20PARQ0778131964',765),('NL20PARQ0916895131',241),('NL21PARQ0354851478',674),('NL21PARQ0448405312',71),('NL21PARQ0568861239',517),('NL21PARQ0588257667',898),('NL21PARQ0711459497',841),('NL21PARQ0718329367',100),('NL21PARQ0760202955',517),('NL21PARQ0773503192',814),('NL21PARQ0886759137',382),('NL21PARQ0913808315',475),('NL21PARQ0938224573',526),('NL21PARQ0952054268',732),('NL22PARQ0288618073',459),('NL22PARQ0335504462',440),('NL22PARQ0346710001',706),('NL22PARQ0402673763',803),('NL22PARQ0458970956',882),('NL22PARQ0912004192',100),('NL23PARQ0060654616',192),('NL23PARQ0126200560',364),('NL23PARQ0191170328',437),('NL23PARQ0303016601',654),('NL23PARQ0354214764',485),('NL23PARQ0445250441',842),('NL23PARQ0549262168',301),('NL23PARQ0551231086',490),('NL23PARQ0657629119',791),('NL23PARQ0701316643',552),('NL23PARQ0849408368',409),('NL24PARQ0218830326',428),('NL24PARQ0233592826',914),('NL24PARQ0694835689',809),('NL24PARQ0750675914',944),('NL24PARQ0791657009',678),('NL24PARQ0862229605',990),('NL25PARQ0392278500',731),('NL25PARQ0606617164',280),('NL25PARQ0632929612',362),('NL25PARQ0672790936',733),('NL25PARQ0901083328',974),('NL25PARQ0957498280',78),('NL26PARQ0033772739',311),('NL26PARQ0252725809',87),('NL26PARQ0413764950',486),('NL26PARQ0440191715',911),('NL26PARQ0540271911',453),('NL26PARQ0543202033',819),('NL26PARQ0586896149',574),('NL26PARQ0630875739',231),('NL26PARQ0671476723',388),('NL26PARQ0675042978',936),('NL26PARQ0698016852',303),('NL26PARQ0708415897',272),('NL26PARQ0758211885',375),('NL26PARQ0768779316',518),('NL26PARQ0772309274',179),('NL26PARQ0798618393',63),('NL27PARQ0119863932',716),('NL27PARQ0153564832',362),('NL27PARQ0189957263',52),('NL27PARQ0236866917',897),('NL27PARQ0279673461',457),('NL27PARQ0446559558',496),('NL27PARQ0575802283',116),('NL27PARQ0729910212',880),('NL27PARQ0774779059',938),('NL27PARQ0858843743',647),('NL28PARQ0090707391',134),('NL28PARQ0238572711',906),('NL28PARQ0500349151',246),('NL28PARQ0510035398',908),('NL28PARQ0545351511',831),('NL28PARQ0629199746',870),('NL28PARQ0975115651',491),('NL29PARQ0037258465',324),('NL29PARQ0113260380',570),('NL29PARQ0342544487',311),('NL29PARQ0618139412',327),('NL29PARQ0660492181',284),('NL29PARQ0902943321',122),('NL29PARQ0904077236',448),('NL30PARQ0077193265',274),('NL30PARQ0577411965',151),('NL30PARQ0631754592',52),('NL31PARQ0193030510',183),('NL31PARQ0370824388',363),('NL31PARQ0396997566',420),('NL31PARQ0517361477',751),('NL31PARQ0536843761',967),('NL31PARQ0582688773',981),('NL31PARQ0598304805',899),('NL31PARQ0806225432',378),('NL31PARQ0892838288',381),('NL31PARQ0916874002',362),('NL32PARQ0056874827',752),('NL32PARQ0076204177',909),('NL32PARQ0283338197',670),('NL32PARQ0310365300',483),('NL32PARQ0550743148',383),('NL32PARQ0607194336',419),('NL32PARQ0623631594',994),('NL32PARQ0699826972',715),('NL32PARQ0991541342',545),('NL33PARQ0127094010',401),('NL33PARQ0140143942',762),('NL33PARQ0283284963',692),('NL33PARQ0409313957',116),('NL33PARQ0831157478',478),('NL33PARQ0889464953',204),('NL33PARQ0900868488',152),('NL33PARQ0923497864',448),('NL33PARQ0986059267',470),('NL34PARQ0043892319',952),('NL34PARQ0047884183',439),('NL34PARQ0079222624',958),('NL34PARQ0135908962',861),('NL34PARQ0158887446',654),('NL34PARQ0183641546',676),('NL34PARQ0225328349',490),('NL34PARQ0351045955',901),('NL34PARQ0428110891',465),('NL34PARQ0467225579',678),('NL34PARQ0478545656',682),('NL34PARQ0700835602',548),('NL34PARQ0899731374',543),('NL34PARQ0902303511',457),('NL34PARQ0936410115',596),('NL35PARQ0062488454',195),('NL35PARQ0335147792',290),('NL35PARQ0487160751',69),('NL35PARQ0557041953',803),('NL35PARQ0617112312',468),('NL35PARQ0706291682',552),('NL36PARQ0020541351',352),('NL36PARQ0068203734',708),('NL36PARQ0109903411',105),('NL36PARQ0116745132',65),('NL36PARQ0138081380',936),('NL36PARQ0216487581',841),('NL36PARQ0229212958',287),('NL36PARQ0493572122',128),('NL36PARQ0592055658',369),('NL36PARQ0672498398',456),('NL36PARQ0738533881',778),('NL36PARQ0769152593',213),('NL36PARQ0870181384',970),('NL36PARQ0951090373',93),('NL37PARQ0036673258',375),('NL37PARQ0061830131',683),('NL37PARQ0232285992',110),('NL37PARQ0365486843',337),('NL37PARQ0394406779',625),('NL37PARQ0547807141',256),('NL37PARQ0701206978',504),('NL37PARQ0873785769',153),('NL37PARQ0909640506',195),('NL37PARQ0925354547',809),('NL37PARQ0976593598',838),('NL37PARQ0997668339',790),('NL38PARQ0245211587',333),('NL38PARQ0321227990',636),('NL38PARQ0393317363',543),('NL38PARQ0439705617',700),('NL38PARQ0451663824',354),('NL38PARQ0538709662',913),('NL38PARQ0548662069',380),('NL38PARQ0548977351',516),('NL38PARQ0693356029',220),('NL39PARQ0303909039',720),('NL39PARQ0569043516',847),('NL39PARQ0602533490',172),('NL39PARQ0610727747',173),('NL39PARQ0675954162',739),('NL39PARQ0737591687',847),('NL39PARQ0746771809',367),('NL39PARQ0922575782',694),('NL40PARQ0192156603',472),('NL40PARQ0223129279',200),('NL40PARQ0493599466',894),('NL40PARQ0602313493',688),('NL40PARQ0636525427',573),('NL40PARQ0703603911',869),('NL40PARQ0747884545',83),('NL40PARQ0755360774',736),('NL40PARQ0755568811',158),('NL40PARQ0814111423',998),('NL40PARQ0839853503',584),('NL40PARQ0903806871',612),('NL40PARQ0927372661',782),('NL41PARQ0006479978',650),('NL41PARQ0105750714',724),('NL41PARQ0264254282',129),('NL41PARQ0275523191',386),('NL41PARQ0397102015',631),('NL41PARQ0508253214',198),('NL41PARQ0552901678',671),('NL41PARQ0643624610',172),('NL41PARQ0708628665',938),('NL41PARQ0734058838',994),('NL41PARQ0739461418',852),('NL41PARQ0862645972',963),('NL41PARQ0979959356',362),('NL42PARQ0054805672',495),('NL42PARQ0064600219',606),('NL42PARQ0074030375',75),('NL42PARQ0234313186',153),('NL42PARQ0236077812',332),('NL42PARQ0278883741',830),('NL42PARQ0325698040',542),('NL42PARQ0328423770',624),('NL42PARQ0410528524',391),('NL42PARQ0634629018',202),('NL42PARQ0752191545',236),('NL42PARQ0754250190',688),('NL42PARQ0848060822',158),('NL42PARQ0952874693',611),('NL43PARQ0183604482',450),('NL43PARQ0261522642',772),('NL43PARQ0277680269',176),('NL43PARQ0379466074',817),('NL43PARQ0401624214',314),('NL43PARQ0597558928',865),('NL43PARQ0603916002',891),('NL43PARQ0632548234',759),('NL43PARQ0643017118',277),('NL43PARQ0656147640',60),('NL43PARQ0928455501',495),('NL44PARQ0065386450',793),('NL44PARQ0176327218',296),('NL44PARQ0243568539',880),('NL44PARQ0583370611',520),('NL44PARQ0819566977',805),('NL45PARQ0214281423',398),('NL45PARQ0360828579',457),('NL45PARQ0661320674',526),('NL46PARQ0048026217',100),('NL46PARQ0224016709',186),('NL46PARQ0375332175',485),('NL46PARQ0458182743',170),('NL46PARQ0494143352',695),('NL46PARQ0506440836',90),('NL46PARQ0546372366',774),('NL46PARQ0591262878',912),('NL46PARQ0616002152',867),('NL46PARQ0800469010',117),('NL46PARQ0865812050',329),('NL47PARQ0190750250',359),('NL47PARQ0444433483',141),('NL47PARQ0447901374',354),('NL47PARQ0485062426',98),('NL47PARQ0541235636',222),('NL47PARQ0569895263',632),('NL47PARQ0668894180',564),('NL47PARQ0704322091',330),('NL47PARQ0704830863',562),('NL47PARQ0717955790',979),('NL47PARQ0741766796',293),('NL47PARQ0744840289',960),('NL47PARQ0917869975',949),('NL47PARQ0941832567',198),('NL48PARQ0118212174',611),('NL48PARQ0400042237',817),('NL48PARQ0566545243',918),('NL48PARQ0771524130',655),('NL48PARQ0773258944',62),('NL48PARQ0918523619',408),('NL48PARQ0949457006',778),('NL48PARQ0961970023',561),('NL49PARQ0010737626',587),('NL49PARQ0064303284',255),('NL49PARQ0129723013',142),('NL49PARQ0272548174',654),('NL49PARQ0290498768',356),('NL49PARQ0299300324',88),('NL49PARQ0335253290',362),('NL49PARQ0419210515',472),('NL49PARQ0515942521',518),('NL49PARQ0561633358',480),('NL49PARQ0580315560',889),('NL49PARQ0591985285',429),('NL49PARQ0623789079',741),('NL49PARQ0662965163',379),('NL49PARQ0719689846',126),('NL49PARQ0734226462',552),('NL49PARQ0776316623',664),('NL49PARQ0793876742',601),('NL49PARQ0832606404',863),('NL49PARQ0840736132',117),('NL49PARQ0923478769',406),('NL50PARQ0023776604',973),('NL50PARQ0138790413',152),('NL50PARQ0309417959',436),('NL50PARQ0328711168',651),('NL50PARQ0358124643',180),('NL50PARQ0364734891',947),('NL50PARQ0407156979',228),('NL50PARQ0486763613',537),('NL50PARQ0507565608',655),('NL50PARQ0632730571',954),('NL50PARQ0887337355',579),('NL51PARQ0028131906',607),('NL51PARQ0187730654',241),('NL51PARQ0489131921',402),('NL51PARQ0632290850',940),('NL51PARQ0650170129',230),('NL51PARQ0722443090',668),('NL51PARQ0768051626',611),('NL51PARQ0804341067',967),('NL51PARQ0896523978',840),('NL52PARQ0069674462',70),('NL52PARQ0097551653',359),('NL52PARQ0130641852',312),('NL52PARQ0216887222',616),('NL52PARQ0364957348',782),('NL52PARQ0412410702',409),('NL52PARQ0511099396',110),('NL52PARQ0513476629',520),('NL52PARQ0676722890',841),('NL52PARQ0967554268',172),('NL53PARQ0045266939',550),('NL53PARQ0321439652',828),('NL53PARQ0443408321',404),('NL53PARQ0621100911',499),('NL53PARQ0742518567',919),('NL53PARQ0778770751',433),('NL53PARQ0902808198',357),('NL54PARQ0130559376',970),('NL54PARQ0494280815',327),('NL54PARQ0636000791',315),('NL54PARQ0751952801',347),('NL55PARQ0021643503',607),('NL55PARQ0122653539',734),('NL55PARQ0581343889',281),('NL55PARQ0677941731',771),('NL55PARQ0994310905',186),('NL56PARQ0214008899',559),('NL56PARQ0306251843',725),('NL56PARQ0682868481',242),('NL56PARQ0723242631',465),('NL56PARQ0728495679',485),('NL56PARQ0839241362',591),('NL56PARQ0924961829',772),('NL56PARQ0983659831',380),('NL56PARQ0998120996',387),('NL57PARQ0113002074',751),('NL57PARQ0175414344',238),('NL57PARQ0210062919',623),('NL57PARQ0217716029',182),('NL57PARQ0258815641',78),('NL57PARQ0423171035',376),('NL57PARQ0792883987',949),('NL57PARQ0825058361',863),('NL57PARQ0888840691',779),('NL57PARQ0929825261',348),('NL58PARQ0088229240',917),('NL58PARQ0274516424',564),('NL58PARQ0537191003',705),('NL58PARQ0580549960',305),('NL58PARQ0583651087',394),('NL58PARQ0730942210',369),('NL58PARQ0762829123',179),('NL58PARQ0876515117',397),('NL59PARQ0198862368',349),('NL59PARQ0228925523',832),('NL59PARQ0235495383',938),('NL59PARQ0422092987',420),('NL59PARQ0473599810',91),('NL59PARQ0582370082',291),('NL59PARQ0704637252',552),('NL59PARQ0903921328',447),('NL59PARQ0964793048',133),('NL59PARQ0967231843',676),('NL60PARQ0082038569',77),('NL60PARQ0087922384',748),('NL60PARQ0127811566',319),('NL60PARQ0239025940',418),('NL60PARQ0265040275',219),('NL60PARQ0436358993',821),('NL60PARQ0530150816',940),('NL60PARQ0568912210',932),('NL60PARQ0714770692',580),('NL60PARQ0717135154',878),('NL60PARQ0862821264',779),('NL60PARQ0924659207',949),('NL60PARQ0991183667',234),('NL61PARQ0033361144',104),('NL61PARQ0074221587',591),('NL61PARQ0076232052',610),('NL61PARQ0145259094',193),('NL61PARQ0173445363',53),('NL61PARQ0185944344',93),('NL61PARQ0201493010',782),('NL61PARQ0219111740',972),('NL61PARQ0390906588',775),('NL61PARQ0739340312',731),('NL61PARQ0772191950',846),('NL61PARQ0791971689',379),('NL61PARQ0805580034',847),('NL61PARQ0815444243',618),('NL61PARQ0838847468',565),('NL61PARQ0974803038',905),('NL61PARQ0998317703',421),('NL62PARQ0135720715',721),('NL62PARQ0304666698',683),('NL62PARQ0381498753',799),('NL62PARQ0455987646',566),('NL62PARQ0457411851',637),('NL62PARQ0619070578',800),('NL62PARQ0635987937',880),('NL62PARQ0694602026',427),('NL62PARQ0715692505',945),('NL62PARQ0840230272',744),('NL62PARQ0849649707',941),('NL62PARQ0910544458',555),('NL62PARQ0936110071',637),('NL63PARQ0185680895',918),('NL63PARQ0307652549',113),('NL63PARQ0610613599',439),('NL63PARQ0834879556',65),('NL63PARQ0877324442',965),('NL64PARQ0068479996',348),('NL64PARQ0180731502',657),('NL64PARQ0263998313',89),('NL64PARQ0291651524',317),('NL64PARQ0351829660',487),('NL64PARQ0397614537',280),('NL64PARQ0470110473',622),('NL64PARQ0542387717',230),('NL64PARQ0638439421',940),('NL64PARQ0786479865',875),('NL64PARQ0799809366',409),('NL64PARQ0825104042',727),('NL64PARQ0868130307',851),('NL64PARQ0899049597',711),('NL64PARQ0934256873',68),('NL65PARQ0127133938',798),('NL65PARQ0139351132',280),('NL65PARQ0210502173',107),('NL65PARQ0285974530',331),('NL65PARQ0340857314',323),('NL65PARQ0513361677',420),('NL65PARQ0526698408',357),('NL65PARQ0584128020',989),('NL65PARQ0876615018',198),('NL65PARQ0901000737',367),('NL66PARQ0082145400',719),('NL66PARQ0275664426',828),('NL66PARQ0307701719',712),('NL66PARQ0334116514',340),('NL66PARQ0519082710',568),('NL66PARQ0563060829',75),('NL66PARQ0594462405',383),('NL66PARQ0669946226',770),('NL66PARQ0690018639',972),('NL66PARQ0708913059',999),('NL66PARQ0726285951',84),('NL66PARQ0832892954',771),('NL66PARQ0863614200',326),('NL66PARQ0864160409',256),('NL66PARQ0956784239',651),('NL66PARQ0996401015',474),('NL67PARQ0120139345',416),('NL67PARQ0139656138',399),('NL67PARQ0211731381',123),('NL67PARQ0422456996',185),('NL67PARQ0450959789',852),('NL67PARQ0457882439',707),('NL67PARQ0476220527',991),('NL67PARQ0742338840',617),('NL67PARQ0771189017',64),('NL67PARQ0782144860',207),('NL67PARQ0815263203',460),('NL67PARQ0995584071',167),('NL68PARQ0067014231',292),('NL68PARQ0093422497',711),('NL68PARQ0197102193',655),('NL68PARQ0253611638',828),('NL68PARQ0464106893',903),('NL68PARQ0534310364',896),('NL68PARQ0597829605',994),('NL68PARQ0667764980',51),('NL68PARQ0684930373',743),('NL68PARQ0698878235',805),('NL68PARQ0830481417',454),('NL68PARQ0928066570',782),('NL68PARQ0994066655',963),('NL69PARQ0424826663',862),('NL69PARQ0459777935',748),('NL69PARQ0510337205',51),('NL69PARQ0707163128',790),('NL69PARQ0753648784',300),('NL69PARQ0803364602',950),('NL69PARQ0866320768',960),('NL69PARQ0882267838',143),('NL69PARQ0994267464',514),('NL70PARQ0019190085',664),('NL70PARQ0257688759',661),('NL70PARQ0273744203',260),('NL70PARQ0409709848',568),('NL70PARQ0424383140',947),('NL70PARQ0492680936',291),('NL70PARQ0628548843',137),('NL70PARQ0890036694',836),('NL70PARQ0949245037',772),('NL71PARQ0028099101',314),('NL71PARQ0183142759',222),('NL71PARQ0222518495',664),('NL71PARQ0264615081',134),('NL71PARQ0457602925',89),('NL71PARQ0559629094',230),('NL71PARQ0572590442',524),('NL71PARQ0754627129',246),('NL71PARQ0767670994',416),('NL71PARQ0771870693',511),('NL71PARQ0920755712',902),('NL72PARQ0835166934',193),('NL72PARQ0861048738',776),('NL72PARQ0887278346',225),('NL72PARQ0944629441',469),('NL72PARQ0967988759',357),('NL73PARQ0387011942',412),('NL73PARQ0398790286',156),('NL73PARQ0619837994',490),('NL73PARQ0662236719',536),('NL73PARQ0785513498',821),('NL73PARQ0874822230',498),('NL73PARQ0884466187',681),('NL73PARQ0988400452',353),('NL73PARQ0994387301',91),('NL74PARQ0122751297',750),('NL74PARQ0141891700',714),('NL74PARQ0492351397',378),('NL74PARQ0495934701',208),('NL74PARQ0514974313',655),('NL74PARQ0723984091',492),('NL74PARQ0843494900',970),('NL74PARQ0851618493',838),('NL74PARQ0896365697',688),('NL74PARQ0899199341',700),('NL75PARQ0148030951',87),('NL75PARQ0183460718',674),('NL75PARQ0251335173',233),('NL75PARQ0440379345',744),('NL75PARQ0490930237',490),('NL75PARQ0523707714',401),('NL75PARQ0615279969',996),('NL75PARQ0806338675',164),('NL75PARQ0872012558',505),('NL75PARQ0930431178',753),('NL75PARQ0971472259',835),('NL76PARQ0179127210',278),('NL76PARQ0330190281',914),('NL76PARQ0391514287',807),('NL76PARQ0473823595',143),('NL76PARQ0481150980',981),('NL76PARQ0998668523',299),('NL77PARQ0086999360',690),('NL77PARQ0215359414',492),('NL77PARQ0512434039',1000),('NL77PARQ0890835260',933),('NL78PARQ0013176514',503),('NL78PARQ0028528867',796),('NL78PARQ0034530372',92),('NL78PARQ0182363188',651),('NL78PARQ0280889604',166),('NL78PARQ0323395501',756),('NL78PARQ0367021786',352),('NL78PARQ0492864752',163),('NL78PARQ0535502257',895),('NL78PARQ0660646665',258),('NL78PARQ0684310861',350),('NL78PARQ0907744059',337),('NL79PARQ0376176060',940),('NL79PARQ0407473675',421),('NL79PARQ0445687369',875),('NL79PARQ0453988064',111),('NL79PARQ0484323535',734),('NL79PARQ0645410472',896),('NL79PARQ0687249986',457),('NL79PARQ0813960019',993),('NL80PARQ0061249492',932),('NL80PARQ0122433666',187),('NL80PARQ0303296928',205),('NL80PARQ0507817384',382),('NL80PARQ0809094417',248),('NL81PARQ0069583526',232),('NL81PARQ0095700426',998),('NL81PARQ0139494789',210),('NL81PARQ0163386415',56),('NL81PARQ0200107699',655),('NL81PARQ0232272086',71),('NL81PARQ0336661803',830),('NL81PARQ0504875689',404),('NL81PARQ0601517001',550),('NL81PARQ0666906089',795),('NL81PARQ0710302100',320),('NL81PARQ0800578118',295),('NL81PARQ0836190031',91),('NL81PARQ0988837351',480),('NL82PARQ0005432148',819),('NL82PARQ0239086935',498),('NL82PARQ0239188291',677),('NL82PARQ0309502246',519),('NL82PARQ0357879367',564),('NL82PARQ0517404701',733),('NL82PARQ0529232454',287),('NL82PARQ0585181223',943),('NL82PARQ0610139787',858),('NL82PARQ0855949118',65),('NL82PARQ0967476352',245),('NL82PARQ0976185316',783),('NL83PARQ0004313293',997),('NL83PARQ0032833425',622),('NL83PARQ0099475726',899),('NL83PARQ0141559953',176),('NL83PARQ0152547445',67),('NL83PARQ0270909465',837),('NL83PARQ0361187839',538),('NL83PARQ0455234828',780),('NL83PARQ0590963525',712),('NL83PARQ0711067261',382),('NL83PARQ0827882410',607),('NL83PARQ0880936910',956),('NL84PARQ0011642663',521),('NL84PARQ0193220102',958),('NL84PARQ0216694820',665),('NL84PARQ0243162564',117),('NL84PARQ0251669215',289),('NL84PARQ0254013673',819),('NL84PARQ0353845250',193),('NL84PARQ0453342179',377),('NL84PARQ0456467693',687),('NL84PARQ0564810274',485),('NL84PARQ0634599698',193),('NL84PARQ0749179588',318),('NL84PARQ0816019758',298),('NL85PARQ0239095054',353),('NL85PARQ0310670745',780),('NL85PARQ0443868565',630),('NL85PARQ0499766384',726),('NL85PARQ0723440920',382),('NL85PARQ0792251454',289),('NL85PARQ0828145093',599),('NL85PARQ0836473384',249),('NL85PARQ0924449575',711),('NL85PARQ0935112121',926),('NL85PARQ0965483709',977),('NL85PARQ0986603656',179),('NL86PARQ0025071719',236),('NL86PARQ0147639569',558),('NL86PARQ0233906428',421),('NL86PARQ0312791984',100),('NL86PARQ0375674378',951),('NL86PARQ0396944510',573),('NL86PARQ0431808668',418),('NL86PARQ0509197589',572),('NL86PARQ0525609181',856),('NL86PARQ0542116583',299),('NL86PARQ0607850534',867),('NL86PARQ0632387824',851),('NL86PARQ0708400639',396),('NL86PARQ0882471701',75),('NL86PARQ0913261214',954),('NL86PARQ0947762644',490),('NL87PARQ0048112970',743),('NL87PARQ0297337901',560),('NL87PARQ0490058465',149),('NL87PARQ0527842905',686),('NL87PARQ0657432239',193),('NL87PARQ0824741530',776),('NL88PARQ0046356674',844),('NL88PARQ0641414053',946),('NL88PARQ0654847588',60),('NL88PARQ0833554564',344),('NL88PARQ0899603167',951),('NL88PARQ0920490728',597),('NL88PARQ0977294597',756),('NL89PARQ0023630638',483),('NL89PARQ0080337282',689),('NL89PARQ0281516047',429),('NL89PARQ0391698858',874),('NL89PARQ0442210945',492),('NL89PARQ0499913560',569),('NL89PARQ0529453769',687),('NL89PARQ0596961534',164),('NL89PARQ0807289122',676),('NL89PARQ0969805901',664),('NL90PARQ0004272576',671),('NL90PARQ0041136555',91),('NL90PARQ0073614885',224),('NL90PARQ0337286911',68),('NL90PARQ0384067539',333),('NL90PARQ0477386119',591),('NL90PARQ0640263414',419),('NL90PARQ0659403708',294),('NL90PARQ0790077751',552),('NL90PARQ0844718797',173),('NL90PARQ0932402677',903),('NL90PARQ0997567044',114),('NL91PARQ0175829144',621),('NL91PARQ0207902031',122),('NL91PARQ0244190293',506),('NL91PARQ0341100422',279),('NL91PARQ0494669981',231),('NL91PARQ0581853483',743),('NL91PARQ0643385778',174),('NL91PARQ0833093909',415),('NL92PARQ0136526079',747),('NL92PARQ0225334772',811),('NL92PARQ0256078932',196),('NL92PARQ0264323797',164),('NL92PARQ0452113397',130),('NL92PARQ0515264601',768),('NL92PARQ0563051602',935),('NL92PARQ0598751886',669),('NL93PARQ0077267215',354),('NL93PARQ0152048016',773),('NL93PARQ0192031608',475),('NL93PARQ0333365781',232),('NL93PARQ0369116927',740),('NL93PARQ0534941168',907),('NL93PARQ0662973904',188),('NL93PARQ0880174971',755),('NL94PARQ0147616612',847),('NL94PARQ0294003502',539),('NL94PARQ0391536169',539),('NL94PARQ0432902371',936),('NL94PARQ0642299660',92),('NL94PARQ0723050109',785),('NL94PARQ0811811969',637),('NL94PARQ0826096818',810),('NL94PARQ0891190528',788),('NL94PARQ0891728410',250),('NL94PARQ0911322941',232),('NL95PARQ0101268226',159),('NL95PARQ0359276293',780),('NL95PARQ0571310755',505),('NL95PARQ0592624346',56),('NL96PARQ0055462647',260),('NL96PARQ0058689876',517),('NL96PARQ0070031897',668),('NL96PARQ0092556750',200),('NL96PARQ0117763418',595),('NL96PARQ0190292602',405),('NL96PARQ0221785012',559),('NL96PARQ0307297042',116),('NL96PARQ0314710083',549),('NL96PARQ0376929809',96),('NL96PARQ0522593383',338),('NL96PARQ0595533661',814),('NL96PARQ0914781202',814),('NL97PARQ0007793203',442),('NL97PARQ0028700567',206),('NL97PARQ0029103393',292),('NL97PARQ0049680210',430),('NL97PARQ0169701710',969),('NL97PARQ0228554903',794),('NL97PARQ0230269235',717),('NL97PARQ0364341619',977),('NL97PARQ0519686403',280),('NL97PARQ0814768936',687),('NL98PARQ0024324875',957),('NL98PARQ0050881207',696),('NL98PARQ0132955110',982),('NL98PARQ0136623976',719),('NL98PARQ0143366617',207),('NL98PARQ0156086261',175),('NL98PARQ0423784189',561),('NL98PARQ0559697082',140),('NL98PARQ0570202219',826),('NL98PARQ0630184005',190),('NL98PARQ0690030049',704),('NL98PARQ0722426385',572),('NL98PARQ0933664828',321),('NL98PARQ0987982030',520),('NL99PARQ0035314800',807),('NL99PARQ0112692166',448),('NL99PARQ0128336204',70),('NL99PARQ0224161048',108),('NL99PARQ0246727199',262),('NL99PARQ0356144288',645),('NL99PARQ0431774666',793),('NL99PARQ0501824141',843),('NL99PARQ0503412409',175),('NL99PARQ0635351908',252),('NL99PARQ0662806750',178),('NL99PARQ0692149471',606),('NL99PARQ0995662159',359);
/*!40000 ALTER TABLE `payment_account_account_holders` ENABLE KEYS */;
UNLOCK TABLES;

--
-- Table structure for table `payment_account_transaction_history`
--

DROP TABLE IF EXISTS `payment_account_transaction_history`;
/*!40101 SET @saved_cs_client     = @@character_set_client */;
/*!50503 SET character_set_client = utf8mb4 */;
CREATE TABLE `payment_account_transaction_history` (
  `payment_account_iban` varchar(255) NOT NULL,
  `transaction_history_id` bigint NOT NULL,
  UNIQUE KEY `UK_es534oh91jhhc39a8xcptosk3` (`transaction_history_id`),
  KEY `FKa0y277fd8akgir7pl1caawbt0` (`payment_account_iban`),
  CONSTRAINT `FKa0y277fd8akgir7pl1caawbt0` FOREIGN KEY (`payment_account_iban`) REFERENCES `payment_account` (`iban`),
  CONSTRAINT `FKel7lvsgn1xq7vk04h2f7r5ada` FOREIGN KEY (`transaction_history_id`) REFERENCES `transaction` (`id`)
) ENGINE=InnoDB DEFAULT CHARSET=utf8mb4 COLLATE=utf8mb4_0900_ai_ci;
/*!40101 SET character_set_client = @saved_cs_client */;

--
-- Dumping data for table `payment_account_transaction_history`
--

LOCK TABLES `payment_account_transaction_history` WRITE;
/*!40000 ALTER TABLE `payment_account_transaction_history` DISABLE KEYS */;
/*!40000 ALTER TABLE `payment_account_transaction_history` ENABLE KEYS */;
UNLOCK TABLES;

--
-- Table structure for table `role`
--

DROP TABLE IF EXISTS `role`;
/*!40101 SET @saved_cs_client     = @@character_set_client */;
/*!50503 SET character_set_client = utf8mb4 */;
CREATE TABLE `role` (
  `id` int NOT NULL AUTO_INCREMENT,
  `name` varchar(255) DEFAULT NULL,
  PRIMARY KEY (`id`)
) ENGINE=InnoDB AUTO_INCREMENT=4 DEFAULT CHARSET=utf8mb4 COLLATE=utf8mb4_0900_ai_ci;
/*!40101 SET character_set_client = @saved_cs_client */;

--
-- Dumping data for table `role`
--

LOCK TABLES `role` WRITE;
/*!40000 ALTER TABLE `role` DISABLE KEYS */;
INSERT INTO `role` VALUES (1,'Hoofd Particulieren'),(2,'Hoofd MKB'),(3,'Accountmanager');
/*!40000 ALTER TABLE `role` ENABLE KEYS */;
UNLOCK TABLES;

--
-- Table structure for table `sector`
--

DROP TABLE IF EXISTS `sector`;
/*!40101 SET @saved_cs_client     = @@character_set_client */;
/*!50503 SET character_set_client = utf8mb4 */;
CREATE TABLE `sector` (
  `id` int NOT NULL AUTO_INCREMENT,
  `name` varchar(255) DEFAULT NULL,
  PRIMARY KEY (`id`)
) ENGINE=InnoDB AUTO_INCREMENT=20 DEFAULT CHARSET=utf8mb4 COLLATE=utf8mb4_0900_ai_ci;
/*!40101 SET character_set_client = @saved_cs_client */;

--
-- Dumping data for table `sector`
--

LOCK TABLES `sector` WRITE;
/*!40000 ALTER TABLE `sector` DISABLE KEYS */;
INSERT INTO `sector` VALUES (1,'Landbouw, jacht en visserij'),(2,'Winning van delfstoffen'),(3,'Productie en distributie van en handel in elektriciteit, aardgas, stoom en gekoelde lucht'),(4,'Industrie'),(5,'Winning en distributie van water; afval- en afvalwaterbeheer en sanering'),(6,'Bouwnijverheid'),(7,'Groot- en detailhandel, reparatie van auto’s'),(8,'Vervoer en opslag'),(9,'Logies-, maaltijd- en drankverstrekking'),(10,'Informatie en communicatie'),(11,'Financiële instellingen'),(12,'Verhuur van en handel in onroerend goed'),(13,'Advisering, onderzoek en overige specialistische zakelijke dienstverlening'),(14,'Verhuur van roerende goederen en overige zakelijke dienstverlening'),(15,'Openbaar bestuur, overheidsdiensten en verplichte sociale verzekeringen'),(16,'Onderwijs'),(17,'Gezondheids- en welzijnszorg'),(18,'Cultuur, sport en recreatie'),(19,'Overige dienstverlening');
/*!40000 ALTER TABLE `sector` ENABLE KEYS */;
UNLOCK TABLES;

--
-- Table structure for table `transaction`
--

DROP TABLE IF EXISTS `transaction`;
/*!40101 SET @saved_cs_client     = @@character_set_client */;
/*!50503 SET character_set_client = utf8mb4 */;
CREATE TABLE `transaction` (
  `id` bigint NOT NULL AUTO_INCREMENT,
  `amount_cent` bigint NOT NULL,
  `date` date DEFAULT NULL,
  `description` varchar(255) DEFAULT NULL,
  `credit_account_iban` varchar(255) DEFAULT NULL,
  `debit_account_iban` varchar(255) DEFAULT NULL,
  PRIMARY KEY (`id`),
  KEY `FK70nd1v3h7501q0l63eytevpq9` (`credit_account_iban`),
  KEY `FKp3cox7gxml7i5kl3wf8u8a648` (`debit_account_iban`),
  CONSTRAINT `FK70nd1v3h7501q0l63eytevpq9` FOREIGN KEY (`credit_account_iban`) REFERENCES `payment_account` (`iban`),
  CONSTRAINT `FKp3cox7gxml7i5kl3wf8u8a648` FOREIGN KEY (`debit_account_iban`) REFERENCES `payment_account` (`iban`)
) ENGINE=InnoDB DEFAULT CHARSET=utf8mb4 COLLATE=utf8mb4_0900_ai_ci;
/*!40101 SET character_set_client = @saved_cs_client */;

--
-- Dumping data for table `transaction`
--

LOCK TABLES `transaction` WRITE;
/*!40000 ALTER TABLE `transaction` DISABLE KEYS */;
/*!40000 ALTER TABLE `transaction` ENABLE KEYS */;
UNLOCK TABLES;

--
-- Table structure for table `user`
--

DROP TABLE IF EXISTS `user`;
/*!40101 SET @saved_cs_client     = @@character_set_client */;
/*!50503 SET character_set_client = utf8mb4 */;
CREATE TABLE `user` (
  `dtype` varchar(31) NOT NULL,
  `id` bigint NOT NULL AUTO_INCREMENT,
  `affix` varchar(255) DEFAULT NULL,
  `e_mail_address` varchar(255) DEFAULT NULL,
  `first_name` varchar(255) DEFAULT NULL,
  `phone_number` varchar(255) DEFAULT NULL,
  `sur_name` varchar(255) DEFAULT NULL,
  `bsn` varchar(255) DEFAULT NULL,
  `password` varchar(255) DEFAULT NULL,
  `user_name` varchar(255) DEFAULT NULL,
  `employee_number` int DEFAULT NULL,
  `address_id` int DEFAULT NULL,
  `role_id` int DEFAULT NULL,
  PRIMARY KEY (`id`),
  KEY `FKddefmvbrws3hvl5t0hnnsv8ox` (`address_id`),
  KEY `FKn82ha3ccdebhokx3a8fgdqeyy` (`role_id`),
  CONSTRAINT `FKddefmvbrws3hvl5t0hnnsv8ox` FOREIGN KEY (`address_id`) REFERENCES `address` (`id`),
  CONSTRAINT `FKn82ha3ccdebhokx3a8fgdqeyy` FOREIGN KEY (`role_id`) REFERENCES `role` (`id`)
) ENGINE=InnoDB AUTO_INCREMENT=1026 DEFAULT CHARSET=utf8mb4 COLLATE=utf8mb4_0900_ai_ci;
/*!40101 SET character_set_client = @saved_cs_client */;

--
-- Dumping data for table `user`
--

LOCK TABLES `user` WRITE;
/*!40000 ALTER TABLE `user` DISABLE KEYS */;
INSERT INTO `user` VALUES ('employee',1,NULL,'brushforth0@businesswire.com','Berry','0676763255','Rushforth',NULL,'w9Ir5Vg',NULL,872345,50,3),('employee',2,NULL,'jponting1@answers.com','Jedd','0668959041','Ponting',NULL,'iOZpKjlpF8E4',NULL,577697,407,3),('employee',3,NULL,'adoddemeede2@uiuc.edu','Ambrosius','0616242225','Doddemeede',NULL,'zFemi0Sxw4',NULL,390261,67,1),('employee',4,NULL,'ldwelly3@bluehost.com','Luella','0658133809','Dwelly',NULL,'azlZdy',NULL,726162,117,1),('employee',5,NULL,'miglesiaz4@spiegel.de','Maryrose','0651214811','Iglesiaz',NULL,'LUlzVCiLyXs',NULL,152015,511,3),('employee',6,NULL,'ejoll5@blogtalkradio.com','Ermina','0614757075','Joll',NULL,'4gO5EJeX12u',NULL,40071,355,2),('employee',7,NULL,'erowena6@t-online.de','Eleen','0609674488','Rowena',NULL,'GxVMpu',NULL,463601,453,1),('employee',8,NULL,'kgration7@earthlink.net','Krystalle','0601606338','Gration',NULL,'KKBQBcW0lMp',NULL,339105,542,2),('employee',9,NULL,'ltryhorn8@fotki.com','Ludvig','0610241674','Tryhorn',NULL,'1FX3WxzJh',NULL,281698,294,2),('employee',10,NULL,'bquoit9@mapquest.com','Baryram','0618094298','Quoit',NULL,'1roWraGO',NULL,72803,351,3),('employee',11,NULL,'btitmussa@google.com.br','Berky','0678781365','Titmuss',NULL,'APFS3p4F2l',NULL,323158,527,1),('employee',12,NULL,'cconroyb@dagondesign.com','Charmain','0641765061','Conroy',NULL,'UYDVjQMCox',NULL,940,252,2),('employee',13,NULL,'mmanninc@who.int','Madonna','0601692969','Mannin',NULL,'CPGSeCe7',NULL,662687,97,3),('employee',14,NULL,'tmeddingsd@geocities.com','Tina','0657564844','Meddings',NULL,'ltApIPnMbyp',NULL,918626,377,1),('employee',15,NULL,'gjouste@paginegialle.it','Gusella','0664862728','Joust',NULL,'3xtwDRCi',NULL,407116,35,3),('employee',16,NULL,'fferraronf@gov.uk','Farly','0636798704','Ferraron',NULL,'a10PiY',NULL,171861,48,2),('employee',17,NULL,'dtempletong@webeden.co.uk','Dwain','0660126137','Templeton',NULL,'UjOFlbZY',NULL,374968,462,2),('employee',18,NULL,'kglossoph@indiatimes.com','Kiley','0641706865','Glossop',NULL,'liNNl6E',NULL,549924,556,1),('employee',19,NULL,'mjordii@bigcartel.com','Moselle','0640463612','Jordi',NULL,'CQ5NEPh',NULL,721044,70,2),('employee',20,NULL,'lheynelj@wired.com','Lester','0669678292','Heynel',NULL,'DvIJIsv',NULL,472716,263,2),('employee',21,NULL,'afarlambek@shutterfly.com','Ambros','0663014252','Farlambe',NULL,'iIyNkRiRV',NULL,452766,521,2),('employee',22,NULL,'mmillierl@adobe.com','Moreen','0651763935','Millier',NULL,'iEuyvmgTcL',NULL,4367,403,1),('employee',23,NULL,'sgilmartinm@sohu.com','Seamus','0667794672','Gilmartin',NULL,'qhXhQuzU',NULL,106736,238,1),('employee',24,NULL,'jduredenn@multiply.com','Jasmine','0623874870','Dureden',NULL,'znloHI',NULL,310830,348,2),('employee',25,NULL,'dfowlieo@infoseek.co.jp','Dougie','0673618745','Fowlie',NULL,'bKpZdiISMXjH',NULL,438011,20,2),('customer',26,NULL,'amccrisken0@google.com','Arlena','0681830214','McCrisken','885302217','GsP7k2R1','amccrisken0',NULL,1,NULL),('customer',27,NULL,'eheino1@wisc.edu','Elston','0687472421','Heino','468457619','nLLbc1iGHV','eheino1',NULL,2,NULL),('customer',28,NULL,'ielstone2@cbsnews.com','Iormina','0699997037','Elstone','146707220','ombsZonf9x','ielstone2',NULL,3,NULL),('customer',29,NULL,'searle3@mozilla.com','Sharona','0606578819','Earle','520667686','IHiwtt1cju','searle3',NULL,4,NULL),('customer',30,NULL,'lsnar4@yolasite.com','Liza','0694839135','Snar','037665466','u2ys1W6salp','lsnar4',NULL,5,NULL),('customer',31,NULL,'lswitzer5@multiply.com','Luce','0663885625','Switzer','536656369','s5LYBYBL','lswitzer5',NULL,6,NULL),('customer',32,NULL,'ilowry6@myspace.com','Ilyssa','0682485707','Lowry','432154489','wcqPhcA','ilowry6',NULL,7,NULL),('customer',33,NULL,'iharle7@a8.net','Ida','0695858072','Harle','390367694','Rwp9Ibw4X4','iharle7',NULL,8,NULL),('customer',34,NULL,'pjordison8@vinaora.com','Peyter','0665535071','Jordison','741655473','ZYWZR8hpyr','pjordison8',NULL,9,NULL),('customer',35,NULL,'fkears9@weather.com','Flynn','0628275671','Kears','819014263','oo62Vmpc','fkears9',NULL,10,NULL),('customer',36,NULL,'kmanketella@php.net','Kareem','0677061813','Manketell','852349294','YPqR67K8AKm','kmanketella',NULL,11,NULL),('customer',37,NULL,'rgirtinb@pagesperso-orange.fr','Regina','0653827332','Girtin','354355354','BP4Cq5LuU9','rgirtinb',NULL,12,NULL),('customer',38,NULL,'rdecarolisc@sun.com','Rene','0674069226','De Carolis','080999286','tQ50jOlZnPoZ','rdecarolisc',NULL,13,NULL),('customer',39,NULL,'isoned@51.la','Imojean','0689056592','Sone','159109796','RyUjA3','isoned',NULL,14,NULL),('customer',40,NULL,'bvasyukove@squarespace.com','Betsy','0643594118','Vasyukov','496249426','2h92xOZrOxH','bvasyukove',NULL,15,NULL),('customer',41,NULL,'ibruhnsenf@wikispaces.com','Izak','0666950408','Bruhnsen','328944122','6IuYvtFw','ibruhnsenf',NULL,16,NULL),('customer',42,NULL,'cfeaksg@moonfruit.com','Carita','0602332607','Feaks','109195429','bpVIeo5IHK','cfeaksg',NULL,17,NULL),('customer',43,NULL,'eacasterh@biglobe.ne.jp','Ennis','0645897598','Acaster','511503428','SEa1sxKZmK','eacasterh',NULL,18,NULL),('customer',44,NULL,'bgovesi@1688.com','Bobbe','0691733461','Goves','296088740','iVWIknc3Z','bgovesi',NULL,19,NULL),('customer',45,NULL,'bkarpmannj@admin.ch','Brian','0669172017','Karpmann','391687449','vfkIF9P','bkarpmannj',NULL,20,NULL),('customer',46,NULL,'kmatiebek@tripadvisor.com','Kara-lynn','0634395136','Matiebe','516172075','0AjLRqIJ','kmatiebek',NULL,21,NULL),('customer',47,NULL,'kcoweuppel@unc.edu','Kelsi','0615393915','Coweuppe','464573102','pMtXpPbpFnW','kcoweuppel',NULL,22,NULL),('customer',48,NULL,'tbutterfieldm@smugmug.com','Torrie','0660138189','Butterfield','179585939','nPtg9kwGM1','tbutterfieldm',NULL,23,NULL),('customer',49,NULL,'lgaskampn@simplemachines.org','Lon','0635478952','Gaskamp','868538923','wkoWUk','lgaskampn',NULL,24,NULL),('customer',50,NULL,'ktemplaro@cargocollective.com','Karin','0665663951','Templar','077927082','pV9Xi1D','ktemplaro',NULL,25,NULL),('customer',51,NULL,'drabatp@newyorker.com','Dyan','0684062982','Rabat','231802206','Q6NgTzCtwKCi','drabatp',NULL,26,NULL),('customer',52,NULL,'mwhitewoodq@archive.org','Misti','0679523536','Whitewood','255555702','ojccCHU5EH','mwhitewoodq',NULL,27,NULL),('customer',53,NULL,'wpetrir@huffingtonpost.com','Wylie','0670433882','Petri','297703206','paxkexMh5mE4','wpetrir',NULL,28,NULL),('customer',54,NULL,'dstolzes@yandex.ru','Dorella','0628856413','Stolze','845480100','5xvDo0w5ZM','dstolzes',NULL,29,NULL),('customer',55,NULL,'mpuckhamt@people.com.cn','Mata','0636536314','Puckham','243511299','QRfkd0VTjx9','mpuckhamt',NULL,30,NULL),('customer',56,NULL,'tbyhamu@bravesites.com','Tawsha','0685934653','Byham','621136492','5HB1UlWm1qB','tbyhamu',NULL,31,NULL),('customer',57,NULL,'ekubacekv@indiegogo.com','Elicia','0674884160','Kubacek','044755932','hSw1ZmJOn','ekubacekv',NULL,32,NULL),('customer',58,NULL,'asheerinw@npr.org','Alexine','0649350290','Sheerin','585464344','bBtyEj','asheerinw',NULL,33,NULL),('customer',59,NULL,'jpawelekx@geocities.jp','Jane','0699236319','Pawelek','640091177','CtJ9Euz','jpawelekx',NULL,34,NULL),('customer',60,NULL,'edrakesy@trellian.com','Emmalyn','0675725334','Drakes','359300729','lSpMWU','edrakesy',NULL,35,NULL),('customer',61,NULL,'itiebez@twitter.com','Idalia','0666030245','Tiebe','861220968','8ixuY4eBB','itiebez',NULL,36,NULL),('customer',62,NULL,'sswalwel10@sphinn.com','Silvester','0656833622','Swalwel','704804757','NoxFjGXg','sswalwel10',NULL,37,NULL),('customer',63,NULL,'dosselton11@ihg.com','Delphine','0696851572','Osselton','439053681','pJqV8FtHTnx','dosselton11',NULL,38,NULL),('customer',64,NULL,'aaspinell12@yellowbook.com','Alexandros','0613533305','Aspinell','135942114','DXW0xVIoE0s6','aaspinell12',NULL,39,NULL),('customer',65,NULL,'ckopf13@cbsnews.com','Cathe','0635481890','Kopf','786581994','aCez9X','ckopf13',NULL,40,NULL),('customer',66,NULL,'vrobak14@desdev.cn','Viki','0681034379','Robak','152035137','dPekjj','vrobak14',NULL,41,NULL),('customer',67,NULL,'pgomersall15@cdc.gov','Patrizia','0679646806','Gomersall','910754073','EiaMRZ','pgomersall15',NULL,42,NULL),('customer',68,NULL,'jespinas16@yahoo.co.jp','Johnna','0674431686','Espinas','948589793','lpgZs1TUdN','jespinas16',NULL,43,NULL),('customer',69,NULL,'ttrudgian17@trellian.com','Tommi','0689250845','Trudgian','741974039','gpvDY0xQMB','ttrudgian17',NULL,44,NULL),('customer',70,NULL,'faudenis18@sogou.com','Franny','0684308861','Audenis','524838079','ujefCqrg','faudenis18',NULL,45,NULL),('customer',71,NULL,'ceastop19@sbwire.com','Cobbie','0639740809','Eastop','895385539','nLoooF','ceastop19',NULL,46,NULL),('customer',72,NULL,'cgauntlett1a@engadget.com','Corena','0682269682','Gauntlett','139578097','fteUFj6nFIlF','cgauntlett1a',NULL,47,NULL),('customer',73,NULL,'aclayworth1b@europa.eu','Ardenia','0672291675','Clayworth','885905623','HxoHfp3NoAgk','aclayworth1b',NULL,48,NULL),('customer',74,NULL,'achallinor1c@myspace.com','Anabel','0663054513','Challinor','162619929','FxctsVADIxd','achallinor1c',NULL,49,NULL),('customer',75,NULL,'akornilyev1d@surveymonkey.com','Arlan','0633856080','Kornilyev','802116218','SloDYF4XzH','akornilyev1d',NULL,50,NULL),('customer',76,NULL,'dskacel1e@nba.com','Dew','0691642051','Skacel','958953432','YV0Hq9U4SS','dskacel1e',NULL,51,NULL),('customer',77,NULL,'chails1f@surveymonkey.com','Chiquita','0693828804','Hails','189061770','dOerkhpCoTxk','chails1f',NULL,52,NULL),('customer',78,NULL,'kballingal1g@weibo.com','Kit','0674244221','Ballingal','097725928','rUP35a','kballingal1g',NULL,53,NULL),('customer',79,NULL,'ccolebrook1h@msn.com','Clarence','0665637636','Colebrook','202149777','5YVnEG9','ccolebrook1h',NULL,54,NULL),('customer',80,NULL,'lwinspare1i@myspace.com','Lulu','0638721839','Winspare','989044687','xSFfnvn','lwinspare1i',NULL,55,NULL),('customer',81,NULL,'hdurrand1j@biglobe.ne.jp','Hamnet','0699443479','Durrand','949973278','AyBrII','hdurrand1j',NULL,56,NULL),('customer',82,NULL,'srebanks1k@nydailynews.com','Serene','0699458865','Rebanks','809230275','i0MKpOcQtW','srebanks1k',NULL,57,NULL),('customer',83,NULL,'emollene1l@pcworld.com','Eleonora','0667965712','Mollene','706466744','mdp0A7Qy','emollene1l',NULL,58,NULL),('customer',84,NULL,'jmuzzillo1m@quantcast.com','Jeanette','0675144832','Muzzillo','631009365','SBYEis','jmuzzillo1m',NULL,59,NULL),('customer',85,NULL,'vmccathy1n@quantcast.com','Virginia','0655711226','McCathy','860077766','zg0YgVh6vZS','vmccathy1n',NULL,60,NULL),('customer',86,NULL,'tenriques1o@163.com','Tiffy','0620503596','Enriques','224457000','AcAkOOpfw5iR','tenriques1o',NULL,61,NULL),('customer',87,NULL,'mokker1p@unesco.org','Maude','0623840637','Okker','054743768','rFt8AWPiYiTD','mokker1p',NULL,62,NULL),('customer',88,NULL,'mjoule1q@weebly.com','Meier','0674293510','Joule','169853678','RKCWQ7','mjoule1q',NULL,63,NULL),('customer',89,NULL,'bmorteo1r@tumblr.com','Belita','0617006011','Morteo','650280573','FJZmel','bmorteo1r',NULL,64,NULL),('customer',90,NULL,'bbrundell1s@people.com.cn','Base','0655775602','Brundell','207527257','yyYiQMqWrb','bbrundell1s',NULL,65,NULL),('customer',91,NULL,'psnowdon1t@eventbrite.com','Paco','0695727853','Snowdon','613691690','jCoMRUF9LC1c','psnowdon1t',NULL,66,NULL),('customer',92,NULL,'rgailor1u@booking.com','Rosaline','0605977397','Gailor','206770432','53Cznw58','rgailor1u',NULL,67,NULL),('customer',93,NULL,'morkney1v@domainmarket.com','Mei','0686491972','Orkney','435673832','e9qfrFFc','morkney1v',NULL,68,NULL),('customer',94,NULL,'ablachford1w@cbsnews.com','Arri','0606395456','Blachford','260734760','Kutw1JNf6ZW','ablachford1w',NULL,69,NULL),('customer',95,NULL,'bbaitman1x@wiley.com','Baily','0659339341','Baitman','473030675','vqRQ1Z9w5t','bbaitman1x',NULL,70,NULL),('customer',96,NULL,'rthurnham1y@businesswire.com','Rachele','0664037273','Thurnham','237850795','JP38OYfCjB','rthurnham1y',NULL,71,NULL),('customer',97,NULL,'acobelli1z@privacy.gov.au','Ania','0602860554','Cobelli','737316146','lx4QQ50U','acobelli1z',NULL,72,NULL),('customer',98,NULL,'dboyde20@abc.net.au','Douglass','0621190279','Boyde','572319956','8OS8iPz','dboyde20',NULL,73,NULL),('customer',99,NULL,'kcolclough21@cdbaby.com','Kandace','0675935414','Colclough','798634039','xYVWkwp','kcolclough21',NULL,74,NULL),('customer',100,NULL,'vmoroney22@ox.ac.uk','Vassili','0678777966','Moroney','463843881','UEOEpy8F','vmoroney22',NULL,75,NULL),('customer',101,NULL,'rblyth23@fotki.com','Rakel','0669415927','Blyth','146643865','8gFNfik3','rblyth23',NULL,76,NULL),('customer',102,NULL,'dbiddles24@netvibes.com','Donal','0660157240','Biddles','777007251','NS2o4JbQN8V','dbiddles24',NULL,77,NULL),('customer',103,NULL,'csear25@vk.com','Caroljean','0649176676','Sear','891895327','zOgUuX','csear25',NULL,78,NULL),('customer',104,NULL,'dbernardon26@rambler.ru','Dulcia','0670463440','Bernardon','962579309','cxaKcs7eNLib','dbernardon26',NULL,79,NULL),('customer',105,NULL,'araggles27@oaic.gov.au','Archibald','0696095568','Raggles','003297090','US60MX','araggles27',NULL,80,NULL),('customer',106,NULL,'rborgne28@who.int','Rebeca','0650441392','Borgne','374707665','K4tUZnmKx3','rborgne28',NULL,81,NULL),('customer',107,NULL,'dhovard29@ovh.net','Dorella','0609754058','Hovard','682561132','KfMS3MVqb5Q','dhovard29',NULL,82,NULL),('customer',108,NULL,'marents2a@tripadvisor.com','Mahmud','0685191465','Arents','734977939','wzwRsvMSqIu','marents2a',NULL,83,NULL),('customer',109,NULL,'kinstone2b@issuu.com','Kimbra','0690018317','Instone','011202273','JHgxkXO','kinstone2b',NULL,84,NULL),('customer',110,NULL,'smazzeo2c@mediafire.com','Sigrid','0675547434','Mazzeo','464348349','XWoujkbfrSM','smazzeo2c',NULL,85,NULL),('customer',111,NULL,'ggrubb2d@blogger.com','Georg','0648837650','Grubb','819107582','LutinRENFW','ggrubb2d',NULL,86,NULL),('customer',112,NULL,'gdunstall2e@booking.com','Gertrudis','0677498724','Dunstall','349497032','6cl5zjj4VFxF','gdunstall2e',NULL,87,NULL),('customer',113,NULL,'cfullalove2f@nationalgeographic.com','Cloe','0603935600','Fullalove','162924490','YbBv5i','cfullalove2f',NULL,88,NULL),('customer',114,NULL,'dcottom2g@squarespace.com','Delmore','0608099916','Cottom','879997046','yhiz5casPmkB','dcottom2g',NULL,89,NULL),('customer',115,NULL,'npepperell2h@photobucket.com','Nikolas','0633932847','Pepperell','061178738','ZAvYxX2czV','npepperell2h',NULL,90,NULL),('customer',116,NULL,'nscading2i@delicious.com','Nicolle','0671925721','Scading','470727139','v0iOyNx','nscading2i',NULL,91,NULL),('customer',117,NULL,'rpuckrin2j@shutterfly.com','Rex','0693314560','Puckrin','149548955','7qZWXNaAR','rpuckrin2j',NULL,92,NULL),('customer',118,NULL,'dperfili2k@businessweek.com','Delinda','0609146880','Perfili','026626565','flOVKgk1IAAp','dperfili2k',NULL,93,NULL),('customer',119,NULL,'ahugnot2l@tumblr.com','Auroora','0642883551','Hugnot','581145018','oIKJncFMcpk','ahugnot2l',NULL,94,NULL),('customer',120,NULL,'ckeyte2m@dagondesign.com','Caresse','0667458767','Keyte','013674931','iODmbRA0','ckeyte2m',NULL,95,NULL),('customer',121,NULL,'fdibbin2n@pagesperso-orange.fr','Frannie','0615833788','Dibbin','414277559','47ZZ75ceU','fdibbin2n',NULL,96,NULL),('customer',122,NULL,'rmcateer2o@yandex.ru','Ruby','0681426700','McAteer','404310031','N3sckZekz','rmcateer2o',NULL,97,NULL),('customer',123,NULL,'jibel2p@topsy.com','Jabez','0623494358','Ibel','148847783','c0fqTx','jibel2p',NULL,98,NULL),('customer',124,NULL,'emckelloch2q@e-recht24.de','Eolande','0697367385','McKelloch','983341428','WNZnZjaQhTWF','emckelloch2q',NULL,99,NULL),('customer',125,NULL,'dcocher2r@google.it','Dita','0694078183','Cocher','615394939','8Q1Ysxz8hem','dcocher2r',NULL,100,NULL),('customer',126,NULL,'dlawden2s@wikispaces.com','Dara','0666585406','Lawden','985129515','tYwUXlXcgh5','dlawden2s',NULL,101,NULL),('customer',127,NULL,'tsymones2t@nsw.gov.au','Truda','0603069467','Symones','411683283','3MYoCPPE','tsymones2t',NULL,102,NULL),('customer',128,NULL,'kbygott2u@mtv.com','Kath','0666061416','Bygott','804409121','Ltca7qXf0c','kbygott2u',NULL,103,NULL),('customer',129,NULL,'apinar2v@desdev.cn','Alessandra','0632560464','Pinar','930127759','2uX1Njfq9y9E','apinar2v',NULL,104,NULL),('customer',130,NULL,'cswetenham2w@rambler.ru','Cleon','0654827344','Swetenham','968350447','Js7Pxczd80','cswetenham2w',NULL,105,NULL),('customer',131,NULL,'mbute2x@nymag.com','Mace','0693842122','Bute','713380121','zizakx2E','mbute2x',NULL,106,NULL),('customer',132,NULL,'ggirardez2y@woothemes.com','Gayelord','0662591897','Girardez','683826963','kOKal3','ggirardez2y',NULL,107,NULL),('customer',133,NULL,'esparry2z@chron.com','Elliot','0648921635','Sparry','161792327','BU2OVO','esparry2z',NULL,108,NULL),('customer',134,NULL,'jlebarr30@soundcloud.com','Janina','0675751566','Le Barr','288171138','rtcuMGkyxQ9O','jlebarr30',NULL,109,NULL),('customer',135,NULL,'slankford31@google.ca','Solly','0692067973','Lankford','427689389','l4bdwYO','slankford31',NULL,110,NULL),('customer',136,NULL,'crickertsen32@wikimedia.org','Cherye','0651930089','Rickertsen','857643150','VjxVr2a','crickertsen32',NULL,111,NULL),('customer',137,NULL,'dtrow33@wp.com','Dell','0633871255','Trow','921058928','ckAahZNdYg','dtrow33',NULL,112,NULL),('customer',138,NULL,'nwiddocks34@disqus.com','Neel','0649337445','Widdocks','749627082','0ioHiNukd','nwiddocks34',NULL,113,NULL),('customer',139,NULL,'acamier35@washington.edu','Alejandra','0607732229','Camier','200029159','eIKjWW8lGL6','acamier35',NULL,114,NULL),('customer',140,NULL,'abalmann36@cpanel.net','Annmarie','0652049327','Balmann','529384222','y7qqXMfvyI','abalmann36',NULL,115,NULL),('customer',141,NULL,'ocrayton37@umich.edu','Orly','0608456696','Crayton','960349647','2niLvH','ocrayton37',NULL,116,NULL),('customer',142,NULL,'aelphee38@about.com','Adi','0656953063','Elphee','642648985','WWsjMCtUeI','aelphee38',NULL,117,NULL),('customer',143,NULL,'vswaby39@time.com','Vergil','0672865001','Swaby','273626162','oEIfTs0HEK','vswaby39',NULL,118,NULL),('customer',144,NULL,'lrummings3a@mashable.com','Letta','0643322470','Rummings','454920122','4qx0in7','lrummings3a',NULL,119,NULL),('customer',145,NULL,'wwhickman3b@wunderground.com','Wat','0609705492','Whickman','420195652','7Vhf1Y','wwhickman3b',NULL,120,NULL),('customer',146,NULL,'oeasterfield3c@home.pl','Osbourn','0611856507','Easterfield','120583715','jwcgbvCC42','oeasterfield3c',NULL,121,NULL),('customer',147,NULL,'fmawdsley3d@elegantthemes.com','Fanny','0643310120','Mawdsley','226453861','842Zrvr9VH2J','fmawdsley3d',NULL,122,NULL),('customer',148,NULL,'vgeggie3e@economist.com','Veriee','0610460928','Geggie','245353812','HGSIKtflGN','vgeggie3e',NULL,123,NULL),('customer',149,NULL,'sfawloe3f@unesco.org','Sam','0639905681','Fawloe','050188155','o1XXW3','sfawloe3f',NULL,124,NULL),('customer',150,NULL,'mbrims3g@comsenz.com','Marice','0639420866','Brims','656431958','lq7THiurJ','mbrims3g',NULL,125,NULL),('customer',151,NULL,'rramas3h@digg.com','Rock','0670273153','Ramas','237748358','80NBefacr','rramas3h',NULL,126,NULL),('customer',152,NULL,'emellish3i@infoseek.co.jp','Erroll','0608289559','Mellish','209825344','98l1AL3','emellish3i',NULL,127,NULL),('customer',153,NULL,'sdewey3j@topsy.com','Stanislaw','0609259888','Dewey','653374875','2CZd6b','sdewey3j',NULL,128,NULL),('customer',154,NULL,'lsommerfeld3k@ameblo.jp','Lianna','0613952100','Sommerfeld','388764687','WvlECsU','lsommerfeld3k',NULL,129,NULL),('customer',155,NULL,'aescalero3l@istockphoto.com','Amandie','0699790601','Escalero','293362531','oOJuKLoAizgQ','aescalero3l',NULL,130,NULL),('customer',156,NULL,'scrowdy3m@reference.com','Sofia','0678163005','Crowdy','141866343','vFQj6EW1','scrowdy3m',NULL,131,NULL),('customer',157,NULL,'vbabber3n@uiuc.edu','Vail','0614428685','Babber','504307654','a3B3lgEKrdk','vbabber3n',NULL,132,NULL),('customer',158,NULL,'lsamwaye3o@parallels.com','Lanny','0662261273','Samwaye','587838526','Q4Wpnu','lsamwaye3o',NULL,133,NULL),('customer',159,NULL,'wpendrid3p@sciencedirect.com','Wanids','0608139486','Pendrid','155911212','LQaKMD','wpendrid3p',NULL,134,NULL),('customer',160,NULL,'gmacvay3q@ovh.net','Gabey','0685877366','MacVay','897595045','L6wAjW','gmacvay3q',NULL,135,NULL),('customer',161,NULL,'sgut3r@weebly.com','Shawna','0656115756','Gut','671305580','3W8ZM4vFK3','sgut3r',NULL,136,NULL),('customer',162,NULL,'ntully3s@blinklist.com','Nariko','0614054742','Tully','671432310','7Dp2uSOel','ntully3s',NULL,137,NULL),('customer',163,NULL,'claingmaid3t@gov.uk','Corri','0666811744','Laingmaid','680299946','HRFWoXaNlHA','claingmaid3t',NULL,138,NULL),('customer',164,NULL,'agough3u@sun.com','Ainsley','0690977188','Gough','273097996','no4qwksPj1jo','agough3u',NULL,139,NULL),('customer',165,NULL,'rjeeves3v@dyndns.org','Rodney','0636828714','Jeeves','998406784','XFR54bz8S','rjeeves3v',NULL,140,NULL),('customer',166,NULL,'sbarrs3w@shinystat.com','Shamus','0612846708','Barrs','166357171','2hILulhOhcSZ','sbarrs3w',NULL,141,NULL),('customer',167,NULL,'eegarr3x@squarespace.com','Elston','0677568818','Egarr','499801521','Vka8rD9bj','eegarr3x',NULL,142,NULL),('customer',168,NULL,'cmacdiarmond3y@wufoo.com','Corbie','0664452636','MacDiarmond','381154176','IqUmBy','cmacdiarmond3y',NULL,143,NULL),('customer',169,NULL,'ukershaw3z@sbwire.com','Urson','0603917911','Kershaw','812484934','Ris4fJ7KlRs','ukershaw3z',NULL,144,NULL),('customer',170,NULL,'bknipe40@comsenz.com','Brody','0662239940','Knipe','736689041','owiZh0UV','bknipe40',NULL,145,NULL),('customer',171,NULL,'cfrantzeni41@sciencedaily.com','Cacilie','0661218927','Frantzeni','236690013','rdYfztqqhe4Y','cfrantzeni41',NULL,146,NULL),('customer',172,NULL,'vmcfadzean42@europa.eu','Vincenz','0679025675','McFadzean','821030013','8Z2bcDNa','vmcfadzean42',NULL,147,NULL),('customer',173,NULL,'dairds43@dailymotion.com','Deeyn','0619693621','Airds','864651317','Tcf5s7Y4','dairds43',NULL,148,NULL),('customer',174,NULL,'ahewson44@unblog.fr','Avis','0606925792','Hewson','882936290','LmPOS1rnBO','ahewson44',NULL,149,NULL),('customer',175,NULL,'svanderkrui45@jimdo.com','Sanders','0699926186','Van der Krui','672068374','K9bIxSr','svanderkrui45',NULL,150,NULL),('customer',176,NULL,'bber46@shutterfly.com','Branden','0674718984','Ber','297412526','cALkvaU87aC','bber46',NULL,151,NULL),('customer',177,NULL,'ndilworth47@chronoengine.com','Ninnetta','0631665189','Dilworth','143403822','RWAWeWuNlum','ndilworth47',NULL,152,NULL),('customer',178,NULL,'hdesbrow48@archive.org','Hyacinthie','0656199912','Desbrow','423622038','5E5IODJ5t','hdesbrow48',NULL,153,NULL),('customer',179,NULL,'bburgoine49@cdc.gov','Ber','0677299288','Burgoine','382903913','Hla7zEBBfMzI','bburgoine49',NULL,154,NULL),('customer',180,NULL,'bbushby4a@naver.com','Bevvy','0692574219','Bushby','601979922','cMIDRl','bbushby4a',NULL,155,NULL),('customer',181,NULL,'cdunnett4b@businesswire.com','Carolyne','0653970549','Dunnett','688628359','Sw2kY5HLUxK','cdunnett4b',NULL,156,NULL),('customer',182,NULL,'hlucas4c@issuu.com','Hadrian','0663282635','Lucas','840840735','vqgsGKm','hlucas4c',NULL,157,NULL),('customer',183,NULL,'kboman4d@cbslocal.com','Kaitlynn','0690435964','Boman','802609879','8Gx9pRiKeir','kboman4d',NULL,158,NULL),('customer',184,NULL,'btour4e@twitter.com','Baxie','0699249945','Tour','417304847','qwGVmy','btour4e',NULL,159,NULL),('customer',185,NULL,'tdimitrie4f@issuu.com','Tucker','0694683139','Dimitrie','056020885','dXeLLcHA','tdimitrie4f',NULL,160,NULL),('customer',186,NULL,'liorio4g@quantcast.com','Louisette','0681244096','Iorio','843402642','PSBOjlFP','liorio4g',NULL,161,NULL),('customer',187,NULL,'egarfoot4h@twitpic.com','Elbertina','0618483574','Garfoot','591753434','KAa74pjo1G','egarfoot4h',NULL,162,NULL),('customer',188,NULL,'rsaura4i@cnet.com','Rowe','0626185808','Saura','118438600','AJ78aoBegE8T','rsaura4i',NULL,163,NULL),('customer',189,NULL,'ebooij4j@wikimedia.org','Erinn','0664629268','Booij','751740420','tPvAP1qx','ebooij4j',NULL,164,NULL),('customer',190,NULL,'twillison4k@sfgate.com','Tommy','0610567799','Willison','742943825','BB3PdI','twillison4k',NULL,165,NULL),('customer',191,NULL,'bfontin4l@desdev.cn','Bartie','0698562458','Fontin','219605966','dhjBXKoLn','bfontin4l',NULL,166,NULL),('customer',192,NULL,'rcapron4m@nature.com','Ruperta','0639985660','Capron','725452852','yfCNfg','rcapron4m',NULL,167,NULL),('customer',193,NULL,'fbaxill4n@ebay.com','Fiona','0624139982','Baxill','880050173','hqqoV2Zei8Y','fbaxill4n',NULL,168,NULL),('customer',194,NULL,'calbrecht4o@usnews.com','Cinda','0606121844','Albrecht','749262569','ZPiTE5u1Ii','calbrecht4o',NULL,169,NULL),('customer',195,NULL,'xtidd4p@toplist.cz','Xenos','0606830681','Tidd','062008686','kr3J6C','xtidd4p',NULL,170,NULL),('customer',196,NULL,'wmechic4q@wikia.com','Wash','0648447756','Mechic','130544139','wImLTAVPQdZB','wmechic4q',NULL,171,NULL),('customer',197,NULL,'ttunnow4r@tiny.cc','Thebault','0650877416','Tunnow','811232998','0nITE83M7wI','ttunnow4r',NULL,172,NULL),('customer',198,NULL,'rrodriguez4s@dell.com','Reinwald','0615135952','Rodriguez','997989283','SfBPaL','rrodriguez4s',NULL,173,NULL),('customer',199,NULL,'gswainsbury4t@ow.ly','Gnni','0696882477','Swainsbury','549104790','5fYLDgHzg65','gswainsbury4t',NULL,174,NULL),('customer',200,NULL,'jlockhart4u@biglobe.ne.jp','Jaime','0673717377','Lockhart','155528920','3b2hj9','jlockhart4u',NULL,175,NULL),('customer',201,NULL,'oregus4v@theatlantic.com','Olva','0671796826','Regus','203186023','xnn7E3va4','oregus4v',NULL,176,NULL),('customer',202,NULL,'ctoderini4w@behance.net','Catie','0660838450','Toderini','672187771','XlIvxFb6D','ctoderini4w',NULL,177,NULL),('customer',203,NULL,'cdursley4x@mashable.com','Cindi','0610427129','Dursley','972044873','kQWE1k4LtE','cdursley4x',NULL,178,NULL),('customer',204,NULL,'athick4y@umn.edu','Ardisj','0667303101','Thick','256747266','PUVrcj7E3G','athick4y',NULL,179,NULL),('customer',205,NULL,'aespie4z@nsw.gov.au','Ashley','0699214266','Espie','152694182','wlIJZ5DgzS','aespie4z',NULL,180,NULL),('customer',206,NULL,'gelcom50@deliciousdays.com','Guthrey','0647965453','Elcom','620304979','M2Cuq0drBK','gelcom50',NULL,181,NULL),('customer',207,NULL,'tmalthus51@stumbleupon.com','Tamqrah','0644456394','Malthus','633849897','MXdLoIydPQh','tmalthus51',NULL,182,NULL),('customer',208,NULL,'tbouch52@over-blog.com','Talya','0671780662','Bouch','060409325','FVpfdfQw','tbouch52',NULL,183,NULL),('customer',209,NULL,'khewlings53@parallels.com','Kingsly','0698878149','Hewlings','536209017','OSpQ3g3GU','khewlings53',NULL,184,NULL),('customer',210,NULL,'ericcione54@webs.com','Ewart','0640309199','Riccione','183223567','ugTYQ0lV','ericcione54',NULL,185,NULL),('customer',211,NULL,'llung55@creativecommons.org','Lissa','0602422430','Lung','626389496','oN2SNSTXGvm','llung55',NULL,186,NULL),('customer',212,NULL,'chuchot56@springer.com','Codi','0670443190','Huchot','921378450','jj415NL1y6us','chuchot56',NULL,187,NULL),('customer',213,NULL,'smerring57@altervista.org','Sarge','0618474115','Merring','730068872','aJexszb','smerring57',NULL,188,NULL),('customer',214,NULL,'oyarrall58@uol.com.br','Osmond','0682787846','Yarrall','948696380','zISU9Pu','oyarrall58',NULL,189,NULL),('customer',215,NULL,'kspitell59@aboutads.info','Karlene','0656732197','Spitell','971843004','pobQ9hgichE','kspitell59',NULL,190,NULL),('customer',216,NULL,'teasun5a@globo.com','Tatum','0639508848','Easun','496908673','diWwRc8v5','teasun5a',NULL,191,NULL),('customer',217,NULL,'gsarfati5b@dyndns.org','Gui','0628686868','Sarfati','481227973','GWifV1','gsarfati5b',NULL,192,NULL),('customer',218,NULL,'eduplain5c@php.net','Emili','0641987027','Duplain','429580258','Aeuftg','eduplain5c',NULL,193,NULL),('customer',219,NULL,'mcanete5d@goo.ne.jp','Modestia','0655596862','Canete','067861837','07Pl4UR','mcanete5d',NULL,194,NULL),('customer',220,NULL,'sheigold5e@google.es','Sallyann','0641884526','Heigold','610621210','cpF4DYk','sheigold5e',NULL,195,NULL),('customer',221,NULL,'dduhamel5f@japanpost.jp','Dana','0689141719','Du Hamel','465341563','Pul4XYc8','dduhamel5f',NULL,196,NULL),('customer',222,NULL,'rfaire5g@mashable.com','Ramsay','0658052723','Faire','274141764','RoH6Lw0nRSoP','rfaire5g',NULL,197,NULL),('customer',223,NULL,'emcleod5h@ucsd.edu','Evvy','0646418789','McLeod','501678543','PjywTiFh0A','emcleod5h',NULL,198,NULL),('customer',224,NULL,'rduckhouse5i@disqus.com','Rhea','0690077801','Duckhouse','814349185','lMUDvIwA','rduckhouse5i',NULL,199,NULL),('customer',225,NULL,'hmelbourne5j@canalblog.com','Hill','0662610253','Melbourne','548017762','9YykAAj','hmelbourne5j',NULL,200,NULL),('customer',226,NULL,'erosling5k@cbslocal.com','Emogene','0655485575','Rosling','558465736','T8Wa5EF','erosling5k',NULL,201,NULL),('customer',227,NULL,'cmatthias5l@friendfeed.com','Creigh','0637340569','Matthias','912538806','bMP1oiutyQOo','cmatthias5l',NULL,202,NULL),('customer',228,NULL,'jmathys5m@howstuffworks.com','Joyann','0635964952','Mathys','082008720','mIqxUv','jmathys5m',NULL,203,NULL),('customer',229,NULL,'efishlee5n@facebook.com','Edin','0612879540','Fishlee','024303343','nX6QIp1d','efishlee5n',NULL,204,NULL),('customer',230,NULL,'bspeechly5o@webmd.com','Biddie','0671292028','Speechly','705469464','MaUVDbghBU','bspeechly5o',NULL,205,NULL),('customer',231,NULL,'rgriffen5p@goo.gl','Reinald','0645975313','Griffen','787089699','8lVGkSuJpMEa','rgriffen5p',NULL,206,NULL),('customer',232,NULL,'jracher5q@canalblog.com','Joanna','0600732893','Racher','154283600','7iRe9mqs','jracher5q',NULL,207,NULL),('customer',233,NULL,'amaclaig5r@house.gov','Alain','0630478820','MacLaig','809895833','Ql3y5Km','amaclaig5r',NULL,208,NULL),('customer',234,NULL,'lmorston5s@opensource.org','Lezlie','0678633216','Morston','638952187','ZOh09zutYy','lmorston5s',NULL,209,NULL),('customer',235,NULL,'cmatveiko5t@usa.gov','Claiborn','0630394302','Matveiko','510177359','PPDz9WyBarX','cmatveiko5t',NULL,210,NULL),('customer',236,NULL,'osargint5u@jalbum.net','Orbadiah','0663951256','Sargint','098013325','lOsoQWj','osargint5u',NULL,211,NULL),('customer',237,NULL,'sdriscoll5v@a8.net','Shem','0681777065','Driscoll','413844541','auTzNul','sdriscoll5v',NULL,212,NULL),('customer',238,NULL,'mbettles5w@house.gov','Mellisa','0662990813','Bettles','288365452','QeqRBK','mbettles5w',NULL,213,NULL),('customer',239,NULL,'bamott5x@livejournal.com','Babbie','0609985898','Amott','565647453','20jl9gIX0c2x','bamott5x',NULL,214,NULL),('customer',240,NULL,'tpunton5y@mapy.cz','Tobias','0658623455','Punton','858023707','2q59cgT82S','tpunton5y',NULL,215,NULL),('customer',241,NULL,'qcurrao5z@jalbum.net','Quinton','0657232658','Currao','026223838','aSaIxvvgknl','qcurrao5z',NULL,216,NULL),('customer',242,NULL,'mcoen60@mysql.com','Maud','0628929577','Coen','403869351','EAtyaZhhSY','mcoen60',NULL,217,NULL),('customer',243,NULL,'camiss61@icio.us','Cathlene','0615487828','Amiss','502454472','PczrwnuOP2','camiss61',NULL,218,NULL),('customer',244,NULL,'dmenier62@usa.gov','Dudley','0620756203','Menier','871520169','uTiXhS6ZOi','dmenier62',NULL,219,NULL),('customer',245,NULL,'fluckhurst63@lycos.com','Ferne','0649776762','Luckhurst','405330218','qmndpIm','fluckhurst63',NULL,220,NULL),('customer',246,NULL,'khagart64@zdnet.com','Kris','0636650970','Hagart','061719074','E1HVkR515hHn','khagart64',NULL,221,NULL),('customer',247,NULL,'rbarz65@patch.com','Reynard','0670174543','Barz','115672192','FjT6XW7','rbarz65',NULL,222,NULL),('customer',248,NULL,'ekentwell66@slashdot.org','Elysia','0680592573','Kentwell','149990636','n6GsvP','ekentwell66',NULL,223,NULL),('customer',249,NULL,'sbourton67@fotki.com','Sayre','0655345122','Bourton','143258848','fC5c3u','sbourton67',NULL,224,NULL),('customer',250,NULL,'grate68@narod.ru','Gilbertina','0661284314','Rate','036742184','cAZYZMb','grate68',NULL,225,NULL),('customer',251,NULL,'bpeers69@examiner.com','Blythe','0604531038','Peers','174455807','bgNNahgYGrd','bpeers69',NULL,226,NULL),('customer',252,NULL,'tbloys6a@upenn.edu','Tani','0674581798','Bloys','912580377','cjMPob2gd6','tbloys6a',NULL,227,NULL),('customer',253,NULL,'fsterman6b@angelfire.com','Flinn','0679254965','Sterman','179905463','bqAHqAlZQ0','fsterman6b',NULL,228,NULL),('customer',254,NULL,'ddunhill6c@spotify.com','Debi','0615545210','Dunhill','750179973','mwyv13YffHB','ddunhill6c',NULL,229,NULL),('customer',255,NULL,'wissitt6d@yahoo.com','Whitaker','0689745298','Issitt','391259826','hEdytU6ZNja9','wissitt6d',NULL,230,NULL),('customer',256,NULL,'abatiste6e@nyu.edu','Aloin','0693761180','Batiste','838672551','abvxAqHx','abatiste6e',NULL,231,NULL),('customer',257,NULL,'rreside6f@storify.com','Robinett','0650391397','Reside','636301650','WE6DKevHaJlb','rreside6f',NULL,232,NULL),('customer',258,NULL,'asizeland6g@exblog.jp','Anette','0693298338','Sizeland','712538913','4uHwD4EUHV','asizeland6g',NULL,233,NULL),('customer',259,NULL,'hbellwood6h@unesco.org','Honey','0625280814','Bellwood','976192443','s8EQxtBfJjd','hbellwood6h',NULL,234,NULL),('customer',260,NULL,'ecarnock6i@paypal.com','Elissa','0661819929','Carnock','051123037','7dNJpDvmrcfU','ecarnock6i',NULL,235,NULL),('customer',261,NULL,'escanlan6j@dropbox.com','Ewen','0616999913','Scanlan','441405780','jtzr5z','escanlan6j',NULL,236,NULL),('customer',262,NULL,'egwatkins6k@netvibes.com','Eran','0662119550','Gwatkins','737578247','vX2IZigHP3','egwatkins6k',NULL,237,NULL),('customer',263,NULL,'lmossman6l@whitehouse.gov','La verne','0615189169','Mossman','974190877','IuxYeH','lmossman6l',NULL,238,NULL),('customer',264,NULL,'switherbed6m@ucsd.edu','Samaria','0633354227','Witherbed','632848799','H6t14rNIrBOq','switherbed6m',NULL,239,NULL),('customer',265,NULL,'atreslove6n@yahoo.co.jp','Averell','0627661234','Treslove','799519344','ddqGIR','atreslove6n',NULL,240,NULL),('customer',266,NULL,'jmacailine6o@mayoclinic.com','Jozef','0643390298','MacAiline','773413282','8tpZ82j1R8','jmacailine6o',NULL,241,NULL),('customer',267,NULL,'chadleigh6p@google.de','Cristian','0650310838','Hadleigh','337822200','Ob41HpBs','chadleigh6p',NULL,242,NULL),('customer',268,NULL,'ejordanson6q@dmoz.org','Elsy','0609971060','Jordanson','124867851','XNIBkuZs','ejordanson6q',NULL,243,NULL),('customer',269,NULL,'vskene6r@hubpages.com','Vanna','0601294593','Skene','847986049','45H17alPO4WK','vskene6r',NULL,244,NULL),('customer',270,NULL,'sbresman6s@trellian.com','Shana','0682565555','Bresman','470672839','svO6624','sbresman6s',NULL,245,NULL),('customer',271,NULL,'tfechnie6t@sun.com','Trisha','0620311432','Fechnie','113963097','mZmHLUS8mbfC','tfechnie6t',NULL,246,NULL),('customer',272,NULL,'dlipsett6u@paypal.com','Daniele','0682356932','Lipsett','620473588','foVFzx3g7exb','dlipsett6u',NULL,247,NULL),('customer',273,NULL,'tgiraudot6v@amazon.co.jp','Trina','0669924820','Giraudot','622569948','lUek0fxfqsV','tgiraudot6v',NULL,248,NULL),('customer',274,NULL,'dadamo6w@icq.com','Doralynn','0631555790','Adamo','533348632','nRTBNENK6','dadamo6w',NULL,249,NULL),('customer',275,NULL,'vsanderson6x@fema.gov','Vicky','0647007559','Sanderson','268628029','pmPyG8W4','vsanderson6x',NULL,250,NULL),('customer',276,NULL,'lloughran6y@adobe.com','Lynea','0635145542','Loughran','678227640','bVRzSF','lloughran6y',NULL,251,NULL),('customer',277,NULL,'lsand6z@java.com','Lenore','0684988398','Sand','338015245','ZyOjfE','lsand6z',NULL,252,NULL),('customer',278,NULL,'bmonard70@opensource.org','Bernie','0638189836','Monard','453459025','67nrdye','bmonard70',NULL,253,NULL),('customer',279,NULL,'akenwyn71@businessweek.com','Alexa','0648058524','Kenwyn','142972099','AYpCu3qw','akenwyn71',NULL,254,NULL),('customer',280,NULL,'raysh72@comsenz.com','Ruthe','0669587341','Aysh','164722112','3uwyMno','raysh72',NULL,255,NULL),('customer',281,NULL,'dmillins73@sun.com','Dieter','0656606651','Millins','275619839','DD9fASDgn6lP','dmillins73',NULL,256,NULL),('customer',282,NULL,'amalimoe74@google.co.uk','Angela','0614551326','Malimoe','139506345','BrJ98vOv3e3G','amalimoe74',NULL,257,NULL),('customer',283,NULL,'kkobelt75@soup.io','Kira','0604769767','Kobelt','454686437','MYMQNt','kkobelt75',NULL,258,NULL),('customer',284,NULL,'mkellert76@nifty.com','Maximilianus','0676507909','Kellert','781059146','b6J2G858w8E','mkellert76',NULL,259,NULL),('customer',285,NULL,'mcurran77@last.fm','Midge','0688954353','Curran','707788155','eu05hBT','mcurran77',NULL,260,NULL),('customer',286,NULL,'vendle78@alexa.com','Vevay','0676796492','Endle','029138895','2Vt3jQ','vendle78',NULL,261,NULL),('customer',287,NULL,'bdrever79@arizona.edu','Bevin','0612022398','Drever','791877906','nBiyUUzdfWdc','bdrever79',NULL,262,NULL),('customer',288,NULL,'nmote7a@moonfruit.com','Nady','0664406922','Mote','518840932','vtn5sbGYjX0','nmote7a',NULL,263,NULL),('customer',289,NULL,'cpoacher7b@dailymotion.com','Courtney','0682499671','Poacher','763852930','RGKmzM0','cpoacher7b',NULL,264,NULL),('customer',290,NULL,'cjeandon7c@posterous.com','Ciro','0608964954','Jeandon','604339332','M9GYBMQGy','cjeandon7c',NULL,265,NULL),('customer',291,NULL,'gsidebotton7d@paginegialle.it','Grannie','0602748818','Sidebotton','683810549','SgtecShv','gsidebotton7d',NULL,266,NULL),('customer',292,NULL,'vdikels7e@goodreads.com','Virgina','0621529018','Dikels','219800352','66rQNl','vdikels7e',NULL,267,NULL),('customer',293,NULL,'rmarkos7f@gravatar.com','Russ','0623888317','Markos','786984809','i8M3522aQ','rmarkos7f',NULL,268,NULL),('customer',294,NULL,'chegg7g@blogtalkradio.com','Collin','0686533043','Hegg','362368360','vfexMuQi','chegg7g',NULL,269,NULL),('customer',295,NULL,'aculwen7h@amazon.com','Antonino','0627250526','Culwen','308317176','zIHV9o7eFku','aculwen7h',NULL,270,NULL),('customer',296,NULL,'nyeoland7i@va.gov','Nichol','0691603142','Yeoland','062251255','w0xO49','nyeoland7i',NULL,271,NULL),('customer',297,NULL,'clillicrop7j@quantcast.com','Christopher','0673914938','Lillicrop','855555250','PGmxttuT','clillicrop7j',NULL,272,NULL),('customer',298,NULL,'ufardy7k@economist.com','Ursula','0619289039','Fardy','635061415','PCKWFdebdVwB','ufardy7k',NULL,273,NULL),('customer',299,NULL,'sblything7l@flavors.me','Sandy','0695852717','Blything','292137940','7hFK1i0je82Q','sblything7l',NULL,274,NULL),('customer',300,NULL,'srickerby7m@timesonline.co.uk','Sal','0677030855','Rickerby','754741620','RfMnIT5','srickerby7m',NULL,275,NULL),('customer',301,NULL,'gleonardi7n@pagesperso-orange.fr','Giffy','0668916970','Leonardi','396118772','47v7Noiq','gleonardi7n',NULL,276,NULL),('customer',302,NULL,'hsheron7o@washingtonpost.com','Hinda','0605619103','Sheron','396973278','da8OVW','hsheron7o',NULL,277,NULL),('customer',303,NULL,'ggreed7p@oaic.gov.au','Gae','0632283374','Greed','531865348','ckIDiV9GjY','ggreed7p',NULL,278,NULL),('customer',304,NULL,'elamputt7q@mapquest.com','Estel','0653935826','Lamputt','713235295','bsaWK06Dh','elamputt7q',NULL,279,NULL),('customer',305,NULL,'mhallgate7r@canalblog.com','Moina','0685017348','Hallgate','397985954','vILTLZnCU','mhallgate7r',NULL,280,NULL),('customer',306,NULL,'mpopland7s@disqus.com','Myles','0615251176','Popland','577675979','Lz9QaBv69t','mpopland7s',NULL,281,NULL),('customer',307,NULL,'mdumigan7t@geocities.jp','Maurizio','0685495351','Dumigan','021504959','A6V9LuqZ0dmp','mdumigan7t',NULL,282,NULL),('customer',308,NULL,'gburnsyde7u@studiopress.com','Genia','0617645115','Burnsyde','519289219','xlqSeSS2zfMi','gburnsyde7u',NULL,283,NULL),('customer',309,NULL,'ehulk7v@alibaba.com','Erhard','0660862772','Hulk','353014067','61K2A9p','ehulk7v',NULL,284,NULL),('customer',310,NULL,'srobard7w@state.tx.us','Shaine','0600662042','Robard','644680112','JP1AueFC','srobard7w',NULL,285,NULL),('customer',311,NULL,'walberts7x@list-manage.com','Wait','0606735773','Alberts','980686725','5B0xr1OHykAr','walberts7x',NULL,286,NULL),('customer',312,NULL,'kmosen7y@kickstarter.com','Kevon','0618223996','Mosen','246153924','TRbyDYzyW','kmosen7y',NULL,287,NULL),('customer',313,NULL,'rhammelberg7z@spiegel.de','Rock','0622716690','Hammelberg','129477892','zyEDQtZ','rhammelberg7z',NULL,288,NULL),('customer',314,NULL,'esudddard80@china.com.cn','Eugenia','0630455284','Sudddard','898962659','axbsORHkMg','esudddard80',NULL,289,NULL),('customer',315,NULL,'cshapcote81@wisc.edu','Carri','0600208457','Shapcote','188562376','J9fiedBmBmc','cshapcote81',NULL,290,NULL),('customer',316,NULL,'smeeson82@wiley.com','Sheff','0667729501','Meeson','855015965','B7UvNTUiC1W0','smeeson82',NULL,291,NULL),('customer',317,NULL,'twestrey83@yelp.com','Temp','0630413698','Westrey','222613422','g0K1m7kznLb','twestrey83',NULL,292,NULL),('customer',318,NULL,'meustace84@hc360.com','Melonie','0613542227','Eustace','028140201','24XvWd4RyM','meustace84',NULL,293,NULL),('customer',319,NULL,'lbadsey85@webnode.com','Lorna','0695944038','Badsey','712456838','kzpTKn','lbadsey85',NULL,294,NULL),('customer',320,NULL,'laicheson86@cnbc.com','Lonnie','0673815481','Aicheson','158298726','2NBtQzh','laicheson86',NULL,295,NULL),('customer',321,NULL,'vkelmere87@newsvine.com','Valenka','0696916905','Kelmere','865175712','hJDHo62tsr3g','vkelmere87',NULL,296,NULL),('customer',322,NULL,'lcoyle88@sakura.ne.jp','Leia','0688152842','Coyle','263109689','L82vxlCBdvEO','lcoyle88',NULL,297,NULL),('customer',323,NULL,'jfarndon89@huffingtonpost.com','Johny','0661712149','Farndon','834506237','RAII8v','jfarndon89',NULL,298,NULL),('customer',324,NULL,'talesio8a@miitbeian.gov.cn','Tomasine','0685572517','Alesio','924955296','izOgsGOnQn','talesio8a',NULL,299,NULL),('customer',325,NULL,'nroubay8b@posterous.com','Norene','0695449334','Roubay','448358782','yX6rhHbp','nroubay8b',NULL,300,NULL),('customer',326,NULL,'manstis8c@vinaora.com','Mac','0649018926','Anstis','472213997','UeLmSI5t','manstis8c',NULL,301,NULL),('customer',327,NULL,'goakhill8d@walmart.com','Gabriel','0603627106','Oakhill','072192045','5VR7JdE','goakhill8d',NULL,302,NULL),('customer',328,NULL,'lniaves8e@spiegel.de','Lark','0633348669','Niaves','427699851','LUR1Au','lniaves8e',NULL,303,NULL),('customer',329,NULL,'cjurisch8f@furl.net','Claude','0652825061','Jurisch','817958415','4eAnoLKuA7m','cjurisch8f',NULL,304,NULL),('customer',330,NULL,'mferraresi8g@feedburner.com','Maribeth','0660742567','Ferraresi','313465886','ZyV4Gm','mferraresi8g',NULL,305,NULL),('customer',331,NULL,'areede8h@marketwatch.com','Alden','0602495050','Reede','246989844','twNvrM','areede8h',NULL,306,NULL),('customer',332,NULL,'dlebrom8i@buzzfeed.com','Dolph','0667517461','Le Brom','858996352','s0EzXhyc','dlebrom8i',NULL,307,NULL),('customer',333,NULL,'pedwick8j@msn.com','Perle','0662704756','Edwick','972324829','qGCAURshklox','pedwick8j',NULL,308,NULL),('customer',334,NULL,'elaxen8k@umich.edu','Eve','0695371205','Laxen','468170444','yIGnDa2z','elaxen8k',NULL,309,NULL),('customer',335,NULL,'cpennuzzi8l@godaddy.com','Cicely','0685694448','Pennuzzi','579197410','OjF3jrFDA9u','cpennuzzi8l',NULL,310,NULL),('customer',336,NULL,'tpaolozzi8m@wsj.com','Tabatha','0670102538','Paolozzi','016999696','ZxShkawhTh','tpaolozzi8m',NULL,311,NULL),('customer',337,NULL,'srheam8n@answers.com','Skelly','0694573479','Rheam','785884250','bJDlgYate','srheam8n',NULL,312,NULL),('customer',338,NULL,'nhardacre8o@cargocollective.com','Noel','0611450024','Hardacre','721266433','8uyVbEmh','nhardacre8o',NULL,313,NULL),('customer',339,NULL,'dlofthouse8p@tinypic.com','Dunn','0651023357','Lofthouse','682483375','X8uBoWIopo','dlofthouse8p',NULL,314,NULL),('customer',340,NULL,'mkenshole8q@altervista.org','Mallorie','0696033792','Kenshole','316556356','nS1h4dV2S03','mkenshole8q',NULL,315,NULL),('customer',341,NULL,'sglassborow8r@wikimedia.org','Sallie','0614410542','Glassborow','429963957','mQU0GUDL6bV','sglassborow8r',NULL,316,NULL),('customer',342,NULL,'gturney8s@ihg.com','Gabriel','0660516401','Turney','390314085','NgUtsS68','gturney8s',NULL,317,NULL),('customer',343,NULL,'pwincott8t@a8.net','Peri','0620188138','Wincott','228823987','tO5k6iJ','pwincott8t',NULL,318,NULL),('customer',344,NULL,'jquested8u@youtu.be','Jenna','0621528816','Quested','184348640','UbKxA1OrSbo','jquested8u',NULL,319,NULL),('customer',345,NULL,'mgidden8v@github.com','Mame','0615367974','Gidden','612172904','rxFEhXE','mgidden8v',NULL,320,NULL),('customer',346,NULL,'pworsnap8w@hp.com','Perle','0682771317','Worsnap','138376267','2PQWWe','pworsnap8w',NULL,321,NULL),('customer',347,NULL,'nstibbs8x@washington.edu','Nanette','0668663309','Stibbs','044340530','toYQ97Hif','nstibbs8x',NULL,322,NULL),('customer',348,NULL,'ccastle8y@goo.gl','Cherice','0657074844','Castle','681065878','OL1Ue6KazD','ccastle8y',NULL,323,NULL),('customer',349,NULL,'bconklin8z@mediafire.com','Bernardine','0648452574','Conklin','290987486','I6BYGA189','bconklin8z',NULL,324,NULL),('customer',350,NULL,'nsawers90@disqus.com','Nora','0612589082','Sawers','402080436','VdGfYyTX9ra','nsawers90',NULL,325,NULL),('customer',351,NULL,'kbacksal91@jugem.jp','Kelby','0651150209','Backsal','901802837','etkqW7EGvQr','kbacksal91',NULL,326,NULL),('customer',352,NULL,'hjeannard92@bbb.org','Horst','0672723575','Jeannard','937548526','E1LmCBuNlmJ','hjeannard92',NULL,327,NULL),('customer',353,NULL,'jbullman93@loc.gov','Jessie','0675420770','Bullman','678621800','msU9lOpAm6','jbullman93',NULL,328,NULL),('customer',354,NULL,'dsandison94@blinklist.com','Desi','0666794125','Sandison','146695235','c7lpWECc1hQ9','dsandison94',NULL,329,NULL),('customer',355,NULL,'gfrancillo95@newsvine.com','Georgetta','0690769643','Francillo','329503731','ycdn06ih','gfrancillo95',NULL,330,NULL),('customer',356,NULL,'stellwright96@weather.com','Sula','0639243245','Tellwright','343361468','VZqHmQNWrS7','stellwright96',NULL,331,NULL),('customer',357,NULL,'bhuscroft97@stanford.edu','Bobbie','0682995954','Huscroft','604600433','9Jt1Zxi','bhuscroft97',NULL,332,NULL),('customer',358,NULL,'ejaffrey98@domainmarket.com','Eugen','0660527959','Jaffrey','039057438','Oce2dfbpiHUr','ejaffrey98',NULL,333,NULL),('customer',359,NULL,'mcapelin99@biglobe.ne.jp','Merrick','0627445993','Capelin','925899156','dFGetedOq','mcapelin99',NULL,334,NULL),('customer',360,NULL,'kshalders9a@indiatimes.com','Kaja','0609865222','Shalders','305417816','8QSunmenLa','kshalders9a',NULL,335,NULL),('customer',361,NULL,'fbrabin9b@woothemes.com','Florian','0641943318','Brabin','951095842','tss0nTXn7','fbrabin9b',NULL,336,NULL),('customer',362,NULL,'kkibel9c@acquirethisname.com','Kristel','0632455439','Kibel','308020226','hwvT44Ug9V','kkibel9c',NULL,337,NULL),('customer',363,NULL,'chay9d@ezinearticles.com','Clair','0620883746','Hay','416698704','sYdWhIS3cMk','chay9d',NULL,338,NULL),('customer',364,NULL,'oallder9e@biblegateway.com','Ollie','0600323890','Allder','909994012','s54WHZGEe','oallder9e',NULL,339,NULL),('customer',365,NULL,'fcolledge9f@yellowpages.com','Ferne','0628143864','Colledge','141738728','7MdTV5S','fcolledge9f',NULL,340,NULL),('customer',366,NULL,'tmacmeeking9g@gnu.org','Tybalt','0603914484','MacMeeking','237931291','eFVvnZTniw','tmacmeeking9g',NULL,341,NULL),('customer',367,NULL,'jmaccallam9h@jigsy.com','Jami','0641991724','MacCallam','565064700','GnAOVWxetg','jmaccallam9h',NULL,342,NULL),('customer',368,NULL,'pzambonini9i@alexa.com','Pembroke','0628720181','Zambonini','088976155','lYICfuoi','pzambonini9i',NULL,343,NULL),('customer',369,NULL,'pbewfield9j@hibu.com','Pauly','0639848066','Bewfield','075835560','qmXNcGsL','pbewfield9j',NULL,344,NULL),('customer',370,NULL,'efoddy9k@sbwire.com','Erhart','0619582879','Foddy','082009389','mN1fMY','efoddy9k',NULL,345,NULL),('customer',371,NULL,'hpirdy9l@typepad.com','Heddie','0660347147','Pirdy','412704003','UIrnRunFIb','hpirdy9l',NULL,346,NULL),('customer',372,NULL,'amalyan9m@usgs.gov','Alisa','0639443887','Malyan','374664294','rHKnxRxIO','amalyan9m',NULL,347,NULL),('customer',373,NULL,'nclouter9n@baidu.com','Niels','0670613673','Clouter','032772156','K9TtI6W','nclouter9n',NULL,348,NULL),('customer',374,NULL,'mrishbrook9o@networksolutions.com','Marlyn','0600656962','Rishbrook','334125605','puUKx3Pmrd','mrishbrook9o',NULL,349,NULL),('customer',375,NULL,'adiwell9p@twitter.com','Alphonse','0629997582','Diwell','488675705','0nN4RFY','adiwell9p',NULL,350,NULL),('customer',376,NULL,'uholhouse9q@dot.gov','Ulrika','0697870103','Holhouse','482470559','d6I0eon','uholhouse9q',NULL,351,NULL),('customer',377,NULL,'mchong9r@shop-pro.jp','Mikkel','0693475481','Chong','595997390','IIW4qeHV','mchong9r',NULL,352,NULL),('customer',378,NULL,'ocroke9s@twitter.com','Odo','0636228303','Croke','692557573','a1VEBD','ocroke9s',NULL,353,NULL),('customer',379,NULL,'lzavattero9t@biblegateway.com','Lucine','0636745872','Zavattero','035422058','x8LJtJ','lzavattero9t',NULL,354,NULL),('customer',380,NULL,'tcrowche9u@sina.com.cn','Torin','0656731435','Crowche','799204343','mgP6hf5P','tcrowche9u',NULL,355,NULL),('customer',381,NULL,'obentje9v@webs.com','Othelia','0605945455','Bentje','928637697','VqFx37v2s','obentje9v',NULL,356,NULL),('customer',382,NULL,'jpartkya9w@live.com','Julia','0674980330','Partkya','546880909','WJT1OBTGR','jpartkya9w',NULL,357,NULL),('customer',383,NULL,'hgillyett9x@hostgator.com','Hester','0667920580','Gillyett','345049894','L5IbGv4gEfr','hgillyett9x',NULL,358,NULL),('customer',384,NULL,'adoleman9y@ed.gov','Ailene','0662725291','Doleman','069570699','uWqJ4l4y','adoleman9y',NULL,359,NULL),('customer',385,NULL,'scarlesso9z@guardian.co.uk','Simonne','0680413943','Carlesso','477282741','fsscR5','scarlesso9z',NULL,360,NULL),('customer',386,NULL,'onorvillea0@independent.co.uk','Oswell','0621328661','Norville','839028474','3I5cAGrFF','onorvillea0',NULL,361,NULL),('customer',387,NULL,'ndabsa1@yandex.ru','Noak','0611572141','Dabs','629228221','6RutbZW','ndabsa1',NULL,362,NULL),('customer',388,NULL,'arosenbauma2@homestead.com','Aldrich','0686452637','Rosenbaum','207238120','kXElui4t','arosenbauma2',NULL,363,NULL),('customer',389,NULL,'bguthersona3@nifty.com','Brok','0665682348','Gutherson','158100226','vfKFpNn','bguthersona3',NULL,364,NULL),('customer',390,NULL,'ekelleta4@disqus.com','Elijah','0657587276','Kellet','718052708','U8dNPM5','ekelleta4',NULL,365,NULL),('customer',391,NULL,'wbloodworthea5@edublogs.org','Wilone','0613093730','Bloodworthe','235204238','pNuIJv','wbloodworthea5',NULL,366,NULL),('customer',392,NULL,'jgayfortha6@theatlantic.com','Joaquin','0605534006','Gayforth','425828524','BOxyTGKX','jgayfortha6',NULL,367,NULL),('customer',393,NULL,'cbowa7@weather.com','Cornelius','0699668592','Bow','855738846','bQlDfu53c7','cbowa7',NULL,368,NULL),('customer',394,NULL,'fmulvennaa8@myspace.com','Farleigh','0642756852','Mulvenna','820442549','ilrIQKG','fmulvennaa8',NULL,369,NULL),('customer',395,NULL,'mmowsleya9@bloglines.com','Mahala','0653760080','Mowsley','600198303','GRssAIdE','mmowsleya9',NULL,370,NULL),('customer',396,NULL,'mhigounetaa@example.com','Meara','0659670820','Higounet','090354677','OyBJAuDV','mhigounetaa',NULL,371,NULL),('customer',397,NULL,'jgrettonab@wsj.com','Jehanna','0602945832','Gretton','694567755','C3SQPta','jgrettonab',NULL,372,NULL),('customer',398,NULL,'npaliserac@bbc.co.uk','Nanine','0694618216','Paliser','531084797','igjANuptl','npaliserac',NULL,373,NULL),('customer',399,NULL,'gtroddenad@ustream.tv','Genna','0637631236','Trodden','813517115','9qTXogV2VOZ','gtroddenad',NULL,374,NULL),('customer',400,NULL,'agladdisae@squidoo.com','Alvira','0683129096','Gladdis','827568548','Vp0rxIV','agladdisae',NULL,375,NULL),('customer',401,NULL,'rpencotaf@amazon.com','Ralina','0622664871','Pencot','152270359','4P9tkhg','rpencotaf',NULL,376,NULL),('customer',402,NULL,'kasalsag@eepurl.com','Killian','0670546371','Asals','037400465','8VBb1S','kasalsag',NULL,377,NULL),('customer',403,NULL,'tjeffressah@dailymail.co.uk','Thorsten','0667829548','Jeffress','092981549','54m8kshux','tjeffressah',NULL,378,NULL),('customer',404,NULL,'mcaldicottai@vinaora.com','Mortie','0608683556','Caldicott','883758170','hQko4x','mcaldicottai',NULL,379,NULL),('customer',405,NULL,'shenfreaj@facebook.com','Shamus','0632451342','Henfre','550490288','5YmHwtoH','shenfreaj',NULL,380,NULL),('customer',406,NULL,'dgarrattyak@blogspot.com','Deeyn','0670413433','Garratty','088645772','DS5AT7','dgarrattyak',NULL,381,NULL),('customer',407,NULL,'ssparhamal@edublogs.org','Sarita','0698266482','Sparham','361941444','6e9liqL','ssparhamal',NULL,382,NULL),('customer',408,NULL,'llembkeam@latimes.com','Lazare','0678963789','Lembke','416726378','pGDG7Lj4','llembkeam',NULL,383,NULL),('customer',409,NULL,'mwignallan@china.com.cn','Marcelia','0687252805','Wignall','700289777','g5lo5uF','mwignallan',NULL,384,NULL),('customer',410,NULL,'kmanclarkao@bbc.co.uk','Kelly','0624332978','Manclark','895733380','yrYfdqZ2','kmanclarkao',NULL,385,NULL),('customer',411,NULL,'jappleyardap@digg.com','Jordan','0637316851','Appleyard','290988158','mPq0LXoLt','jappleyardap',NULL,386,NULL),('customer',412,NULL,'bkenderaq@over-blog.com','Basia','0694870985','Kender','750966036','Su7vsg3rRn','bkenderaq',NULL,387,NULL),('customer',413,NULL,'edulieuar@wikipedia.org','Enrichetta','0670853063','Dulieu','333660894','C2PU0j8','edulieuar',NULL,388,NULL),('customer',414,NULL,'mensleyas@spotify.com','Marguerite','0601728606','Ensley','295649794','OAK65Ubq8Dz','mensleyas',NULL,389,NULL),('customer',415,NULL,'rbernardoat@ihg.com','Rufus','0625220449','Bernardo','999741948','ERP9Nk5W','rbernardoat',NULL,390,NULL),('customer',416,NULL,'mcosgriffau@state.tx.us','Mirabella','0600250997','Cosgriff','582336781','UifrfUTofW','mcosgriffau',NULL,391,NULL),('customer',417,NULL,'mmendenhallav@chron.com','Maudie','0667756131','Mendenhall','628255229','e4btLc1L7xi','mmendenhallav',NULL,392,NULL),('customer',418,NULL,'ddrageaw@oracle.com','Doug','0630246234','Drage','523437150','pVGXHbh','ddrageaw',NULL,393,NULL),('customer',419,NULL,'plewcockax@example.com','Paige','0641488427','Lewcock','169845057','u6Jiaa6','plewcockax',NULL,394,NULL),('customer',420,NULL,'mtarrantay@sciencedaily.com','Maude','0648356211','Tarrant','395524982','vIb6mbzZzeu','mtarrantay',NULL,395,NULL),('customer',421,NULL,'epuckeyaz@usa.gov','Estele','0678930372','Puckey','214783736','rLJwZRXPpFSl','epuckeyaz',NULL,396,NULL),('customer',422,NULL,'gnaerupb0@dot.gov','Genia','0679142567','Naerup','764428151','h5RGFgH','gnaerupb0',NULL,397,NULL),('customer',423,NULL,'bblindmannb1@wisc.edu','Benny','0656442753','Blindmann','150214355','Rv3S81','bblindmannb1',NULL,398,NULL),('customer',424,NULL,'ncurrumb2@plala.or.jp','Nealy','0607213649','Currum','131482279','KGxZHkJ2P','ncurrumb2',NULL,399,NULL),('customer',425,NULL,'aswyerb3@csmonitor.com','Adora','0683309063','Swyer','342015503','q9chGIgBvdY','aswyerb3',NULL,400,NULL),('customer',426,NULL,'lbockb4@abc.net.au','Livvyy','0665842421','Bock','461213436','gGGYUBrTz1','lbockb4',NULL,401,NULL),('customer',427,NULL,'mjancb5@bizjournals.com','Mel','0654084973','Janc','890932622','A7C6ONyfRxL','mjancb5',NULL,402,NULL),('customer',428,NULL,'ucuddyb6@yolasite.com','Urban','0651614440','Cuddy','754539466','9kXoeObt','ucuddyb6',NULL,403,NULL),('customer',429,NULL,'sdudmanb7@microsoft.com','Silva','0686071311','Dudman','506825526','snxR4gf','sdudmanb7',NULL,404,NULL),('customer',430,NULL,'fdruganb8@bravesites.com','Francisca','0679080433','Drugan','044496634','rCOc3WNSj','fdruganb8',NULL,405,NULL),('customer',431,NULL,'aheinishb9@thetimes.co.uk','Ash','0606513131','Heinish','496332450','ylXo2HC','aheinishb9',NULL,406,NULL),('customer',432,NULL,'mpellettba@macromedia.com','Malorie','0687591537','Pellett','595688796','Wp82AMCadpmW','mpellettba',NULL,407,NULL),('customer',433,NULL,'wlearmondbb@utexas.edu','Wilow','0629654490','Learmond','260885265','sDFsTZHr6','wlearmondbb',NULL,408,NULL),('customer',434,NULL,'mandersenbc@house.gov','Madlen','0605485791','Andersen','986655614','yoAE9Ji','mandersenbc',NULL,409,NULL),('customer',435,NULL,'pscutchingsbd@who.int','Paule','0648474649','Scutchings','948984992','5lYvxd8WZ6v','pscutchingsbd',NULL,410,NULL),('customer',436,NULL,'pthomlinsonbe@blogs.com','Pauly','0631093237','Thomlinson','816078811','RCLMo3EVxK','pthomlinsonbe',NULL,411,NULL),('customer',437,NULL,'lstraussbf@blinklist.com','Lila','0637045476','Strauss','585089408','kv4LyY1','lstraussbf',NULL,412,NULL),('customer',438,NULL,'scleynaertbg@bing.com','Sascha','0672618422','Cleynaert','630764085','dgnPp6','scleynaertbg',NULL,413,NULL),('customer',439,NULL,'jflaniganbh@blinklist.com','Jeanne','0658338200','Flanigan','927047450','J29kgG8EO','jflaniganbh',NULL,414,NULL),('customer',440,NULL,'ldrayebi@bandcamp.com','Larisa','0690534026','Draye','705433965','Usc99ScedAe','ldrayebi',NULL,415,NULL),('customer',441,NULL,'gtremellierbj@mail.ru','Gardner','0613187543','Tremellier','080988669','hfu7F5x','gtremellierbj',NULL,416,NULL),('customer',442,NULL,'gmallinderbk@sun.com','George','0661667122','Mallinder','650803177','gXzGnYV','gmallinderbk',NULL,417,NULL),('customer',443,NULL,'aoldreybl@bloglines.com','Arv','0681196481','Oldrey','488080126','F55iEeozIng2','aoldreybl',NULL,418,NULL),('customer',444,NULL,'cjammetbm@de.vu','Carrol','0645061915','Jammet','828717402','oAKQE0boz','cjammetbm',NULL,419,NULL),('customer',445,NULL,'rsupplebn@e-recht24.de','Ronnica','0643961818','Supple','520823583','kGlASzaBCv0F','rsupplebn',NULL,420,NULL),('customer',446,NULL,'rjeffryesbo@cnn.com','Reid','0606232208','Jeffryes','431361298','grq4Cj5P2JVy','rjeffryesbo',NULL,421,NULL),('customer',447,NULL,'billembp@ehow.com','Benedict','0654172643','Illem','192725087','GT2vYhE','billembp',NULL,422,NULL),('customer',448,NULL,'crobbinsbq@amazonaws.com','Cosimo','0630249433','Robbins','523131108','g4gtev','crobbinsbq',NULL,423,NULL),('customer',449,NULL,'gjinabr@shutterfly.com','Glennis','0633591592','Jina','471986783','kYWTZ8','gjinabr',NULL,424,NULL),('customer',450,NULL,'jferberbs@bravesites.com','Jeannine','0642867266','Ferber','804781937','GkLigz','jferberbs',NULL,425,NULL),('customer',451,NULL,'wjinkinsbt@bigcartel.com','Winnie','0687353626','Jinkins','445415313','hAnG9fpGF','wjinkinsbt',NULL,426,NULL),('customer',452,NULL,'arosendalebu@senate.gov','Ardenia','0633278007','Rosendale','743315877','LWsPW9','arosendalebu',NULL,427,NULL),('customer',453,NULL,'kdunnebv@wordpress.com','Kelila','0691781447','Dunne','184658977','Ratpc1','kdunnebv',NULL,428,NULL),('customer',454,NULL,'lharnwellbw@princeton.edu','Loise','0624867658','Harnwell','359595555','hM8iU8tbJH','lharnwellbw',NULL,429,NULL),('customer',455,NULL,'mgalliennebx@dagondesign.com','Maggie','0616574375','Gallienne','121396645','fm7L6PDYtn','mgalliennebx',NULL,430,NULL),('customer',456,NULL,'dmateikoby@zdnet.com','Delmer','0694592470','Mateiko','459854978','kAuuyIU0sBC','dmateikoby',NULL,431,NULL),('customer',457,NULL,'tshatliffebz@wufoo.com','Tracy','0606520635','Shatliffe','192632922','Uru67Lok','tshatliffebz',NULL,432,NULL),('customer',458,NULL,'mkemmec0@mayoclinic.com','Maxie','0670526677','Kemme','755753330','LjavWUb6ex','mkemmec0',NULL,433,NULL),('customer',459,NULL,'rdufaurc1@deviantart.com','Rea','0624355389','Dufaur','348919249','8eqqpc8O030','rdufaurc1',NULL,434,NULL),('customer',460,NULL,'fstedellc2@hatena.ne.jp','Francine','0655325316','Stedell','806470598','3PCgD8s3','fstedellc2',NULL,435,NULL),('customer',461,NULL,'swilacotc3@tamu.edu','Sandie','0679509116','Wilacot','145612881','duSBsoMyV','swilacotc3',NULL,436,NULL),('customer',462,NULL,'tparvinc4@themeforest.net','Teador','0672490321','Parvin','303125877','gr3pFldgdF','tparvinc4',NULL,437,NULL),('customer',463,NULL,'rtydemanc5@example.com','Robin','0669768831','Tydeman','590680414','0FWCDOXJ0PP','rtydemanc5',NULL,438,NULL),('customer',464,NULL,'msplevinsc6@ftc.gov','Mercedes','0624185492','Splevins','810990872','YEtbwOlBlogh','msplevinsc6',NULL,439,NULL),('customer',465,NULL,'erosenscheinc7@moonfruit.com','Eadie','0601315585','Rosenschein','494808832','75KNylxFvN3','erosenscheinc7',NULL,440,NULL),('customer',466,NULL,'tbengtssonc8@cisco.com','Tina','0636882585','Bengtsson','446319587','PLMKmBEnza','tbengtssonc8',NULL,441,NULL),('customer',467,NULL,'adeschleinc9@cisco.com','Artus','0682433086','Deschlein','902134199','ZdKqC8Z','adeschleinc9',NULL,442,NULL),('customer',468,NULL,'lmanzellca@creativecommons.org','Lorrie','0642115363','Manzell','940069683','FhLaeAVT','lmanzellca',NULL,443,NULL),('customer',469,NULL,'bcuthillcb@biglobe.ne.jp','Brandea','0615841004','Cuthill','632708379','Wy0vBO0','bcuthillcb',NULL,444,NULL),('customer',470,NULL,'ehalfacreecc@cocolog-nifty.com','Elias','0677609514','Halfacree','947166216','wHo9UPhE','ehalfacreecc',NULL,445,NULL),('customer',471,NULL,'dturnpennycd@storify.com','Denney','0662182241','Turnpenny','912653597','9K5Oz88lKHaT','dturnpennycd',NULL,446,NULL),('customer',472,NULL,'mstaigce@patch.com','Maurita','0695200945','Staig','144675579','k6sB5gou7','mstaigce',NULL,447,NULL),('customer',473,NULL,'ethomkecf@reverbnation.com','Ericka','0618448796','Thomke','176440181','e6hswA','ethomkecf',NULL,448,NULL),('customer',474,NULL,'mwhitleycg@reference.com','Marja','0697540708','Whitley','312201316','WnBnramqeUY','mwhitleycg',NULL,449,NULL),('customer',475,NULL,'ejirasekch@usatoday.com','Edee','0663569590','Jirasek','876211431','ZlhOzkPxLSXe','ejirasekch',NULL,450,NULL),('customer',476,NULL,'rnormandaleci@vistaprint.com','Rubia','0636669422','Normandale','291832175','1uTHzV0W','rnormandaleci',NULL,451,NULL),('customer',477,NULL,'kridoutcj@free.fr','Kilian','0647685947','Ridout','605466914','Ks7iUC','kridoutcj',NULL,452,NULL),('customer',478,NULL,'tramsierck@wordpress.com','Tannie','0684941846','Ramsier','357182656','zCBiojB38','tramsierck',NULL,453,NULL),('customer',479,NULL,'dguerreirocl@alexa.com','Denni','0661814029','Guerreiro','759991580','jlIuBqxF','dguerreirocl',NULL,454,NULL),('customer',480,NULL,'jcaselcm@sina.com.cn','Josephina','0649308838','Casel','479403451','zEtuqGa6MT','jcaselcm',NULL,455,NULL),('customer',481,NULL,'cohmscn@goo.gl','Constantin','0639685098','Ohms','743750641','PvjrJ0Qwkuz1','cohmscn',NULL,456,NULL),('customer',482,NULL,'lstutardco@csmonitor.com','Luigi','0626149485','Stutard','884474743','VNyArSnXcTIA','lstutardco',NULL,457,NULL),('customer',483,NULL,'headycp@webmd.com','Henrik','0694982539','Eady','122529775','W1J46bScxtvs','headycp',NULL,458,NULL),('customer',484,NULL,'elearoidcq@businesswire.com','Evangelin','0635636751','Learoid','459417646','BSSm7ND','elearoidcq',NULL,459,NULL),('customer',485,NULL,'ipetzcr@symantec.com','Iris','0622190858','Petz','677264501','0T6yJjoybr','ipetzcr',NULL,460,NULL),('customer',486,NULL,'mbenningtoncs@whitehouse.gov','Maura','0659403271','Bennington','342927177','bKYv3HLCu','mbenningtoncs',NULL,461,NULL),('customer',487,NULL,'sislipct@paginegialle.it','Svend','0624454456','Islip','520236023','3gFyA8Dn0xw','sislipct',NULL,462,NULL),('customer',488,NULL,'tortellscu@edublogs.org','Taylor','0620062644','Ortells','589129269','PRK9EiCxw','tortellscu',NULL,463,NULL),('customer',489,NULL,'lberkscv@aboutads.info','Lorne','0644961139','Berks','108173574','t0P2SCl4SfK','lberkscv',NULL,464,NULL),('customer',490,NULL,'gkynetoncw@moonfruit.com','Gilberto','0643646436','Kyneton','429390239','BdC9RMbIa','gkynetoncw',NULL,465,NULL),('customer',491,NULL,'bdanielicx@unc.edu','Bruis','0650768134','Danieli','915894581','p6WNBI','bdanielicx',NULL,466,NULL),('customer',492,NULL,'mchapellowcy@barnesandnoble.com','Matthiew','0652675000','Chapellow','521121268','om3UEe1','mchapellowcy',NULL,467,NULL),('customer',493,NULL,'zschuttercz@goo.gl','Zacharias','0666068736','Schutter','435438576','1yAFh00','zschuttercz',NULL,468,NULL),('customer',494,NULL,'fmccarrolld0@samsung.com','Falkner','0664346100','Mc Carroll','430876675','dqTmXunzi6vE','fmccarrolld0',NULL,469,NULL),('customer',495,NULL,'cerikd1@typepad.com','Camila','0603543352','Erik','429396659','LZlTxJpb77','cerikd1',NULL,470,NULL),('customer',496,NULL,'bdupland2@google.pl','Bill','0685006969','Duplan','461647442','2KT8DJdUR4N7','bdupland2',NULL,471,NULL),('customer',497,NULL,'ymckelveyd3@com.com','Yulma','0624979244','McKelvey','311354090','h2fwe1hfnHJ','ymckelveyd3',NULL,472,NULL),('customer',498,NULL,'demord4@utexas.edu','Deeann','0624123363','Emor','343463579','B0Lnpu','demord4',NULL,473,NULL),('customer',499,NULL,'aibled5@photobucket.com','Alexio','0614976544','Ible','360677338','iMzUba','aibled5',NULL,474,NULL),('customer',500,NULL,'ceverleyd6@businessweek.com','Cecilia','0657215190','Everley','031556862','75Hqw9Pk','ceverleyd6',NULL,475,NULL),('customer',501,NULL,'mrimmerd7@wunderground.com','Meridith','0612409706','Rimmer','246933524','MSDA9qdOaw','mrimmerd7',NULL,476,NULL),('customer',502,NULL,'lcooted8@pbs.org','Leigh','0619662195','Coote','407961383','KDegd8ZQsEii','lcooted8',NULL,477,NULL),('customer',503,NULL,'rtaksd9@qq.com','Renell','0668370852','Taks','078714020','ue3iAL','rtaksd9',NULL,478,NULL),('customer',504,NULL,'kharradineda@netvibes.com','Korie','0661329001','Harradine','183824720','iKcxaJp3gYH','kharradineda',NULL,479,NULL),('customer',505,NULL,'dormonddb@twitpic.com','Dorotea','0694843236','Ormond','615454599','VERUEoJj','dormonddb',NULL,480,NULL),('customer',506,NULL,'bwinthropdc@marriott.com','Bathsheba','0669409428','Winthrop','339296127','P4C5WDegQAQF','bwinthropdc',NULL,481,NULL),('customer',507,NULL,'erandalstondd@netvibes.com','Eadmund','0600705684','Randalston','656594037','IxbQBBFAkcB','erandalstondd',NULL,482,NULL),('customer',508,NULL,'hiowarchde@alexa.com','Hakeem','0636609596','Iowarch','856057911','ByVj0nBdOf5v','hiowarchde',NULL,483,NULL),('customer',509,NULL,'lbeilbydf@gnu.org','Lamont','0630021814','Beilby','083350115','bcAIi2za','lbeilbydf',NULL,484,NULL),('customer',510,NULL,'cconnettdg@weebly.com','Claus','0614063937','Connett','910154880','ggFWPNDC','cconnettdg',NULL,485,NULL),('customer',511,NULL,'msurgisondh@taobao.com','Marielle','0650103241','Surgison','105257978','v9i3DPW0Vb','msurgisondh',NULL,486,NULL),('customer',512,NULL,'bvargasdi@w3.org','Burk','0685660535','Vargas','799480341','FVNSl45n','bvargasdi',NULL,487,NULL),('customer',513,NULL,'tjeayesdj@myspace.com','Tab','0670024767','Jeayes','567240304','sj3b4tO','tjeayesdj',NULL,488,NULL),('customer',514,NULL,'jcowplanddk@google.it','Joana','0616859286','Cowpland','742292498','bYchQx','jcowplanddk',NULL,489,NULL),('customer',515,NULL,'igammetdl@soup.io','Izabel','0633415926','Gammet','098648224','xZ2fFw','igammetdl',NULL,490,NULL),('customer',516,NULL,'acrolladm@bbc.co.uk','Adrien','0654544690','Crolla','785421575','NBNsEMIo2v','acrolladm',NULL,491,NULL),('customer',517,NULL,'cchappledn@google.nl','Cyndia','0621661045','Chapple','845714837','aSJn5QWE','cchappledn',NULL,492,NULL),('customer',518,NULL,'cstobbsdo@eventbrite.com','Cazzie','0613140838','Stobbs','062072417','qLDcaC9UM','cstobbsdo',NULL,493,NULL),('customer',519,NULL,'eshergilldp@multiply.com','Erv','0674721900','Shergill','808422023','mnKbcNYcri','eshergilldp',NULL,494,NULL),('customer',520,NULL,'rbiglindq@opensource.org','Rebecca','0684282717','Biglin','034127750','iJi6ZodO','rbiglindq',NULL,495,NULL),('customer',521,NULL,'fickowicsdr@upenn.edu','Fiann','0616557079','Ickowics','810710185','jGVOpfy','fickowicsdr',NULL,496,NULL),('customer',522,NULL,'wpickaverds@dmoz.org','Willie','0620464583','Pickaver','854688464','m31adA','wpickaverds',NULL,497,NULL),('customer',523,NULL,'vlindenfelddt@domainmarket.com','Virgina','0688135952','Lindenfeld','279384295','e6zl4jXRROF','vlindenfelddt',NULL,498,NULL),('customer',524,NULL,'ipinadu@uiuc.edu','Iggy','0697966027','Pina','248216036','PdrNVV6Yi','ipinadu',NULL,499,NULL),('customer',525,NULL,'cmacdearmiddv@odnoklassniki.ru','Celestyna','0602694105','MacDearmid','595560799','ROqgtrqC2','cmacdearmiddv',NULL,500,NULL),('customer',526,NULL,'bachromovdw@phoca.cz','Binnie','0681572502','Achromov','310701683','QWb13Y','bachromovdw',NULL,501,NULL),('customer',527,NULL,'llemonnierdx@usgs.gov','Leigha','0612666757','Le Monnier','255357459','lwKin72WFdzT','llemonnierdx',NULL,502,NULL),('customer',528,NULL,'mmullarddy@pinterest.com','Mair','0690017045','Mullard','493588462','Pweivc','mmullarddy',NULL,503,NULL),('customer',529,NULL,'wvanichevdz@nasa.gov','Winfield','0627781021','Vanichev','980824893','ukDUdqc','wvanichevdz',NULL,504,NULL),('customer',530,NULL,'tsprigingse0@list-manage.com','Trevar','0642322411','Sprigings','216740501','jpUYqYP','tsprigingse0',NULL,505,NULL),('customer',531,NULL,'bfuentee1@thetimes.co.uk','Brittani','0687187569','Fuente','887027335','Ok3D9z5gr','bfuentee1',NULL,506,NULL),('customer',532,NULL,'jnicee2@google.ru','Jard','0638937724','Nice','210270702','Hwm7nEONsq','jnicee2',NULL,507,NULL),('customer',533,NULL,'ddrucee3@narod.ru','Danita','0687688497','Druce','998790206','gZBGeW','ddrucee3',NULL,508,NULL),('customer',534,NULL,'bcremine4@nytimes.com','Bella','0603639019','Cremin','631199138','2umH3jJN','bcremine4',NULL,509,NULL),('customer',535,NULL,'nbaude5@elpais.com','Nerti','0656667948','Baud','051780653','IMTETOUS','nbaude5',NULL,510,NULL),('customer',536,NULL,'aodamse6@apache.org','Alexandro','0652697876','Odams','969405231','6b4vdGUPE8q','aodamse6',NULL,511,NULL),('customer',537,NULL,'gcarloe7@discuz.net','Gretal','0604406566','Carlo','920094042','hXP2fi67t','gcarloe7',NULL,512,NULL),('customer',538,NULL,'jraimane8@typepad.com','Jorey','0632818844','Raiman','308543993','uya3Ar61','jraimane8',NULL,513,NULL),('customer',539,NULL,'rhumfreye9@joomla.org','Rosina','0693478713','Humfrey','544966013','4RfXXY7UKm','rhumfreye9',NULL,514,NULL),('customer',540,NULL,'sskipperbottomea@epa.gov','Stormy','0642143864','Skipperbottom','091301835','iWVynX5D7','sskipperbottomea',NULL,515,NULL),('customer',541,NULL,'lfermoyeb@ox.ac.uk','Leslie','0607695116','Fermoy','220700357','gTDrpw','lfermoyeb',NULL,516,NULL),('customer',542,NULL,'jraundsec@google.ca','Jodee','0693090004','Raunds','834416594','NiYgjk','jraundsec',NULL,517,NULL),('customer',543,NULL,'gmccaughrened@jigsy.com','Gerda','0644241144','McCaughren','083759282','SzrI6wGFYUx','gmccaughrened',NULL,518,NULL),('customer',544,NULL,'rrevettee@state.gov','Raine','0669549796','Revett','341565026','tbJgiDD','rrevettee',NULL,519,NULL),('customer',545,NULL,'rmcdonoghef@addthis.com','Ravid','0657843924','McDonogh','719427718','lKm9Mury0','rmcdonoghef',NULL,520,NULL),('customer',546,NULL,'gjerzakeg@tmall.com','Garvin','0661938278','Jerzak','197816721','ADazwZ5o','gjerzakeg',NULL,521,NULL),('customer',547,NULL,'mskittleseh@canalblog.com','Marieann','0644583834','Skittles','898455139','9wosw8L','mskittleseh',NULL,522,NULL),('customer',548,NULL,'cbaldreyei@foxnews.com','Chrisse','0649354117','Baldrey','578259637','ouJp52O0Nn','cbaldreyei',NULL,523,NULL),('customer',549,NULL,'ugreenrodej@google.pl','Uta','0670841070','Greenrod','931826548','X7U1rQbu','ugreenrodej',NULL,524,NULL),('customer',550,NULL,'kheiferek@geocities.jp','Kayne','0673677749','Heifer','401795101','I8G1bVre','kheiferek',NULL,525,NULL),('customer',551,NULL,'dpulsterel@uiuc.edu','Denny','0610221992','Pulster','636257053','l55Ot56','dpulsterel',NULL,526,NULL),('customer',552,NULL,'hrampageem@vinaora.com','Holden','0672899399','Rampage','502911414','yaaAmZz15','hrampageem',NULL,527,NULL),('customer',553,NULL,'aburnepen@xinhuanet.com','Ailene','0615202596','Burnep','629286812','wHHwn2m6Uz','aburnepen',NULL,528,NULL),('customer',554,NULL,'jyegorchenkoveo@huffingtonpost.com','Jeremias','0625630464','Yegorchenkov','663336172','1BQEMTprqBY','jyegorchenkoveo',NULL,529,NULL),('customer',555,NULL,'akehirep@unesco.org','Annetta','0694119648','Kehir','780501359','qH3CLrjJT','akehirep',NULL,530,NULL),('customer',556,NULL,'oguichardeq@infoseek.co.jp','Oran','0647875008','Guichard','060249412','TCzOny64','oguichardeq',NULL,531,NULL),('customer',557,NULL,'kmarveler@fema.gov','Kathryn','0694346663','Marvel','869552515','PZk5Vl0Iar','kmarveler',NULL,532,NULL),('customer',558,NULL,'ccargilles@lulu.com','Conny','0654394497','Cargill','613861113','oNwSe7yLEQnW','ccargilles',NULL,533,NULL),('customer',559,NULL,'dsetchellet@unicef.org','Dolorita','0631979110','Setchell','129061273','kZ0LELrSo5a','dsetchellet',NULL,534,NULL),('customer',560,NULL,'nclaweeu@ftc.gov','Nessy','0661137962','Clawe','002049482','RN81qpKKwLd','nclaweeu',NULL,535,NULL),('customer',561,NULL,'jamberev@ebay.com','Junina','0666253173','Amber','511917198','KCtVYAfnjF','jamberev',NULL,536,NULL),('customer',562,NULL,'bludlammeew@spotify.com','Bucky','0654273998','Ludlamme','718812921','QX0dsY67','bludlammeew',NULL,537,NULL),('customer',563,NULL,'corsex@bizjournals.com','Cody','0640273205','Ors','272049541','nXQxGmOb','corsex',NULL,538,NULL),('customer',564,NULL,'hsellmaney@microsoft.com','Hymie','0669622606','Sellman','476719260','JlECJ2','hsellmaney',NULL,539,NULL),('customer',565,NULL,'scottesfordez@parallels.com','Shaylynn','0651856018','Cottesford','203463197','BYCMGkKaS','scottesfordez',NULL,540,NULL),('customer',566,NULL,'ctouseyf0@unicef.org','Carolyne','0690143525','Tousey','776431640','pDO2En','ctouseyf0',NULL,541,NULL),('customer',567,NULL,'edreelanf1@hugedomains.com','Erek','0632438773','Dreelan','227467016','dRJwKMoL','edreelanf1',NULL,542,NULL),('customer',568,NULL,'imebesf2@paginegialle.it','Ingram','0669453207','Mebes','744928778','tewYLJXL','imebesf2',NULL,543,NULL),('customer',569,NULL,'fstuchburief3@jigsy.com','Falkner','0626366177','Stuchburie','783603393','8WFX4Ls','fstuchburief3',NULL,544,NULL),('customer',570,NULL,'mwinteringhamf4@slate.com','Mariette','0677377180','Winteringham','281272299','7D8kRvnXG','mwinteringhamf4',NULL,545,NULL),('customer',571,NULL,'dstrowtherf5@nydailynews.com','Dugald','0670624137','Strowther','342217733','aUPH1lDS','dstrowtherf5',NULL,546,NULL),('customer',572,NULL,'adegregariof6@bandcamp.com','Annalise','0621381121','De Gregario','951992939','rCzYybT','adegregariof6',NULL,547,NULL),('customer',573,NULL,'pbirtleyf7@theatlantic.com','Putnam','0690395332','Birtley','792602239','fW81LA4V','pbirtleyf7',NULL,548,NULL),('customer',574,NULL,'jfavelf8@upenn.edu','Janey','0602508190','Favel','574139783','Iudnpt','jfavelf8',NULL,549,NULL),('customer',575,NULL,'vsimakf9@jimdo.com','Vere','0649851491','Simak','776645530','I2Gq3Prx4Js','vsimakf9',NULL,550,NULL),('customer',576,NULL,'halsfordfa@mtv.com','Hayden','0697385138','Alsford','858831944','D4lQvwRHpvP','halsfordfa',NULL,551,NULL),('customer',577,NULL,'blyndonfb@taobao.com','Brigid','0664280019','Lyndon','410417099','ZeA4D9Ft','blyndonfb',NULL,552,NULL),('customer',578,NULL,'ocommanderfc@indiegogo.com','Oona','0619561215','Commander','145249544','sMnSqBQe','ocommanderfc',NULL,553,NULL),('customer',579,NULL,'cparsonsfd@360.cn','Consolata','0649453054','Parsons','383607512','BqlUTwEKa1','cparsonsfd',NULL,554,NULL),('customer',580,NULL,'qleadstonfe@nhs.uk','Quintin','0670660441','Leadston','054042882','uzpHojEcs31','qleadstonfe',NULL,555,NULL),('customer',581,NULL,'tadkinsff@arizona.edu','Tore','0620184541','Adkins','166448311','buVy9Ti','tadkinsff',NULL,556,NULL),('customer',582,NULL,'solesenfg@tamu.edu','Sher','0683078449','Olesen','914419270','QKZOaBS3cm','solesenfg',NULL,557,NULL),('customer',583,NULL,'bschoolingfh@printfriendly.com','Bess','0694037513','Schooling','354654390','f22ahBO','bschoolingfh',NULL,558,NULL),('customer',584,NULL,'gcanafi@creativecommons.org','Gerianna','0665654770','Cana','531320115','tWKtEoQhv','gcanafi',NULL,559,NULL),('customer',585,NULL,'ppordalfj@disqus.com','Philipa','0631053413','Pordal','013503828','pVxSorTn','ppordalfj',NULL,560,NULL),('customer',586,NULL,'kmarrisfk@redcross.org','Kania','0606958481','Marris','534038493','iZJ0bmlS','kmarrisfk',NULL,561,NULL),('customer',587,NULL,'cpriddiefl@newyorker.com','Carline','0611029092','Priddie','084340399','eEnsUb4','cpriddiefl',NULL,562,NULL),('customer',588,NULL,'ddemetzfm@cnbc.com','Darrick','0657146583','De Metz','803922964','OBht36','ddemetzfm',NULL,563,NULL),('customer',589,NULL,'dlafayettefn@lycos.com','Dukey','0638948637','Lafayette','962249740','rXYw3sGmifjJ','dlafayettefn',NULL,564,NULL),('customer',590,NULL,'eduggonfo@apache.org','Ely','0629862267','Duggon','317166064','caura9SBb','eduggonfo',NULL,565,NULL),('customer',591,NULL,'ejobbingsfp@drupal.org','Efren','0624827033','Jobbings','518659170','cRJ9y6ss8R','ejobbingsfp',NULL,566,NULL),('customer',592,NULL,'ijeffreefq@tmall.com','Irving','0649634850','Jeffree','122710152','1B942qPa0YF6','ijeffreefq',NULL,567,NULL),('customer',593,NULL,'pdyfr@goo.gl','Peria','0600520001','Dy','642139445','GcwlD4X93','pdyfr',NULL,568,NULL),('customer',594,NULL,'agregorifs@sciencedirect.com','Anatol','0636183762','Gregori','021172009','D0LH31ig1LB9','agregorifs',NULL,569,NULL),('customer',595,NULL,'ltuckettft@ftc.gov','Ladonna','0637476003','Tuckett','991036910','7fuAyLkk','ltuckettft',NULL,570,NULL),('customer',596,NULL,'kdrohanfu@twitpic.com','Kahaleel','0685368327','Drohan','252990218','KB929KL8IV','kdrohanfu',NULL,571,NULL),('customer',597,NULL,'brapefv@pagesperso-orange.fr','Bernette','0653786087','Rape','585475005','PW7XQ58Q','brapefv',NULL,572,NULL),('customer',598,NULL,'aklemensiewiczfw@techcrunch.com','Arabella','0636118259','Klemensiewicz','215768648','NGbLsAGWC','aklemensiewiczfw',NULL,573,NULL),('customer',599,NULL,'cskeechfx@macromedia.com','Casey','0675051253','Skeech','638746354','X3oveH2gA3','cskeechfx',NULL,574,NULL),('customer',600,NULL,'jbuckiefy@lulu.com','Junina','0699355987','Buckie','765266459','bwRMu6A','jbuckiefy',NULL,575,NULL),('customer',601,NULL,'yeasdonfz@digg.com','Yard','0681958376','Easdon','376426320','00wD5a0t','yeasdonfz',NULL,576,NULL),('customer',602,NULL,'icharlog0@google.co.jp','Izabel','0601288610','Charlo','345721273','NZG3If0','icharlog0',NULL,577,NULL),('customer',603,NULL,'msterrickg1@marketwatch.com','Marita','0698693500','Sterrick','737977851','2tiLVLFWF','msterrickg1',NULL,578,NULL),('customer',604,NULL,'rbaxterg2@yahoo.co.jp','Ramon','0617801328','Baxter','086869189','qkFBE0','rbaxterg2',NULL,579,NULL),('customer',605,NULL,'jjuzag3@uol.com.br','Jarid','0624235533','Juza','624708223','S65ZaTdwAJT','jjuzag3',NULL,580,NULL),('customer',606,NULL,'rscarisbrickg4@sina.com.cn','Rodolfo','0610590311','Scarisbrick','921958723','BGjFvhz','rscarisbrickg4',NULL,581,NULL),('customer',607,NULL,'lbinnsg5@samsung.com','Lucy','0641864373','Binns','981473556','OQU04fa7h7','lbinnsg5',NULL,582,NULL),('customer',608,NULL,'jeverestg6@sourceforge.net','Juditha','0652766148','Everest','396121477','jvTTszXoark','jeverestg6',NULL,583,NULL),('customer',609,NULL,'ckinghamg7@chronoengine.com','Cirillo','0690087963','Kingham','208732524','YMcyrISO0','ckinghamg7',NULL,584,NULL),('customer',610,NULL,'hchazotteg8@nsw.gov.au','Herve','0607524794','Chazotte','319414156','8Cqqo5jVC','hchazotteg8',NULL,585,NULL),('customer',611,NULL,'dtrinerg9@blogger.com','Dill','0678203496','Triner','445316926','yMcWUrPj','dtrinerg9',NULL,586,NULL),('customer',612,NULL,'dgrishmanovga@ucla.edu','Darci','0693165100','Grishmanov','824170951','XGspVe1','dgrishmanovga',NULL,587,NULL),('customer',613,NULL,'ecuddehygb@foxnews.com','Emmeline','0673260817','Cuddehy','800751191','OHJfbE','ecuddehygb',NULL,588,NULL),('customer',614,NULL,'rshowersgc@aol.com','Raul','0628571100','Showers','139679078','bEqfody','rshowersgc',NULL,589,NULL),('customer',615,NULL,'smarthengd@xinhuanet.com','Sadella','0606662808','Marthen','530141444','eRYoQL0vDuQ','smarthengd',NULL,590,NULL),('customer',616,NULL,'mjovicicge@4shared.com','Mallorie','0637418507','Jovicic','812401407','iKJRAf60rdA','mjovicicge',NULL,591,NULL),('customer',617,NULL,'ebrettonergf@plala.or.jp','Eldon','0660965088','Brettoner','354307421','sVgDAOkci5','ebrettonergf',NULL,592,NULL),('customer',618,NULL,'kleckenbygg@paginegialle.it','Kary','0647638912','Leckenby','383036356','lfSrfC','kleckenbygg',NULL,593,NULL),('customer',619,NULL,'pvinckgh@nba.com','Pamella','0607689431','Vinck','861619464','M4uWeuF','pvinckgh',NULL,594,NULL),('customer',620,NULL,'tcavengi@domainmarket.com','Tedie','0632462416','Caven','482186403','vSQm6jC1','tcavengi',NULL,595,NULL),('customer',621,NULL,'mlemarchantgj@sciencedaily.com','Martin','0665143518','Le Marchant','148327352','FibXVU','mlemarchantgj',NULL,596,NULL),('customer',622,NULL,'ajordesongk@umich.edu','Ailis','0621838931','Jordeson','885517883','JYnDC1bGgDb','ajordesongk',NULL,597,NULL),('customer',623,NULL,'rvannahgl@uiuc.edu','Rebeka','0697899344','Vannah','073890556','Hxja6Ma78','rvannahgl',NULL,598,NULL),('customer',624,NULL,'lbenesevichgm@buzzfeed.com','Latisha','0693263999','Benesevich','994548024','wKtiBWmcn','lbenesevichgm',NULL,599,NULL),('customer',625,NULL,'fcluleegn@bravesites.com','Freddie','0621610365','Clulee','016570997','eGjdGcBz','fcluleegn',NULL,600,NULL),('customer',626,NULL,'mdeygo@vimeo.com','Marika','0643073575','Dey','791190283','VA1nv7dWpwQ','mdeygo',NULL,601,NULL),('customer',627,NULL,'rgherardigp@utexas.edu','Riley','0633466434','Gherardi','202981799','SlImcv3M','rgherardigp',NULL,602,NULL),('customer',628,NULL,'sburgotgq@themeforest.net','Salim','0618987707','Burgot','044470320','Ais719a9','sburgotgq',NULL,603,NULL),('customer',629,NULL,'egorigr@salon.com','Erek','0684332975','Gori','106211377','5kwdAJq0n','egorigr',NULL,604,NULL),('customer',630,NULL,'dtumasiangs@washington.edu','Denni','0640443106','Tumasian','221093044','kgxdQzG','dtumasiangs',NULL,605,NULL),('customer',631,NULL,'pbabonaugt@xing.com','Prent','0669025628','Babonau','167356899','d6dGqqqwZx4m','pbabonaugt',NULL,606,NULL),('customer',632,NULL,'mloraitgu@howstuffworks.com','Matti','0602482946','Lorait','563064820','xPMQ8Ut8sN6g','mloraitgu',NULL,607,NULL),('customer',633,NULL,'pboasgv@msu.edu','Pammi','0609431916','Boas','298835481','2zKfqQB','pboasgv',NULL,608,NULL),('customer',634,NULL,'hmactavishgw@odnoklassniki.ru','Henrie','0606933146','MacTavish','063954832','TycTaJOfKc1r','hmactavishgw',NULL,609,NULL),('customer',635,NULL,'mmackillgx@newsvine.com','Montgomery','0641373929','MacKill','847252861','QX1VEz','mmackillgx',NULL,610,NULL),('customer',636,NULL,'dpitkingy@fotki.com','Des','0670551894','Pitkin','310473056','k4R5DrY3k','dpitkingy',NULL,611,NULL),('customer',637,NULL,'dbedengz@opensource.org','Dynah','0631804207','Beden','943051532','HOU82m5snUMP','dbedengz',NULL,612,NULL),('customer',638,NULL,'sbynoldh0@digg.com','Sydney','0606607626','Bynold','361061942','b75s1j','sbynoldh0',NULL,613,NULL),('customer',639,NULL,'sfriseh1@biblegateway.com','Saleem','0699878257','Frise','319018903','mZP0bgc','sfriseh1',NULL,614,NULL),('customer',640,NULL,'bgroucockh2@weebly.com','Bettine','0640794556','Groucock','919799309','SDeHwnFs','bgroucockh2',NULL,615,NULL),('customer',641,NULL,'fgrigsonh3@weibo.com','Fiona','0680948510','Grigson','828480971','j00mDdacN','fgrigsonh3',NULL,616,NULL),('customer',642,NULL,'ketchesh4@npr.org','Karoline','0657770615','Etches','270194983','kHhRVbTi','ketchesh4',NULL,617,NULL),('customer',643,NULL,'dlongboneh5@exblog.jp','Dyna','0639921621','Longbone','965471003','6CX4CPmdhg','dlongboneh5',NULL,618,NULL),('customer',644,NULL,'arambergh6@networksolutions.com','Abrahan','0646768048','Ramberg','813457896','s4Hgi8asLv','arambergh6',NULL,619,NULL),('customer',645,NULL,'mmartellinih7@howstuffworks.com','Mariana','0675919099','Martellini','652946236','I7xY1bSrt','mmartellinih7',NULL,620,NULL),('customer',646,NULL,'theinkeh8@icq.com','Tracy','0682889024','Heinke','111798187','T9qnWL7Id8','theinkeh8',NULL,621,NULL),('customer',647,NULL,'cmenendesh9@godaddy.com','Constantino','0648707444','Menendes','939817834','ynX8U4kny','cmenendesh9',NULL,622,NULL),('customer',648,NULL,'dandreolliha@cafepress.com','Dennie','0680312335','Andreolli','059824063','1Pa1t66m','dandreolliha',NULL,623,NULL),('customer',649,NULL,'gstickneyhb@desdev.cn','Guillaume','0680867970','Stickney','378057966','lHvOroqR','gstickneyhb',NULL,624,NULL),('customer',650,NULL,'jrobelethc@comcast.net','Jermayne','0653953898','Robelet','526948635','0O1SqX0u3V','jrobelethc',NULL,625,NULL),('customer',651,NULL,'jabysshd@php.net','Jacquelyn','0698939204','Abyss','292790582','DgD859ZosA','jabysshd',NULL,626,NULL),('customer',652,NULL,'lvannhe@stumbleupon.com','Luciana','0643029990','Vann','491160258','xYyryGjF8pu','lvannhe',NULL,627,NULL),('customer',653,NULL,'bscotlandhf@gov.uk','Bowie','0661940461','Scotland','611213314','NYinRK','bscotlandhf',NULL,628,NULL),('customer',654,NULL,'jmawdsleyhg@bbb.org','Joey','0612199423','Mawdsley','927233414','CYZZrt6ktB','jmawdsleyhg',NULL,629,NULL),('customer',655,NULL,'gvokeshh@simplemachines.org','Gage','0639040962','Vokes','179363429','agwBWDUXb6ui','gvokeshh',NULL,630,NULL),('customer',656,NULL,'rdennyhi@woothemes.com','Roslyn','0678210208','Denny','648676732','73dkUw9Hiy','rdennyhi',NULL,631,NULL),('customer',657,NULL,'zastiehj@sitemeter.com','Zelma','0654018807','Astie','292042698','eT1ZPoi','zastiehj',NULL,632,NULL),('customer',658,NULL,'btitcumbhk@sphinn.com','Bentley','0625907633','Titcumb','135273599','lvtFfT','btitcumbhk',NULL,633,NULL),('customer',659,NULL,'eerbehl@ezinearticles.com','Evin','0693514962','Erbe','437088686','9hEQv3','eerbehl',NULL,634,NULL),('customer',660,NULL,'rdunbletonhm@patch.com','Rayna','0613534205','Dunbleton','203236092','EiSAGrFFVnnS','rdunbletonhm',NULL,635,NULL),('customer',661,NULL,'gcaddanhn@admin.ch','Giralda','0607240574','Caddan','502630171','73WJ5taPBT','gcaddanhn',NULL,636,NULL),('customer',662,NULL,'zjarmynho@boston.com','Zara','0676780388','Jarmyn','028428009','ORBI4YKw1L','zjarmynho',NULL,637,NULL),('customer',663,NULL,'rstationhp@huffingtonpost.com','Rancell','0637283122','Station','653277747','3Xecf23Bwka','rstationhp',NULL,638,NULL),('customer',664,NULL,'ghigounethq@blogs.com','Giusto','0656867120','Higounet','660540211','qvajLjzeOo','ghigounethq',NULL,639,NULL),('customer',665,NULL,'dlachezehr@deliciousdays.com','Donall','0613082776','Lacheze','687987362','y1rjOjtVnUAP','dlachezehr',NULL,640,NULL),('customer',666,NULL,'amanskehs@china.com.cn','Ashlin','0609023292','Manske','722926162','gS2AA5l','amanskehs',NULL,641,NULL),('customer',667,NULL,'bcurroht@purevolume.com','Briggs','0640986967','Curro','312594266','NGZuMNcR7sj','bcurroht',NULL,642,NULL),('customer',668,NULL,'salbershu@utexas.edu','Sheff','0660736800','Albers','546598279','hvTiKuFeHRCk','salbershu',NULL,643,NULL),('customer',669,NULL,'rcuerdallhv@tripadvisor.com','Roseanna','0632695508','Cuerdall','614191169','Vl9PZFE','rcuerdallhv',NULL,644,NULL),('customer',670,NULL,'isidgwickhw@ucoz.com','Iggy','0695792057','Sidgwick','698367520','5UFdbfrx','isidgwickhw',NULL,645,NULL),('customer',671,NULL,'hlemmehx@examiner.com','Hussein','0674794076','Lemme','196614743','MRif8Mpeh6ct','hlemmehx',NULL,646,NULL),('customer',672,NULL,'hriallhy@hostgator.com','Hersch','0693019904','Riall','809076200','QwBBHBK6','hriallhy',NULL,647,NULL),('customer',673,NULL,'jivanchovhz@businessinsider.com','Jammal','0671757871','Ivanchov','888572614','9Y6ARFZqdGz','jivanchovhz',NULL,648,NULL),('customer',674,NULL,'gduchasteaui0@chicagotribune.com','Gisella','0621443448','Duchasteau','686659526','7OGgmHAoJFA','gduchasteaui0',NULL,649,NULL),('customer',675,NULL,'whallbordi1@deviantart.com','Weston','0651505838','Hallbord','841523803','WFoPKa','whallbordi1',NULL,650,NULL),('customer',676,NULL,'jberi2@ustream.tv','Jed','0629063567','Ber','926625940','wgcOaUeut4r','jberi2',NULL,651,NULL),('customer',677,NULL,'wcockertoni3@php.net','Waneta','0665991499','Cockerton','727940820','KEdWTWsi','wcockertoni3',NULL,652,NULL),('customer',678,NULL,'mgillmani4@examiner.com','Muhammad','0614404337','Gillman','249903002','gNdfNdqF7','mgillmani4',NULL,653,NULL),('customer',679,NULL,'bshelsheri5@mlb.com','Beatrisa','0649261514','Shelsher','659021538','FOtL5m','bshelsheri5',NULL,654,NULL),('customer',680,NULL,'kantoniewskii6@xrea.com','Kessiah','0683825688','Antoniewski','062566191','ap7yawawxU','kantoniewskii6',NULL,655,NULL),('customer',681,NULL,'callkinsi7@desdev.cn','Cassandra','0614922362','Allkins','805737554','E3M08AiXQQMi','callkinsi7',NULL,656,NULL),('customer',682,NULL,'mmacairti8@nytimes.com','Madel','0683523730','MacAirt','290473568','wGrioZK9s','mmacairti8',NULL,657,NULL),('customer',683,NULL,'ssummonsi9@tripadvisor.com','Sebastien','0638446837','Summons','412248049','kDM8G11KF','ssummonsi9',NULL,658,NULL),('customer',684,NULL,'ndeweyia@ucoz.com','Nichols','0652432113','Dewey','129656056','56HMRkEeq1','ndeweyia',NULL,659,NULL),('customer',685,NULL,'mbrookfieldib@abc.net.au','Mady','0686195685','Brookfield','873792863','fWKeLcxt','mbrookfieldib',NULL,660,NULL),('customer',686,NULL,'amoulsdallic@nps.gov','Annamaria','0607775271','Moulsdall','034626925','ovpe1vJw34y','amoulsdallic',NULL,661,NULL),('customer',687,NULL,'tguerraid@sourceforge.net','Tricia','0638341857','Guerra','769928706','Scl7Qx','tguerraid',NULL,662,NULL),('customer',688,NULL,'mroweie@cafepress.com','Maryrose','0611717525','Rowe','422810819','OjVNyaFIY92','mroweie',NULL,663,NULL),('customer',689,NULL,'myarrallif@europa.eu','Minda','0632449191','Yarrall','023380800','jiuEW3','myarrallif',NULL,664,NULL),('customer',690,NULL,'apallentig@state.tx.us','Ag','0678643415','Pallent','252219110','v25Mx4wHF','apallentig',NULL,665,NULL),('customer',691,NULL,'nclenchih@constantcontact.com','Niccolo','0662101180','Clench','234154371','p7pMITi4o','nclenchih',NULL,666,NULL),('customer',692,NULL,'rleithgoeii@blogger.com','Richart','0648792920','Leithgoe','204921593','ryEOjx7','rleithgoeii',NULL,667,NULL),('customer',693,NULL,'djessettij@t-online.de','Dud','0685742811','Jessett','064316520','kMm1HJ8o','djessettij',NULL,668,NULL),('customer',694,NULL,'bgowlettik@buzzfeed.com','Barnabas','0638008281','Gowlett','190462332','nVSbN6X0','bgowlettik',NULL,669,NULL),('customer',695,NULL,'lmaceuril@sciencedaily.com','Livvyy','0606952083','Maceur','790263754','QQETGsF','lmaceuril',NULL,670,NULL),('customer',696,NULL,'bhickim@ucoz.ru','Bunny','0654047243','Hick','087379370','Uk0OyCCz9ZY','bhickim',NULL,671,NULL),('customer',697,NULL,'vmorchin@icq.com','Vivie','0643870510','Morch','789621305','pb8CP5','vmorchin',NULL,672,NULL),('customer',698,NULL,'mrylandio@uiuc.edu','Minerva','0687463117','Ryland','693932629','LJrAhoAZj9','mrylandio',NULL,673,NULL),('customer',699,NULL,'cbaldockip@ca.gov','Cordelie','0694069747','Baldock','894019158','92o7zhMM4uM','cbaldockip',NULL,674,NULL),('customer',700,NULL,'jmalcolmiq@wired.com','Jacintha','0624463653','Malcolm','212262262','SY5YfVjiO','jmalcolmiq',NULL,675,NULL),('customer',701,NULL,'eedmandir@discuz.net','Ellen','0674065741','Edmand','891911030','MpfQPF8aTx','eedmandir',NULL,676,NULL),('customer',702,NULL,'ccapponeeris@hostgator.com','Cher','0630043875','Capponeer','970128100','7COYqMx5','ccapponeeris',NULL,677,NULL),('customer',703,NULL,'mbrunelit@sitemeter.com','Michale','0645967303','Brunel','943390552','jIXSvN','mbrunelit',NULL,678,NULL),('customer',704,NULL,'kbossiu@epa.gov','Karleen','0671248143','Boss','565137446','92z2ttsBK','kbossiu',NULL,679,NULL),('customer',705,NULL,'mgiraudoiv@bing.com','Merle','0683288549','Giraudo','109225538','2nX3JZTFL','mgiraudoiv',NULL,680,NULL),('customer',706,NULL,'bhenkmanniw@weather.com','Brent','0611043121','Henkmann','234789532','ccwUj9AxRhN','bhenkmanniw',NULL,681,NULL),('customer',707,NULL,'ppaulilloix@springer.com','Pepito','0643551470','Paulillo','106459905','PMv4hzivTj16','ppaulilloix',NULL,682,NULL),('customer',708,NULL,'eleirmonthiy@bravesites.com','Ellwood','0677332185','Leirmonth','211495580','kxhKOEl','eleirmonthiy',NULL,683,NULL),('customer',709,NULL,'bolneyiz@mac.com','Budd','0605213599','Olney','516267739','NhEULRKBIawt','bolneyiz',NULL,684,NULL),('customer',710,NULL,'schandlerj0@mozilla.com','Suki','0632637289','Chandler','910111519','QowfMP2fY','schandlerj0',NULL,685,NULL),('customer',711,NULL,'mvayroj1@state.gov','Murvyn','0675152121','Vayro','173109663','u4znNbo','mvayroj1',NULL,686,NULL),('customer',712,NULL,'cmidghallj2@bluehost.com','Cassie','0669960676','Midghall','921404707','tuyItkqq35','cmidghallj2',NULL,687,NULL),('customer',713,NULL,'ysinneyj3@sakura.ne.jp','Yurik','0639708371','Sinney','749790053','1lnTplep','ysinneyj3',NULL,688,NULL),('customer',714,NULL,'mmacalpinj4@sciencedirect.com','Madlin','0641416908','MacAlpin','472321030','G08qdkmLI','mmacalpinj4',NULL,689,NULL),('customer',715,NULL,'esemensj5@furl.net','Ermina','0637641065','Semens','942483582','9suaswVO','esemensj5',NULL,690,NULL),('customer',716,NULL,'tdoerrlingj6@dmoz.org','Tybie','0638640599','Doerrling','049098320','GexaZc','tdoerrlingj6',NULL,691,NULL),('customer',717,NULL,'rdoickj7@over-blog.com','Robby','0609569245','Doick','891986458','ULLS861','rdoickj7',NULL,692,NULL),('customer',718,NULL,'aandricj8@123-reg.co.uk','Aron','0639805997','Andric','517401346','ielHZ0oQ','aandricj8',NULL,693,NULL),('customer',719,NULL,'fhazemanj9@spotify.com','Filippa','0678553161','Hazeman','725109543','veTptmZo0IJi','fhazemanj9',NULL,694,NULL),('customer',720,NULL,'sbastenja@umn.edu','Shea','0686711335','Basten','427127109','84QI9cueyNa','sbastenja',NULL,695,NULL),('customer',721,NULL,'fforteyjb@ebay.com','Freda','0663657832','Fortey','194744871','w41qbovv0w','fforteyjb',NULL,696,NULL),('customer',722,NULL,'thultbergjc@domainmarket.com','Tomasina','0661271535','Hultberg','106908961','iBRGrLc0SL','thultbergjc',NULL,697,NULL),('customer',723,NULL,'lbonderjd@imgur.com','Louie','0602975246','Bonder','878339011','Dhy3Yco','lbonderjd',NULL,698,NULL),('customer',724,NULL,'jcharltonje@addthis.com','Jehanna','0645689122','Charlton','202293746','JS8Ev7kk','jcharltonje',NULL,699,NULL),('customer',725,NULL,'oreadettjf@gravatar.com','Obadias','0635197763','Readett','452899485','MalVrobMlc','oreadettjf',NULL,700,NULL),('customer',726,NULL,'ctwinnjg@jalbum.net','Carlin','0627810072','Twinn','903757678','XPnf2m','ctwinnjg',NULL,701,NULL),('customer',727,NULL,'tventumjh@imageshack.us','Thedric','0646488797','Ventum','798106159','Ec05F2pfv4H6','tventumjh',NULL,702,NULL),('customer',728,NULL,'kboultji@pcworld.com','Ken','0699780945','Boult','259381528','4J6Ve1','kboultji',NULL,703,NULL),('customer',729,NULL,'daldiejj@go.com','Denice','0627659807','Aldie','804752295','zHKEiS','daldiejj',NULL,704,NULL),('customer',730,NULL,'demblemjk@census.gov','Duke','0686701945','Emblem','556118292','OhSWUV','demblemjk',NULL,705,NULL),('customer',731,NULL,'wguynemerjl@blogtalkradio.com','Wilfred','0686802176','Guynemer','346903068','CQQG3M3q','wguynemerjl',NULL,706,NULL),('customer',732,NULL,'edallmannjm@yahoo.com','Eadie','0605467700','Dallmann','997521196','NWAwbbdhR8t','edallmannjm',NULL,707,NULL),('customer',733,NULL,'vscreatonjn@umn.edu','Vivie','0619170609','Screaton','030299791','2985IM7Bv','vscreatonjn',NULL,708,NULL),('customer',734,NULL,'hguysjo@freewebs.com','Hamnet','0644049398','Guys','900958787','dfeaJmq','hguysjo',NULL,709,NULL),('customer',735,NULL,'ndowryjp@taobao.com','Nial','0682165971','Dowry','664151760','nklowy','ndowryjp',NULL,710,NULL),('customer',736,NULL,'cbeggjq@intel.com','Cris','0688853815','Begg','440718962','R2lmyGkFCG','cbeggjq',NULL,711,NULL),('customer',737,NULL,'aposthilljr@toplist.cz','Addia','0694743043','Posthill','520233548','nL319hXvkgD','aposthilljr',NULL,712,NULL),('customer',738,NULL,'lmerkeljs@comsenz.com','Lyell','0631116596','Merkel','584337163','G1WuPrx','lmerkeljs',NULL,713,NULL),('customer',739,NULL,'cpostiansjt@macromedia.com','Chiquia','0632888372','Postians','395147911','Azq4MCfKdbF','cpostiansjt',NULL,714,NULL),('customer',740,NULL,'mfansyju@so-net.ne.jp','Mariya','0659322387','Fansy','310516689','F3Q8w0ZB9N','mfansyju',NULL,715,NULL),('customer',741,NULL,'dcolljv@digg.com','Drucy','0681739002','Coll','361917468','j21Ehj','dcolljv',NULL,716,NULL),('customer',742,NULL,'vmcvaughjw@jiathis.com','Virgil','0611106434','McVaugh','918799408','YuXAjk','vmcvaughjw',NULL,717,NULL),('customer',743,NULL,'lsilversmidjx@dagondesign.com','Libby','0612488435','Silversmid','426933062','7sdrSg','lsilversmidjx',NULL,718,NULL),('customer',744,NULL,'bcarthewjy@amazon.com','Burke','0600160163','Carthew','054779718','jdEJPYIelFf7','bcarthewjy',NULL,719,NULL),('customer',745,NULL,'htapselljz@newsvine.com','Hart','0695213426','Tapsell','493180725','LEhSakXSsXMm','htapselljz',NULL,720,NULL),('customer',746,NULL,'cmaryink0@sohu.com','Chastity','0679590570','Maryin','657883478','nWq7VX','cmaryink0',NULL,721,NULL),('customer',747,NULL,'lgooderridgek1@un.org','Lawton','0672259466','Gooderridge','192839917','4q64Y7ZiS','lgooderridgek1',NULL,722,NULL),('customer',748,NULL,'qcristeak2@yandex.ru','Quintus','0660976500','Cristea','748179664','IXuUyRpRQ4B','qcristeak2',NULL,723,NULL),('customer',749,NULL,'kdankersleyk3@scribd.com','Kimble','0699278058','Dankersley','374796341','gv6f6p7H','kdankersleyk3',NULL,724,NULL),('customer',750,NULL,'flemmensk4@csmonitor.com','Felicdad','0600191897','Lemmens','899684827','jIdh8wWN','flemmensk4',NULL,725,NULL),('customer',751,NULL,'flambk5@163.com','Farleigh','0666939592','Lamb','501833258','LEwVTn','flambk5',NULL,726,NULL),('customer',752,NULL,'droddank6@biglobe.ne.jp','Davida','0694102943','Roddan','003958215','QuqsyQ','droddank6',NULL,727,NULL),('customer',753,NULL,'wgallehockk7@t.co','Walker','0602136175','Gallehock','786188736','dgSKH64g','wgallehockk7',NULL,728,NULL),('customer',754,NULL,'dgheeraertk8@wiley.com','Durward','0685740023','Gheeraert','373441304','Rmaj8opR6','dgheeraertk8',NULL,729,NULL),('customer',755,NULL,'evinallk9@va.gov','Elysee','0622231611','Vinall','161297931','xQukPONYBk','evinallk9',NULL,730,NULL),('customer',756,NULL,'ggundreyka@blogtalkradio.com','Gerhard','0636544398','Gundrey','187680797','urpiaqN','ggundreyka',NULL,731,NULL),('customer',757,NULL,'umawkb@hexun.com','Urbain','0664285762','Maw','380542960','kryFN5Oo','umawkb',NULL,732,NULL),('customer',758,NULL,'abraysherkc@nifty.com','Amaleta','0678955602','Braysher','635267619','L9zaXYJWgp','abraysherkc',NULL,733,NULL),('customer',759,NULL,'aboytonkd@imgur.com','Ashly','0669118708','Boyton','292716304','L5eXXSyHU','aboytonkd',NULL,734,NULL),('customer',760,NULL,'ntrimbyke@huffingtonpost.com','Nikos','0663758620','Trimby','030073790','sxKs6Pw','ntrimbyke',NULL,735,NULL),('customer',761,NULL,'fwindouskf@ask.com','Fraser','0656553061','Windous','623937029','1AQ1Zzbfi','fwindouskf',NULL,736,NULL),('customer',762,NULL,'asacazekg@timesonline.co.uk','Ahmed','0601144594','Sacaze','321039338','aSINCjziQjE','asacazekg',NULL,737,NULL),('customer',763,NULL,'rdarnellkh@mozilla.com','Rosalinda','0633085632','Darnell','033567606','z8kNxd5XCf','rdarnellkh',NULL,738,NULL),('customer',764,NULL,'lchoakeki@cloudflare.com','Liva','0648421113','Choake','060466988','v3gireo','lchoakeki',NULL,739,NULL),('customer',765,NULL,'rbrimhamkj@posterous.com','Raymund','0626579149','Brimham','846363369','YEDzeP4pN','rbrimhamkj',NULL,740,NULL),('customer',766,NULL,'lcommuccikk@cam.ac.uk','Lisha','0653803509','Commucci','678610409','V8RIH0I','lcommuccikk',NULL,741,NULL),('customer',767,NULL,'rkeldkl@cnet.com','Rutherford','0627238457','Keld','297776509','awcVIoRlf4','rkeldkl',NULL,742,NULL),('customer',768,NULL,'rwetheredkm@soup.io','Rae','0614319279','Wethered','884698859','p7OnUwECUdSf','rwetheredkm',NULL,743,NULL),('customer',769,NULL,'spiersekn@dyndns.org','Sal','0652944540','Pierse','074260743','q0OdwVDH','spiersekn',NULL,744,NULL),('customer',770,NULL,'ihaggidonko@squarespace.com','Indira','0674252426','Haggidon','183640943','3FqPz6BC2kV','ihaggidonko',NULL,745,NULL),('customer',771,NULL,'fbrookeskp@hc360.com','Fidel','0624246421','Brookes','876358247','pqclPr','fbrookeskp',NULL,746,NULL),('customer',772,NULL,'dproomkq@illinois.edu','Dyanne','0654611339','Proom','467537682','tg2m4fgrQ','dproomkq',NULL,747,NULL),('customer',773,NULL,'chassinkr@hc360.com','Carly','0683271526','Hassin','349083820','TqLhD0o5DbL','chassinkr',NULL,748,NULL),('customer',774,NULL,'apitkinsks@deviantart.com','Ashlee','0661549721','Pitkins','566283822','A8xbSQ','apitkinsks',NULL,749,NULL),('customer',775,NULL,'csandcroftkt@cbsnews.com','Carey','0626042047','Sandcroft','588652923','nLak61','csandcroftkt',NULL,750,NULL),('customer',776,NULL,'cemilienku@themeforest.net','Corabella','0670294765','Emilien','088252269','RiSPV5nSS','cemilienku',NULL,751,NULL),('customer',777,NULL,'vduffieldkv@ebay.co.uk','Vidovic','0663833880','Duffield','187866515','EqZrEgg6fF','vduffieldkv',NULL,752,NULL),('customer',778,NULL,'mmatussevichkw@berkeley.edu','Matty','0619435559','Matussevich','227136405','4pjqr9o','mmatussevichkw',NULL,753,NULL),('customer',779,NULL,'jtomaszczykkx@mayoclinic.com','Jud','0680968068','Tomaszczyk','764677906','La0YSR','jtomaszczykkx',NULL,754,NULL),('customer',780,NULL,'hbrugmanky@ehow.com','Hewet','0675154924','Brugman','660523081','aH79E0','hbrugmanky',NULL,755,NULL),('customer',781,NULL,'mcornskz@weebly.com','Michale','0618828044','Corns','858587726','z7tXLIWc','mcornskz',NULL,756,NULL),('customer',782,NULL,'aewensl0@arizona.edu','Archy','0654724163','Ewens','191487830','ZaJbNH3d','aewensl0',NULL,757,NULL),('customer',783,NULL,'ctabourinl1@auda.org.au','Colleen','0683107657','Tabourin','158516190','IdUlBO','ctabourinl1',NULL,758,NULL),('customer',784,NULL,'kbohanl2@ucoz.com','Kary','0613400314','Bohan','653172281','XGzDqutc8Vo','kbohanl2',NULL,759,NULL),('customer',785,NULL,'mdominol3@woothemes.com','Marion','0659357225','Domino','712742243','YTxb4xf','mdominol3',NULL,760,NULL),('customer',786,NULL,'kdurganl4@ehow.com','Kalie','0620152070','Durgan','957642123','tWkZeGIkp','kdurganl4',NULL,761,NULL),('customer',787,NULL,'ewadmorel5@dailymotion.com','Erica','0660444309','Wadmore','839678469','WEYJSED','ewadmorel5',NULL,762,NULL),('customer',788,NULL,'mbulfootl6@springer.com','Madelle','0648028674','Bulfoot','826851692','2olfFn','mbulfootl6',NULL,763,NULL),('customer',789,NULL,'ksimenonl7@mozilla.org','Katlin','0695530502','Simenon','364864492','mGAUpoGR3T','ksimenonl7',NULL,764,NULL),('customer',790,NULL,'dmcwhannell8@opensource.org','Donetta','0623861427','McWhannel','467226130','XLfSlOuH','dmcwhannell8',NULL,765,NULL),('customer',791,NULL,'wmarcosl9@ox.ac.uk','Ward','0656974479','Marcos','016902289','2Jn78g0SnvFP','wmarcosl9',NULL,766,NULL),('customer',792,NULL,'snowakla@cloudflare.com','Stefa','0667331229','Nowak','480360994','eDSI4fhFM79','snowakla',NULL,767,NULL),('customer',793,NULL,'cbiaggiolilb@wsj.com','Christi','0668740636','Biaggioli','299613314','12AKvnW9','cbiaggiolilb',NULL,768,NULL),('customer',794,NULL,'jillinglc@businessweek.com','Jewell','0683745500','Illing','758210288','AhmR62Sx97x','jillinglc',NULL,769,NULL),('customer',795,NULL,'wgibbsld@fotki.com','Webb','0662705389','Gibbs','512209404','CWlSIrpoglA','wgibbsld',NULL,770,NULL),('customer',796,NULL,'hknottonle@bluehost.com','Halsy','0637841859','Knotton','099371092','fygkhM','hknottonle',NULL,771,NULL),('customer',797,NULL,'jwerendelllf@constantcontact.com','Johnette','0646446233','Werendell','363540844','JngMmb','jwerendelllf',NULL,772,NULL),('customer',798,NULL,'rnovaceklg@squarespace.com','Rowney','0655493363','Novacek','045036122','wTapScjC1kR','rnovaceklg',NULL,773,NULL),('customer',799,NULL,'pmcclenanlh@vinaora.com','Powell','0633217775','McClenan','414767583','FX2pUb1Sy3','pmcclenanlh',NULL,774,NULL),('customer',800,NULL,'jdalzellli@prweb.com','Jorry','0638177349','Dalzell','805509162','kxZ8bUZCK','jdalzellli',NULL,775,NULL),('customer',801,NULL,'adibbelj@meetup.com','Anabel','0697513158','Dibbe','107196178','QorLGfkbR','adibbelj',NULL,776,NULL),('customer',802,NULL,'lleclercqlk@auda.org.au','Lyn','0680807076','Le Clercq','064995425','1P9zDf6W8','lleclercqlk',NULL,777,NULL),('customer',803,NULL,'malderseall@netlog.com','Morgen','0664922987','Aldersea','937050112','47Gh1Wqae1','malderseall',NULL,778,NULL),('customer',804,NULL,'skaretlm@myspace.com','Sharleen','0634215757','Karet','052175561','vpZN9pbd0w','skaretlm',NULL,779,NULL),('customer',805,NULL,'cdrinkhallln@photobucket.com','Constance','0647686628','Drinkhall','529948952','0ZiwO2Wk','cdrinkhallln',NULL,780,NULL),('customer',806,NULL,'mblackwelllo@cnet.com','Madeline','0683899921','Blackwell','164215158','FBwyfnTI','mblackwelllo',NULL,781,NULL),('customer',807,NULL,'dtennewelllp@unblog.fr','Donnamarie','0631412453','Tennewell','272685930','1U8xEaf6TouO','dtennewelllp',NULL,782,NULL),('customer',808,NULL,'orosenboimlq@geocities.jp','Opal','0616453414','Rosenboim','653199458','iOfi9qt','orosenboimlq',NULL,783,NULL),('customer',809,NULL,'tliklylr@about.me','Tamar','0666570007','Likly','948673389','Q1JALyGZdMgx','tliklylr',NULL,784,NULL),('customer',810,NULL,'gstollbergerls@vk.com','Gayle','0602476308','Stollberger','033069571','PUvauD7E5O','gstollbergerls',NULL,785,NULL),('customer',811,NULL,'fgadsdenlt@narod.ru','Felita','0649176253','Gadsden','781237864','rVRm4mIAg','fgadsdenlt',NULL,786,NULL),('customer',812,NULL,'esnoadlu@timesonline.co.uk','Elora','0646733368','Snoad','555362853','CYJ3JOezNCYG','esnoadlu',NULL,787,NULL),('customer',813,NULL,'breddecliffelv@google.co.uk','Bobbee','0695604695','Reddecliffe','470044383','5QfUOH','breddecliffelv',NULL,788,NULL),('customer',814,NULL,'gbertenshawlw@chron.com','Garwin','0629690354','Bertenshaw','567673337','eSSaBVC','gbertenshawlw',NULL,789,NULL),('customer',815,NULL,'gjiranlx@google.nl','Goldina','0694896021','Jiran','343531407','O4e8R2tdih0O','gjiranlx',NULL,790,NULL),('customer',816,NULL,'msaddlerly@examiner.com','Millard','0603924189','Saddler','636262751','E1Cvxdq','msaddlerly',NULL,791,NULL),('customer',817,NULL,'slambardlz@altervista.org','Stephan','0645077942','Lambard','049965728','0MLxnNKC9O','slambardlz',NULL,792,NULL),('customer',818,NULL,'jzorenm0@surveymonkey.com','Johnathon','0669086207','Zoren','204474943','1Ibtbdl','jzorenm0',NULL,793,NULL),('customer',819,NULL,'jmaphamm1@china.com.cn','Joanne','0676507311','Mapham','487588035','vXxkkSXlPSw','jmaphamm1',NULL,794,NULL),('customer',820,NULL,'pfardellm2@php.net','Pippy','0687260467','Fardell','777092097','sOzwdy5Hq','pfardellm2',NULL,795,NULL),('customer',821,NULL,'gmummerym3@goodreads.com','Gilbertine','0657866493','Mummery','739318004','EIoQBKFj','gmummerym3',NULL,796,NULL),('customer',822,NULL,'edreelanm4@shareasale.com','Elonore','0672723740','Dreelan','348653318','ID51sHGikn','edreelanm4',NULL,797,NULL),('customer',823,NULL,'lskotcherm5@amazon.co.jp','Linnie','0610627600','Skotcher','811457420','HHobqy','lskotcherm5',NULL,798,NULL),('customer',824,NULL,'jsenchenkom6@slideshare.net','Jolee','0615971418','Senchenko','357146634','SgZa2km2zC','jsenchenkom6',NULL,799,NULL),('customer',825,NULL,'bfalkm7@usa.gov','Beret','0645574133','Falk','918165569','9XMtCeI6Qd','bfalkm7',NULL,800,NULL),('customer',826,NULL,'abuggsm8@dropbox.com','Alyss','0667051094','Buggs','589297262','neHpLjKv9moj','abuggsm8',NULL,801,NULL),('customer',827,NULL,'kdevignem9@archive.org','Killian','0639830622','Devigne','649531396','Isx1cOZ','kdevignem9',NULL,802,NULL),('customer',828,NULL,'kperllmanma@paypal.com','Kelci','0634909220','Perllman','896130157','tddAdTL1xPZ','kperllmanma',NULL,803,NULL),('customer',829,NULL,'lcheckettsmb@mashable.com','Lil','0646555815','Checketts','365377360','Rxe66NwXYlPG','lcheckettsmb',NULL,804,NULL),('customer',830,NULL,'ileggmc@wordpress.org','Ichabod','0615533386','Legg','594165994','QQSWVGcud','ileggmc',NULL,805,NULL),('customer',831,NULL,'ecradocmd@washington.edu','Elroy','0639815957','Cradoc','168539858','8HMxgP','ecradocmd',NULL,806,NULL),('customer',832,NULL,'abradberryme@senate.gov','Andrus','0666421144','Bradberry','560435746','Gx41WoJ8Q7','abradberryme',NULL,807,NULL),('customer',833,NULL,'sbuffmf@elegantthemes.com','Stacy','0610737273','Buff','086445159','0tryVS','sbuffmf',NULL,808,NULL),('customer',834,NULL,'agiannottimg@soundcloud.com','Annnora','0619259194','Giannotti','845923116','GzWhjWgDrOD','agiannottimg',NULL,809,NULL),('customer',835,NULL,'lanwellmh@gravatar.com','Leeann','0609655363','Anwell','431799087','GsW49mF','lanwellmh',NULL,810,NULL),('customer',836,NULL,'bhandscombemi@mayoclinic.com','Belle','0634096463','Handscombe','299401355','CBuzvID72L','bhandscombemi',NULL,811,NULL),('customer',837,NULL,'mrowswellmj@reference.com','Maryanne','0649203572','Rowswell','960218750','UJk6VC4k','mrowswellmj',NULL,812,NULL),('customer',838,NULL,'llaurancemk@simplemachines.org','Lissa','0611873181','Laurance','913808847','NYKEdfb','llaurancemk',NULL,813,NULL),('customer',839,NULL,'amcallasterml@gmpg.org','Ariel','0612235082','McAllaster','313182221','saS6hvEZSQj','amcallasterml',NULL,814,NULL),('customer',840,NULL,'chintzemm@amazonaws.com','Christian','0652208638','Hintze','526563733','RdGcNt','chintzemm',NULL,815,NULL),('customer',841,NULL,'rlammimanmn@businesswire.com','Rennie','0601548613','Lammiman','416533293','yOXI0r5fF5d','rlammimanmn',NULL,816,NULL),('customer',842,NULL,'bmackowlemo@scientificamerican.com','Betta','0679065902','MacKowle','112813684','NjZ72LbgxD','bmackowlemo',NULL,817,NULL),('customer',843,NULL,'mguymermp@purevolume.com','Moshe','0677181924','Guymer','140864781','JAwKhoY','mguymermp',NULL,818,NULL),('customer',844,NULL,'mmcgreadymq@sun.com','Miguela','0621512276','McGready','911218863','hXNK3RGGUAg','mmcgreadymq',NULL,819,NULL),('customer',845,NULL,'sswiffanmr@stanford.edu','Stevie','0647833210','Swiffan','996030932','iZHNEpQkU6n','sswiffanmr',NULL,820,NULL),('customer',846,NULL,'bhabinms@sciencedirect.com','Bernardo','0673801192','Habin','872056906','dy0r1R4kF6WP','bhabinms',NULL,821,NULL),('customer',847,NULL,'wpeascodmt@delicious.com','Walther','0689811537','Peascod','683372177','8oTs8N','wpeascodmt',NULL,822,NULL),('customer',848,NULL,'cedowesmu@cloudflare.com','Colette','0606639029','Edowes','501391459','y09VSsR','cedowesmu',NULL,823,NULL),('customer',849,NULL,'wblachfordmv@addtoany.com','Waring','0668860692','Blachford','785548556','mN7WrST','wblachfordmv',NULL,824,NULL),('customer',850,NULL,'amickelwrightmw@dailymotion.com','Allyce','0630995633','Mickelwright','838069380','IOqLNllPITZB','amickelwrightmw',NULL,825,NULL),('customer',851,NULL,'tuphillmx@ifeng.com','Toby','0676310620','Uphill','216595411','vSpJLK9qHZJP','tuphillmx',NULL,826,NULL),('customer',852,NULL,'cstrutzmy@arizona.edu','Cami','0694867417','Strutz','336047786','4tj7GO8','cstrutzmy',NULL,827,NULL),('customer',853,NULL,'wmckenneymz@eventbrite.com','Waylan','0618570370','McKenney','616323155','31xxqmU3','wmckenneymz',NULL,828,NULL),('customer',854,NULL,'lskulletn0@cafepress.com','Latisha','0614402092','Skullet','085844129','QdCmOO4l6SFC','lskulletn0',NULL,829,NULL),('customer',855,NULL,'ewileyn1@themeforest.net','Elias','0673555263','Wiley','041980274','jolDQw5Flv','ewileyn1',NULL,830,NULL),('customer',856,NULL,'delsmoren2@apache.org','Demetria','0606675496','Elsmore','140449359','JmoSbUPHOK','delsmoren2',NULL,831,NULL),('customer',857,NULL,'lwiltshearn3@boston.com','Leora','0609415204','Wiltshear','115733707','fY868lNRGY9k','lwiltshearn3',NULL,832,NULL),('customer',858,NULL,'sbrydonen4@wikipedia.org','Siana','0650385242','Brydone','770123222','kzFSPM7Pt','sbrydonen4',NULL,833,NULL),('customer',859,NULL,'iduffetn5@huffingtonpost.com','Inez','0602253481','Duffet','922398737','yoH8ol1V39Nd','iduffetn5',NULL,834,NULL),('customer',860,NULL,'amayoraln6@nymag.com','Antonius','0691278899','Mayoral','975542284','GMPhahx','amayoraln6',NULL,835,NULL),('customer',861,NULL,'cdodmann7@archive.org','Connor','0658182692','Dodman','974665884','q5Wk5fl','cdodmann7',NULL,836,NULL),('customer',862,NULL,'rsoren8@de.vu','Rora','0654057935','Sore','620505543','JNssdn','rsoren8',NULL,837,NULL),('customer',863,NULL,'pwallworken9@weebly.com','Parker','0612405669','Wallworke','446802738','ndgD26','pwallworken9',NULL,838,NULL),('customer',864,NULL,'fwinsparna@nytimes.com','Francesco','0624423659','Winspar','576981937','zX7aYE0U','fwinsparna',NULL,839,NULL),('customer',865,NULL,'abalharrynb@canalblog.com','Amabelle','0651832578','Balharry','385303133','55bfZAyp1Mjv','abalharrynb',NULL,840,NULL),('customer',866,NULL,'nbaggsnc@ft.com','Nessie','0639586301','Baggs','441491508','KbmNUhF','nbaggsnc',NULL,841,NULL),('customer',867,NULL,'dvischind@slashdot.org','Dorolisa','0663290234','Vischi','229389368','xuMercZWe','dvischind',NULL,842,NULL),('customer',868,NULL,'kmartinuzzine@elegantthemes.com','Katalin','0611494441','Martinuzzi','945499883','g1HrFiW','kmartinuzzine',NULL,843,NULL),('customer',869,NULL,'tperelnf@shinystat.com','Tiffani','0610077596','Perel','261040040','J26r3GROqx','tperelnf',NULL,844,NULL),('customer',870,NULL,'gsainesng@comcast.net','Georgie','0680148262','Saines','534786863','RcWbv8Nk','gsainesng',NULL,845,NULL),('customer',871,NULL,'alegallonh@reverbnation.com','Audi','0646447244','Le Gallo','195036203','nqlI239d1','alegallonh',NULL,846,NULL),('customer',872,NULL,'wbartropni@reverbnation.com','Wilfred','0693095830','Bartrop','310763459','5ze7YVD','wbartropni',NULL,847,NULL),('customer',873,NULL,'ypaumiernj@clickbank.net','Ynes','0661593299','Paumier','320579160','158qX3ncOQI','ypaumiernj',NULL,848,NULL),('customer',874,NULL,'ehazardnk@usda.gov','Ema','0653141942','Hazard','869833320','uUYnOk01Je0I','ehazardnk',NULL,849,NULL),('customer',875,NULL,'asudrannl@nifty.com','Ase','0682657175','Sudran','266626125','u1ZSu7orC','asudrannl',NULL,850,NULL),('customer',876,NULL,'qradnagenm@illinois.edu','Quinta','0611696095','Radnage','975979091','b3zZGM01kq','qradnagenm',NULL,851,NULL),('customer',877,NULL,'lhenstridgenn@tamu.edu','Lin','0640612252','Henstridge','505331407','BwP7wlRo','lhenstridgenn',NULL,852,NULL),('customer',878,NULL,'dsaveallno@pbs.org','Dimitry','0675827121','Saveall','698978888','u2n2x4xRa4t','dsaveallno',NULL,853,NULL),('customer',879,NULL,'mfullardnp@un.org','Mortie','0688903219','Fullard','512766277','TshLgWesf2D','mfullardnp',NULL,854,NULL),('customer',880,NULL,'eohannennq@economist.com','Emanuele','0642698504','O\'Hannen','031599060','i2ZKav','eohannennq',NULL,855,NULL),('customer',881,NULL,'pbitchenernr@webmd.com','Penn','0697841871','Bitchener','394533046','vEEJbVIGT','pbitchenernr',NULL,856,NULL),('customer',882,NULL,'wbeekmannns@deviantart.com','Willi','0650216047','Beekmann','988284814','eOj0eFxK','wbeekmannns',NULL,857,NULL),('customer',883,NULL,'radolfsonnt@canalblog.com','Rowe','0660375755','Adolfson','391783625','IQY43tbE','radolfsonnt',NULL,858,NULL),('customer',884,NULL,'kdumininu@discovery.com','Kacie','0634135386','Dumini','004776802','mIYRr9k','kdumininu',NULL,859,NULL),('customer',885,NULL,'wolyfatnv@scribd.com','Wallis','0660709147','Olyfat','543818526','E7sBNi9Jek','wolyfatnv',NULL,860,NULL),('customer',886,NULL,'hgrisleynw@businesswire.com','Hazel','0679849638','Grisley','641684445','6O26wt1xaci','hgrisleynw',NULL,861,NULL),('customer',887,NULL,'mkohnekenx@princeton.edu','Magdalen','0669374539','Kohneke','962678296','Tbti48R6','mkohnekenx',NULL,862,NULL),('customer',888,NULL,'bplacidony@springer.com','Briney','0673570881','Placido','126113649','THnlfwYZwEnE','bplacidony',NULL,863,NULL),('customer',889,NULL,'ecramondnz@instagram.com','Evangeline','0635973490','Cramond','743820247','jczyDJc','ecramondnz',NULL,864,NULL),('customer',890,NULL,'blusheyo0@nifty.com','Bruno','0608584159','Lushey','908446505','anXqNXmA','blusheyo0',NULL,865,NULL),('customer',891,NULL,'dkeasto1@vk.com','Dorthea','0650499241','Keast','769316130','NKa4sKLGF','dkeasto1',NULL,866,NULL),('customer',892,NULL,'apeltzero2@alexa.com','Addy','0624735212','Peltzer','986526311','rP2FPjLE','apeltzero2',NULL,867,NULL),('customer',893,NULL,'cmorenoo3@is.gd','Clovis','0626437248','Moreno','732130720','RcaDK2','cmorenoo3',NULL,868,NULL),('customer',894,NULL,'slateso4@ameblo.jp','Sheela','0622217781','Lates','469603600','Biht2Wg','slateso4',NULL,869,NULL),('customer',895,NULL,'gcudmoreo5@imdb.com','Giles','0671847377','Cudmore','661552230','PzsS9IyxbWp','gcudmoreo5',NULL,870,NULL),('customer',896,NULL,'mhodgetso6@hao123.com','Mattheus','0611011688','Hodgets','966474224','Iq8rvKAa','mhodgetso6',NULL,871,NULL),('customer',897,NULL,'mgrisenthwaiteo7@wordpress.org','Michaelina','0615430948','Grisenthwaite','046529704','rwEpntag1fvt','mgrisenthwaiteo7',NULL,872,NULL),('customer',898,NULL,'cfuttyo8@hc360.com','Christina','0699026691','Futty','361551844','HgZRHwE4tG','cfuttyo8',NULL,873,NULL),('customer',899,NULL,'grainfordo9@sakura.ne.jp','Grissel','0609556353','Rainford','820749025','1Ru1AB0fVX','grainfordo9',NULL,874,NULL),('customer',900,NULL,'ddeschleinoa@themeforest.net','Dacia','0623497772','Deschlein','040872667','yjY8UF','ddeschleinoa',NULL,875,NULL),('customer',901,NULL,'mlurnerob@prnewswire.com','Malorie','0641612540','Lurner','490788272','nNERmvZi','mlurnerob',NULL,876,NULL),('customer',902,NULL,'cchazotteoc@blog.com','Collete','0624321992','Chazotte','852474897','41KgJtqxU','cchazotteoc',NULL,877,NULL),('customer',903,NULL,'graffod@cocolog-nifty.com','Garrek','0620381333','Raff','460885381','UDlwKUZicR','graffod',NULL,878,NULL),('customer',904,NULL,'aswaffordoe@yolasite.com','Amity','0624685650','Swafford','795402978','vMdAEvD','aswaffordoe',NULL,879,NULL),('customer',905,NULL,'crenoufof@dell.com','Camile','0674874413','Renouf','032496858','oWEP1nn','crenoufof',NULL,880,NULL),('customer',906,NULL,'fheathwoodog@bloglines.com','Fidelia','0662487082','Heathwood','849623188','U6J2l0EK','fheathwoodog',NULL,881,NULL),('customer',907,NULL,'gremmeroh@miitbeian.gov.cn','Gerladina','0664280794','Remmer','790384935','xzhSHU','gremmeroh',NULL,882,NULL),('customer',908,NULL,'pkerseyoi@bloomberg.com','Pennie','0605791603','Kersey','643714241','k83BKw','pkerseyoi',NULL,883,NULL),('customer',909,NULL,'gstangroomoj@paypal.com','Giraldo','0644061426','Stangroom','826909495','WZyywtWLX6Mu','gstangroomoj',NULL,884,NULL),('customer',910,NULL,'rcoolahanok@prlog.org','Rhett','0621304625','Coolahan','766308285','yO6Btr','rcoolahanok',NULL,885,NULL),('customer',911,NULL,'eesomol@latimes.com','Emelita','0604652942','Esom','421953875','hbMyokl','eesomol',NULL,886,NULL),('customer',912,NULL,'idonom@tripadvisor.com','Ignacio','0632159542','Don','481321745','MzQO4GWULC','idonom',NULL,887,NULL),('customer',913,NULL,'fcovendonon@telegraph.co.uk','Forster','0697547200','Covendon','844352160','Axwdw1eg2J','fcovendonon',NULL,888,NULL),('customer',914,NULL,'btinkleroo@cnet.com','Babara','0691751773','Tinkler','402538463','qVWUmdbZ7cq','btinkleroo',NULL,889,NULL),('customer',915,NULL,'cmilkinsop@techcrunch.com','Clemmy','0605273006','Milkins','929303262','jJNVAl6','cmilkinsop',NULL,890,NULL),('customer',916,NULL,'hnettingoq@blog.com','Heidie','0623336727','Netting','370874643','ciJNCFT99Yf','hnettingoq',NULL,891,NULL),('customer',917,NULL,'yhankinsor@squarespace.com','Yuma','0689928052','Hankins','905634333','UfT9pkEI','yhankinsor',NULL,892,NULL),('customer',918,NULL,'pmaccartanos@house.gov','Paten','0640285204','MacCartan','762627852','2FDM6wTm','pmaccartanos',NULL,893,NULL),('customer',919,NULL,'scapseyot@photobucket.com','Simon','0648430819','Capsey','465647164','vkxezBe','scapseyot',NULL,894,NULL),('customer',920,NULL,'wbirchenheadou@yellowpages.com','Wilek','0648715916','Birchenhead','711247848','mf55vk6','wbirchenheadou',NULL,895,NULL),('customer',921,NULL,'lcamplingov@blogtalkradio.com','Lilith','0645896852','Campling','153785498','AsFUnR','lcamplingov',NULL,896,NULL),('customer',922,NULL,'apackwoodow@clickbank.net','Augustine','0624913247','Packwood','937157669','LO5e6AXfuqd','apackwoodow',NULL,897,NULL),('customer',923,NULL,'hpretorox@opera.com','Heall','0623249200','Pretor','937149848','ik9uKqCs','hpretorox',NULL,898,NULL),('customer',924,NULL,'pmeechoy@newsvine.com','Philippine','0681514832','Meech','964811899','RZYMKFB2','pmeechoy',NULL,899,NULL),('customer',925,NULL,'erabloz@bbb.org','Emmett','0664430010','Rabl','181282750','2JVKi8nh','erabloz',NULL,900,NULL),('customer',926,NULL,'jizzardp0@weibo.com','Jaine','0605929318','Izzard','568333453','HCP9Ou15YJ4','jizzardp0',NULL,901,NULL),('customer',927,NULL,'lflattmanp1@barnesandnoble.com','Lindsey','0681100112','Flattman','325117993','ZNfZmTnHYjKz','lflattmanp1',NULL,902,NULL),('customer',928,NULL,'qdilkep2@sohu.com','Quentin','0684699963','Dilke','364523490','dpFOfRxpk','qdilkep2',NULL,903,NULL),('customer',929,NULL,'bdhillonp3@oracle.com','Bink','0621753750','Dhillon','849489048','EqXagu','bdhillonp3',NULL,904,NULL),('customer',930,NULL,'jvianp4@microsoft.com','Judas','0678050517','Vian','183281747','VCezUXcrMN9','jvianp4',NULL,905,NULL),('customer',931,NULL,'ecavilp5@wikipedia.org','Egor','0696753750','Cavil','205319196','1mxLSxL2','ecavilp5',NULL,906,NULL),('customer',932,NULL,'lfeldbaump6@icio.us','Lucilia','0655094054','Feldbaum','243970250','ytrbuGTO','lfeldbaump6',NULL,907,NULL),('customer',933,NULL,'kknightp7@psu.edu','Kasper','0636350211','Knight','852656100','XgQOui','kknightp7',NULL,908,NULL),('customer',934,NULL,'afriaryp8@a8.net','Ariel','0653428435','Friary','820393379','3g6yYaz7cMgN','afriaryp8',NULL,909,NULL),('customer',935,NULL,'rainsleep9@is.gd','Rafe','0613648574','Ainslee','515487263','t0TVjHgHU','rainsleep9',NULL,910,NULL),('customer',936,NULL,'phartrightpa@hp.com','Pietro','0683937282','Hartright','214868809','rhgTEgsBMom','phartrightpa',NULL,911,NULL),('customer',937,NULL,'fsirmanpb@sitemeter.com','Farlay','0627620089','Sirman','197291819','2d3pWNa7608','fsirmanpb',NULL,912,NULL),('customer',938,NULL,'pstearnpc@berkeley.edu','Pace','0608810443','Stearn','607928350','P5d1fWMAx','pstearnpc',NULL,913,NULL),('customer',939,NULL,'broscriggpd@marketwatch.com','Barrie','0643351039','Roscrigg','122931322','Uj59EPQQpH','broscriggpd',NULL,914,NULL),('customer',940,NULL,'dmcleishpe@slashdot.org','Dell','0682791449','McLeish','927816538','1Ljl9j','dmcleishpe',NULL,915,NULL),('customer',941,NULL,'rproppf@theglobeandmail.com','Rosemary','0625411378','Prop','544912349','OOmHdW686NI','rproppf',NULL,916,NULL),('customer',942,NULL,'etanslypg@vk.com','Ema','0626268354','Tansly','614168338','8H4BqR','etanslypg',NULL,917,NULL),('customer',943,NULL,'chebbleph@tamu.edu','Corby','0616867330','Hebble','132485532','5WMzZpzbafvr','chebbleph',NULL,918,NULL),('customer',944,NULL,'fberlingpi@flickr.com','Finley','0676187918','Berling','884252415','he0Keo','fberlingpi',NULL,919,NULL),('customer',945,NULL,'lmumbypj@bloglines.com','Lindsy','0678765836','Mumby','723179515','S2dOGqc','lmumbypj',NULL,920,NULL),('customer',946,NULL,'sjewesspk@google.it','Star','0638504002','Jewess','479448165','fIeSIebR68','sjewesspk',NULL,921,NULL),('customer',947,NULL,'emillsompl@usa.gov','Ethelind','0664064913','Millsom','491574035','mhRyHFLNd6','emillsompl',NULL,922,NULL),('customer',948,NULL,'lgrimsellpm@elpais.com','Luelle','0693519121','Grimsell','363276389','wp4Xp1','lgrimsellpm',NULL,923,NULL),('customer',949,NULL,'amcminnpn@comcast.net','Annamarie','0603376436','McMinn','177893125','gq7qBg8o','amcminnpn',NULL,924,NULL),('customer',950,NULL,'kelderidgepo@digg.com','Kat','0632399104','Elderidge','494704588','FPvp4s','kelderidgepo',NULL,925,NULL),('customer',951,NULL,'dyegorovpp@telegraph.co.uk','Doug','0603526272','Yegorov','991012615','fZ20dLHyjV','dyegorovpp',NULL,926,NULL),('customer',952,NULL,'fhubbuckepq@webnode.com','Findlay','0649084377','Hubbucke','653595070','B8m1vfSSC','fhubbuckepq',NULL,927,NULL),('customer',953,NULL,'lendspr@yelp.com','Lona','0608592047','Ends','464611523','NyYf2VxYNl','lendspr',NULL,928,NULL),('customer',954,NULL,'mwilkinps@homestead.com','Mindy','0677926692','Wilkin','277424402','Nduwy0WIAFV','mwilkinps',NULL,929,NULL),('customer',955,NULL,'yspencleypt@wunderground.com','Yasmin','0694308582','Spencley','062421920','QJIRIuc5RxX','yspencleypt',NULL,930,NULL),('customer',956,NULL,'oaslettpu@comcast.net','Ora','0656985141','Aslett','641949120','kOFvQhOzIK','oaslettpu',NULL,931,NULL),('customer',957,NULL,'mivicpv@eventbrite.com','Maison','0692760171','Ivic','167608038','l2Sn748Umv','mivicpv',NULL,932,NULL),('customer',958,NULL,'eadanezpw@fastcompany.com','Eveleen','0620121740','Adanez','761815207','quSb4Pam','eadanezpw',NULL,933,NULL),('customer',959,NULL,'mcollatonpx@barnesandnoble.com','Melosa','0634639457','Collaton','234184442','zlHFxhaH0M','mcollatonpx',NULL,934,NULL),('customer',960,NULL,'jwinpennypy@ed.gov','Jakob','0677970361','Winpenny','892262140','eAEYq8Pa','jwinpennypy',NULL,935,NULL),('customer',961,NULL,'mtabourierpz@feedburner.com','Mal','0664297305','Tabourier','626364195','UAd3Iv','mtabourierpz',NULL,936,NULL),('customer',962,NULL,'tboakesq0@scientificamerican.com','Tann','0688455497','Boakes','588303085','f7iofP3m7','tboakesq0',NULL,937,NULL),('customer',963,NULL,'abagotq1@businessinsider.com','Arden','0627633395','Bagot','905358000','hf3T3JOaV','abagotq1',NULL,938,NULL),('customer',964,NULL,'codbyq2@flickr.com','Cordy','0677341031','Odby','986079720','gOPpku2QwZH3','codbyq2',NULL,939,NULL),('customer',965,NULL,'gpannettq3@spotify.com','Geoffry','0607617264','Pannett','713524531','Eq8EeAEuP1Is','gpannettq3',NULL,940,NULL),('customer',966,NULL,'hcurrerq4@jugem.jp','Harland','0632352612','Currer','347618741','fBZIMYF6edR','hcurrerq4',NULL,941,NULL),('customer',967,NULL,'mmaccardleq5@youtube.com','Mignon','0635067294','MacCardle','699931812','RaqLrh9','mmaccardleq5',NULL,942,NULL),('customer',968,NULL,'lmacbeanq6@technorati.com','Lucine','0692079499','MacBean','935998385','x2ythknE','lmacbeanq6',NULL,943,NULL),('customer',969,NULL,'ntriswellq7@boston.com','Nada','0681137421','Triswell','085074989','oPfNrKQ3xQ','ntriswellq7',NULL,944,NULL),('customer',970,NULL,'aburndredq8@thetimes.co.uk','Andros','0648455776','Burndred','994662654','I0nXuMOM','aburndredq8',NULL,945,NULL),('customer',971,NULL,'efrewq9@ca.gov','Elinore','0637497661','Frew','317240036','cLUi0nO4Md','efrewq9',NULL,946,NULL),('customer',972,NULL,'enewqa@bloomberg.com','Emmye','0639890748','New','296286146','u4Bajr51rb66','enewqa',NULL,947,NULL),('customer',973,NULL,'odadswellqb@de.vu','Otha','0677969571','Dadswell','621743896','qWOQUA','odadswellqb',NULL,948,NULL),('customer',974,NULL,'lberlingqc@biblegateway.com','Lukas','0634803286','Berling','809311978','pWR0AJ6h1x','lberlingqc',NULL,949,NULL),('customer',975,NULL,'hsawdyqd@4shared.com','Hazlett','0670882023','Sawdy','449721635','9aWeBYww28','hsawdyqd',NULL,950,NULL),('customer',976,NULL,'mcressinghamqe@craigslist.org','Michal','0695748873','Cressingham','692011045','DgynO207w6','mcressinghamqe',NULL,951,NULL),('customer',977,NULL,'aandragqf@ning.com','Anneliese','0622319319','Andrag','604464332','UDRE1igIzV','aandragqf',NULL,952,NULL),('customer',978,NULL,'saliboneqg@wsj.com','Selma','0651427236','Alibone','609919816','L0K5Pup','saliboneqg',NULL,953,NULL),('customer',979,NULL,'nortegaqh@sphinn.com','Nananne','0644706483','Ortega','705109019','ASVvgze9k7','nortegaqh',NULL,954,NULL),('customer',980,NULL,'bhalegarthqi@pen.io','Bridie','0650199814','Halegarth','450166886','4bvphavWB','bhalegarthqi',NULL,955,NULL),('customer',981,NULL,'gsaxbyqj@1688.com','Garner','0696820673','Saxby','242555080','KxWQzJw3GbCs','gsaxbyqj',NULL,956,NULL),('customer',982,NULL,'gdrieuqk@networksolutions.com','Goraud','0652407757','Drieu','436547918','MFn6e06bVd','gdrieuqk',NULL,957,NULL),('customer',983,NULL,'evigneql@tamu.edu','Erin','0699475482','Vigne','617635702','DoxQ32Je','evigneql',NULL,958,NULL),('customer',984,NULL,'btowsqm@goo.ne.jp','Barbie','0666921703','Tows','500479138','BuAxUrRvW','btowsqm',NULL,959,NULL),('customer',985,NULL,'rmcartqn@slideshare.net','Roseanne','0605537023','McArt','372178341','5VBrs4Oz','rmcartqn',NULL,960,NULL),('customer',986,NULL,'larkleyqo@miibeian.gov.cn','Linn','0667141521','Arkley','084169137','OGfFHFrkD','larkleyqo',NULL,961,NULL),('customer',987,NULL,'gstreteqp@bizjournals.com','Grantham','0670697491','Strete','089974051','vkWMExcXO','gstreteqp',NULL,962,NULL),('customer',988,NULL,'wnollerqq@mtv.com','Waldemar','0637094645','Noller','609813089','ZCsfI2sN4','wnollerqq',NULL,963,NULL),('customer',989,NULL,'mboutwellqr@wikimedia.org','Marsiella','0659256718','Boutwell','621385677','CcGUjz','mboutwellqr',NULL,964,NULL),('customer',990,NULL,'dfreeburyqs@github.com','Dulcea','0664172125','Freebury','830979692','XtrbOduBYd','dfreeburyqs',NULL,965,NULL),('customer',991,NULL,'dmacalesterqt@pinterest.com','Doralia','0696167515','MacAlester','692584368','BUgF689Wkv','dmacalesterqt',NULL,966,NULL),('customer',992,NULL,'jmathersonqu@state.gov','Joelie','0674146617','Matherson','738568945','YsbiQys','jmathersonqu',NULL,967,NULL),('customer',993,NULL,'cmcgarvaqv@toplist.cz','Camilla','0666160743','McGarva','157599782','KcQLjni','cmcgarvaqv',NULL,968,NULL),('customer',994,NULL,'dravilusqw@example.com','Daffy','0602930889','Ravilus','776710884','jaIFOKjTxI','dravilusqw',NULL,969,NULL),('customer',995,NULL,'wcrossanqx@jugem.jp','Waylon','0656359700','Crossan','709659248','wJB9pA8','wcrossanqx',NULL,970,NULL),('customer',996,NULL,'djakawayqy@ox.ac.uk','Deck','0649399234','Jakaway','110433305','W2FYUqqu0Q3','djakawayqy',NULL,971,NULL),('customer',997,NULL,'lyerburyqz@about.com','Lorin','0672982869','Yerbury','141768785','zaEqUPx','lyerburyqz',NULL,972,NULL),('customer',998,NULL,'randrewr0@walmart.com','Roch','0653096724','Andrew','941495646','rYrRqtyVeBc','randrewr0',NULL,973,NULL),('customer',999,NULL,'dinsallr1@altervista.org','Dill','0632507406','Insall','958251755','Snj3fJEuyu','dinsallr1',NULL,974,NULL),('customer',1000,NULL,'ldicher2@microsoft.com','Liva','0641498413','Diche','246820012','R7yEDu9Ny','ldicher2',NULL,975,NULL),('customer',1001,NULL,'mellwellr3@yellowbook.com','Mariette','0699663446','Ellwell','081761211','S4shIw8NRO8','mellwellr3',NULL,976,NULL),('customer',1002,NULL,'kpetrollir4@home.pl','Kleon','0634132697','Petrolli','202791840','HQn8ImFa','kpetrollir4',NULL,977,NULL),('customer',1003,NULL,'watrillr5@nasa.gov','Wendie','0662914411','Atrill','459592753','OTYGAr0j','watrillr5',NULL,978,NULL),('customer',1004,NULL,'ccragellr6@ftc.gov','Clyde','0622504230','Cragell','874181504','tPKAHRaos','ccragellr6',NULL,979,NULL),('customer',1005,NULL,'chagyardr7@eepurl.com','Carlina','0679225143','Hagyard','225068142','sty9T5Sin','chagyardr7',NULL,980,NULL),('customer',1006,NULL,'icammackr8@arstechnica.com','Izzy','0630607745','Cammack','190690994','IsSPE5Hd','icammackr8',NULL,981,NULL),('customer',1007,NULL,'ewhottonr9@networksolutions.com','Erik','0640280490','Whotton','693326463','AxC0k6GiSB','ewhottonr9',NULL,982,NULL),('customer',1008,NULL,'eohearra@tinyurl.com','Eldon','0644592515','O\'Hear','058102247','HThg22','eohearra',NULL,983,NULL),('customer',1009,NULL,'ekernerrb@about.me','Elka','0646189467','Kerner','700596965','2BI6rF','ekernerrb',NULL,984,NULL),('customer',1010,NULL,'rdurrantrc@hc360.com','Rodolfo','0637969867','Durrant','687879223','UkuxPGWeOA','rdurrantrc',NULL,985,NULL),('customer',1011,NULL,'rwhitelawrd@joomla.org','Rolland','0685837679','Whitelaw','652289073','X9VHojOzihv','rwhitelawrd',NULL,986,NULL),('customer',1012,NULL,'omcgenisre@spiegel.de','Opalina','0697992412','McGenis','157057685','82Y61AMIc','omcgenisre',NULL,987,NULL),('customer',1013,NULL,'mcatchersiderf@devhub.com','Mimi','0684122886','Catcherside','214802193','338Kfm80bR','mcatchersiderf',NULL,988,NULL),('customer',1014,NULL,'lswafferrg@japanpost.jp','Latisha','0650074171','Swaffer','201550224','ArqF4HCG','lswafferrg',NULL,989,NULL),('customer',1015,NULL,'hshoremanrh@imdb.com','Haleigh','0693856529','Shoreman','310078028','6YKaM0Y','hshoremanrh',NULL,990,NULL),('customer',1016,NULL,'rmcconnultyri@nymag.com','Rudolph','0655774107','McConnulty','467242901','2zceGPptTxau','rmcconnultyri',NULL,991,NULL),('customer',1017,NULL,'mbockettrj@tinyurl.com','Marsiella','0643311562','Bockett','159827909','ZvVlqXKNFcP','mbockettrj',NULL,992,NULL),('customer',1018,NULL,'lbenyonrk@1und1.de','Lonee','0668457031','Benyon','989092670','BD454Lo6Jwho','lbenyonrk',NULL,993,NULL),('customer',1019,NULL,'mambrogiottirl@eepurl.com','Manny','0690571351','Ambrogiotti','241113900','bjnWQy','mambrogiottirl',NULL,994,NULL),('customer',1020,NULL,'rjerschkerm@huffingtonpost.com','Reeba','0601240382','Jerschke','953641180','lOyfvOEG7qD','rjerschkerm',NULL,995,NULL),('customer',1021,NULL,'lgaudinrn@goo.ne.jp','Lorelei','0666606002','Gaudin','035046353','ij3L0rm','lgaudinrn',NULL,996,NULL),('customer',1022,NULL,'fgadiero@newyorker.com','Fergus','0695147544','Gadie','227560036','T20m9wzRTwOl','fgadiero',NULL,997,NULL),('customer',1023,NULL,'sswainsonrp@narod.ru','Sarajane','0625764281','Swainson','061788851','Asxl2wxE0','sswainsonrp',NULL,998,NULL),('customer',1024,NULL,'vedneyrq@eepurl.com','Vale','0684587927','Edney','374272717','EVPdaW','vedneyrq',NULL,999,NULL),('customer',1025,NULL,'lcarlyonrr@networkadvertising.org','Lulita','0613731562','Carlyon','955103282','ZAtkT1WrDh','lcarlyonrr',NULL,1000,NULL);
/*!40000 ALTER TABLE `user` ENABLE KEYS */;
UNLOCK TABLES;
/*!40103 SET TIME_ZONE=@OLD_TIME_ZONE */;

/*!40101 SET SQL_MODE=@OLD_SQL_MODE */;
/*!40014 SET FOREIGN_KEY_CHECKS=@OLD_FOREIGN_KEY_CHECKS */;
/*!40014 SET UNIQUE_CHECKS=@OLD_UNIQUE_CHECKS */;
/*!40101 SET CHARACTER_SET_CLIENT=@OLD_CHARACTER_SET_CLIENT */;
/*!40101 SET CHARACTER_SET_RESULTS=@OLD_CHARACTER_SET_RESULTS */;
/*!40101 SET COLLATION_CONNECTION=@OLD_COLLATION_CONNECTION */;
/*!40111 SET SQL_NOTES=@OLD_SQL_NOTES */;

-- Dump completed on 2020-05-28 10:07:23
